url,title,published_date
https://togetter.com/li/1079834,『NINJASLAYER』(漫画)その９７　ストレンジャー・ストレンジャー・ザン・フィクション＃３（後編）,2017-02-10T19:51:12+09:00
https://togetter.com/li/1088149,『NINJASLAYER』(漫画)その９８　ストレンジャー・ストレンジャー・ザン・フィクション＃４（前編）,2017-03-07T19:13:42+09:00
https://togetter.com/li/2271461,「こんなひどくなるとは…」ー #糖尿病 の方は傷ができると治りにくく、バイ菌に感染すると制御できず、そこから腐っていく,2023-12-06T22:12:12+09:00
https://togetter.com/li/1024843,【実況】ニンジャスレイヤー殺(キルズ)　ゴー・ストレイト・ワン・ウェイ・ドライブ ＃１,2016-09-16T00:29:20+09:00
https://togetter.com/li/1678496,「ツイフェミのルーツはマルクス主義フェミニズム」らしい件について,2021-03-07T16:39:58+09:00
https://togetter.com/li/763210,胎児分離埋葬事件と山口弥一郎,2014-12-29T02:01:42+09:00
https://togetter.com/li/2447737,最近一部で１コマだけがミーム化している「美緒48歳」、元ネタのマンガ「セルフ・ネグレクト」を読むとよりエグみが増してしまう…,2024-10-10T15:05:10+09:00
https://togetter.com/li/2396634,子供が10歳になるまで色々な国に連れて行ったけど、後で聞くと実はそんなでも無かったみたい→発展途上国の遺跡見せるとか親のエゴ,2024-07-06T12:44:45+09:00
https://togetter.com/li/1586082,ニワカ「暴れん坊将軍はワンパターン！」 暴れん坊将軍ガチ勢「は？？」,2020-09-03T17:21:24+09:00
https://togetter.com/li/2430554,【461話～継続中】本職のお医者さんによる「K2」各話レビュー感想まとめ その6,2024-09-07T11:06:07+09:00
https://togetter.com/li/2431756,今週のハンチョウはコーヒー回。誰にだって何にだってあるものだけど、大槻にもこういう「好きだけど詳しくはない」分野もあるんやね,2024-09-09T13:25:42+09:00
https://togetter.com/li/2416588,合唱を初めて6年、こんなものがあるなんて知らなかった「なんという指示」→ガチで実演するとこうなります,2024-08-11T14:39:25+09:00
https://togetter.com/li/709172,【試さないで】危険シェル芸【違法(脱法)シェル芸を勧められたり、 身近な人が持っていたりしませんか？】,2014-08-21T10:09:56+09:00
https://togetter.com/li/2421282,「我が家も在宅ワーク夫婦なのですごく親近感」24時間一緒にいられるし、イベントごとを自分たちで決めるのもめちゃ共感できる話「在宅ワークもふたりでいれば」,2024-08-20T06:44:16+09:00
https://togetter.com/li/2421910,ブルアカの影響で『いわゆるチャイナドレスの正式名称はチーパオで、中国の伝統的民族衣装という訳でもない』という知識がオタクの間で急速に広まり始めた,2024-08-21T11:41:27+09:00
https://togetter.com/li/2153309,中学受験から撤退する時、親が「私が悪かった」と泣いて話すのは悪手。一生のトラウマになりかねません。,2023-05-24T16:47:09+09:00
https://togetter.com/li/2351922,最大震度6弱の揺れで停電なく安定供給できてるけど誰も褒めてはくれない…→インフラ屋さんを褒める会「いつもありがとう！」,2024-04-18T14:15:28+09:00
https://togetter.com/li/2418807,リュウジ「この人何者なんだろう、俺のカップラーメンをレビューしてる人は何人もいたけどあまりにも詳しすぎる。チャーシューが入ってない理由も当てられた」,2024-08-15T16:10:18+09:00
https://togetter.com/li/2416658,あり得ない量の調理器具が届き途方に暮れてる→これいつ使うの…？っていう調理器具を紹介していくぜ「初手から意味不明でワクワク」,2024-08-11T17:39:25+09:00
https://togetter.com/li/1656955,クッキングパパ1000話無料読書ログ,2021-01-24T14:30:47+09:00
https://togetter.com/li/2411457,「お客さんが来ない」という温泉旅館こそ「おひとりさまプラン」をやってほしい→1人で泊まれない宿が多いのは一昔前のワケありという考え方も大きい？,2024-08-01T16:06:08+09:00
https://togetter.com/li/612024,クッキングパパ初期の荒岩・夢子の不倫っぽい件を検証してみた,2014-01-05T00:48:31+09:00
https://togetter.com/li/1782147,“怒り新党”夏目三久さん引退で解散2時間SP！→『お2人はクズなんだと思う』などの名言や家族写真も「1秒でも長く幸せでいて」,2021-10-01T11:11:57+09:00
https://togetter.com/li/2405901,以前から鎌倉時代の後期を専門にされている研究者による鎌倉幕府草創期に関する所論に違和感を感じていたが、その理由がわかった話,2024-07-22T08:31:36+09:00
https://togetter.com/li/2403888,中国の田舎で見つけたヤバイ炒飯。「天天炒飯」という志の高さを感じる店名の屋台。具材はなんと…赤玉ねぎと、キャベツのみ！→激しく後悔して、期待せずに食べた感想は？,2024-07-18T18:37:05+09:00
https://togetter.com/li/2402903,国宝の天目茶碗が放つ鮮烈な光彩に魅せられた科学者は，半世紀以上にわたる研究の末，光の回折と干渉が織りなす物理的な美しさにたどり着いた。,2024-07-16T19:30:19+09:00
https://togetter.com/li/2402015,職場の優しかった人が、こちらのポンコツぶりを知るにつれどんどん冷たくなり、こちらが仕事を覚えてそこそこ使える人材になってきたらまた優しくなり人間不信になる,2024-07-15T10:08:10+09:00
https://togetter.com/li/2362972,主人公の幼馴染が嫉妬に狂って敵勢力に加入し、持ち前の才覚を活かして主人公を徹底的に追い詰めるも敗北し、最終話で颯爽と去っていく女の話,2024-05-08T08:45:56+09:00
https://togetter.com/li/2395092,ブラックジャックの「無頭児」はトラウマだが尊厳について考えさせられる話…他のトラウマ回の話も,2024-07-03T18:28:06+09:00
https://togetter.com/li/2391856,「みんなの銀行」は、GCPで稼働する「Cloud SQL」を中核に「K8s」でコンテナ化されたアプリケーション群を東西リージョンで両現用化したかなり画期的なシステム構成で面白いけど、尖りすぎてる話,2024-06-28T08:30:10+09:00
https://togetter.com/li/2382937,アイドルが趣味だった友人、結婚後に「妻がいるのにアイドルに金かけるのおかしくない？」と禁止された結果「休日はやることないから朝から酒を飲んでいる」状況らしくてヤバそう,2024-06-13T08:12:46+09:00
https://togetter.com/li/1046694,”家系ラーメンは究極の風邪薬”とテレビで紹介され「確かに治った派」と「きつい派」が分かれるTL,2016-11-09T22:42:00+09:00
https://togetter.com/li/2381187,芸術・アート畑の人達って、けっこう表現規制に賛成しやすいんですよ。この世には良い表現と悪い表現があって、悪い表現なんてものは低俗で下劣なんだし絶滅すればいいと 他AI,2024-06-10T06:35:30+09:00
https://togetter.com/li/2372333,今更『雪国』読んでるんだけど、今のところ死ぬほど文章が上手いラノベとしか思えない、萌え萌えすぎる→「妻子もちが雪国で女の子とイチャイチャする物語」「川端康成は時代を超えた天才」,2024-05-25T10:04:18+09:00
https://togetter.com/li/2360534,アニメーターが勧める、アイレベルやレンズ・画角の感覚が身につく書籍について,2024-05-04T12:28:41+09:00
https://togetter.com/li/2356574,「貧乏は罪で、それに与えられる罰って感じの味だ」トップバリュの冷凍担々麺のレビューがセンスありすぎて逆に食べてみたくなる,2024-04-27T17:59:40+09:00
https://togetter.com/li/2351797,「脳死で」が口癖になっている人が、親が脳死判定された客相手に使ってしまって激怒され、偉い人総出で謝りに行った例がある→スラングをライトに使うリスクの話,2024-04-18T09:01:35+09:00
https://togetter.com/li/2100177,理系が「否定できない」って表現使うと裁判官が全く異なるふうに受け取るのがマジで厄介、って話「これは割とガチ」,2023-03-13T11:46:56+09:00
https://togetter.com/li/1622826,汎用プラグインとしての WASM (WebAssembly) の可能性の模索 with LuaJIT 対決,2020-11-14T14:18:18+09:00
https://togetter.com/li/2346965,ガチ中華でも町中華でもない、昭和の中流階級がたまに行ってたような「クラシック中華料理店」って都内や首都圏に残ってる？→めっちゃ情報が集まる,2024-04-09T22:44:41+09:00
https://togetter.com/li/2144451,思想が強いドラえもん―未来を知るドラえもんに社会科の授業をさせる学習漫画の難しさ,2023-05-12T19:00:04+09:00
https://togetter.com/li/2341944,長く海外生活をしていた氷河期世代と契約書を交わしたら、一行も読まずにハンコを押そうとし、氷河期の嫌な空気感を思い出した話,2024-04-01T11:04:46+09:00
https://togetter.com/li/1564752,和風エロトラップ,2020-07-25T14:49:30+09:00
https://togetter.com/li/1217660,水戸淫紋,2018-04-13T11:30:45+09:00
https://togetter.com/li/2332030,大学院卒の人が人間関係対策に女児向けの本を買ったら目に見えて効果が出た→オススメの最新刊がこちら,2024-03-14T23:27:10+09:00
https://togetter.com/li/1842487,TikTok用語「和室界隈」の意味を知って若さの残酷さを知る話…「画質が荒いと確定演出」「ワードセンスは強い」など,2022-02-08T14:41:54+09:00
https://togetter.com/li/2327729,積読を増やさないようにするため、本を読み終えるまでは本屋に行かないことにしてみた→大問題が発生した,2024-03-07T15:12:01+09:00
https://togetter.com/li/2319274,「やる気のない優秀な人」と「やる気がある凡人」どちらを採用しますか？→その場にいた偉い人たちは即答で「やる気がある凡人」を選んでビビり散らかした話,2024-02-22T21:44:29+09:00
https://togetter.com/li/2319304,父親が死んだときお坊さんに「いくら払えばいいか？」何度聞いても教えてくれないから5万円しか包まなかったら、戒名が一文字だった,2024-02-22T22:42:53+09:00
https://togetter.com/li/2315491,24時間営業でラーメンにご飯と餃子つけたセットが900円だった店、労基法違反で指導が入った結果こうなった「これで良い」,2024-02-16T13:25:51+09:00
https://togetter.com/li/2307293,「”財布役”を瞬時に見極める」「キャストをランク付け」キャバクラの『女性黒服』回で山ちゃんも経験談を語る #ねほりんぱほりん,2024-02-03T11:32:59+09:00
https://togetter.com/li/1633295,命名者が語る「なぜライトノベルという呼称が定着したのか」,2020-12-07T13:47:28+09:00
https://togetter.com/li/2309810,一人暮らしすると料理が出来るようになり、日々の献立を考える力が養われると思ったらそれは間違い「自炊スキルが上がるんじゃなく満足ラインが下がる」,2024-02-07T10:27:00+09:00
https://togetter.com/li/1237645,対魔忍はローン審査が通らない？賃貸が借りられない？対魔忍の労働組合ってどうなってんの？,2018-06-16T03:51:38+09:00
https://togetter.com/li/2304820,ルクセンブルクの人は統計によると1人あたりコーヒーを毎日平均で7～8杯飲んでいるらしい...水の代わりに飲んでいるのか？→そうなってしまう事情があった,2024-01-30T13:43:00+09:00
https://togetter.com/li/954879,課長島耕作の不倫セックスと作中での昭和の大企業の間接部門の描写,2016-03-27T09:31:59+09:00
https://togetter.com/li/2302114,テレビ番組の制作会社からお店に出演依頼が来たときに「断られると思ってもいない」論調で話し敬意が感じられないことがあるという話,2024-01-26T01:47:12+09:00
https://togetter.com/li/2212763,記者に実際に酒を飲ませて飲酒運転がどういう効果があるのか検証した動画がとても良いものなので広まってほしい「ミスしたことにすら気づかないのか…」,2023-08-27T13:06:34+09:00
https://togetter.com/li/2299882,本が読めない人と同様に、動画が見られない人も一定数いるのではないか→該当者の「動画が苦手な理由」が色々集まる,2024-01-22T15:40:56+09:00
https://togetter.com/li/1884111,【炎上対策】企業では”ポリコレ当たり屋は無視しろ”というのが普通になりつつある,2022-05-09T12:56:12+09:00
https://togetter.com/li/2299888,疲れてるのでポイズンで世界各国の赤ちゃんを泣き止ます様を反町隆史本人が見守る動画見て癒されてる→子育て世代の救世主,2024-01-22T15:52:41+09:00
https://togetter.com/li/2297636,すげーーー、リアル・シティーズ：スカイライン？時間が溶ける！東京の交通状況がリアルタイムに見える3Dマップ,2024-01-18T21:39:49+09:00
https://togetter.com/li/2294689,漫画・アニメで自転車が鬼門なのは「二次元キャラのプロポーションは実在の自転車に乗れないから」という話,2024-01-14T12:28:12+09:00
https://togetter.com/li/2244278,Meta Quest 3使用した人のまとめ バーチャルへの扉、プラネタリウム、ピアノの練習、自宅でパーティー...,2023-10-20T10:04:06+09:00
https://togetter.com/li/1049272,本多勝一「日本語の作文技術」に登場する威圧的で妖しい例文たち,2016-11-16T20:52:40+09:00
https://togetter.com/li/2294071,Shota KATO@st_ktu氏による、英文論文執筆時に気を付けるべき、各節の時制の使い分けについての要約,2024-01-13T10:31:12+09:00
https://togetter.com/li/2292380,若手の研究者に気を付けて欲しいのは、大家の先生が書く「冥途の土産本」なぜか晩年急に変なことを言い出したりトンデモ本を出す例がけっこうあるという話,2024-01-10T09:27:25+09:00
https://togetter.com/li/2292517,新成人（20歳）に贈る言葉「肝臓は消耗品。安酒で壊すより高い酒で壊す方がいい」ダメそうな発言だけど自制も効くのでこれはガチ,2024-01-10T15:20:43+09:00
https://togetter.com/li/1955931,「面白いシーン全部原作にない」「穴久保版なろう」「原作要素は主人公の服だけ」全関係者の正気を疑う異世界系コミカライズ「追放されたチート付与魔術師は気ままなセカンドライフを謳歌する。〜俺は武器だけじゃなく、あらゆるものに『強化ポイント』を付与できるし、俺の意思でいつでも効果を解除できるけど、残った人たち大丈夫？〜」,2022-10-09T08:45:19+09:00
https://togetter.com/li/2289179,ボールペンを電子顕微鏡で観察したらその精密さに驚いた「その精度でボールを作ってこの価格で提供できるなんて」,2024-01-05T18:18:20+09:00
https://togetter.com/li/2289301,「生理のこと知っておきたいけどよく分からないんだよなぁ…」って困ってる男性向けの画像です「絶妙に身も蓋もない感じが最高」,2024-01-05T22:14:24+09:00
https://togetter.com/li/433424,日中友好の意外なカギを発見しましたｗｗ（1/12）,2013-01-03T17:23:24+09:00
https://togetter.com/li/2280806,卒論発表会で実際に聞いて現場がピリついたランキング！2位「ここWikipedia写したよね？」を抑えて1位になった衝撃の言葉は,2023-12-23T12:44:07+09:00
https://togetter.com/li/2279287,50～60年代設定の二次創作で「写真」として描かれるものに白フチがついていないのが当たり前になっていて時代を感じた話,2023-12-20T11:23:44+09:00
https://togetter.com/li/1788746,ドラえもんの新聞に頻出する「ジョン氏の涙 きしめん食べる」とは（追記あり：ジョン氏の涙 真相分かる）,2021-10-15T18:42:52+09:00
https://togetter.com/li/2276049,京大生の舐め腐った国家総合職試験合格体験記本当にすき。1日に5回は読み返せる→「これが狂大か…」「官僚にこんなの混じってるのか…」,2023-12-14T17:24:24+09:00
https://togetter.com/li/2276249,大学で民俗学、美術史、美学、歴史…勉強楽しかったんだけど、就活で「我が社にどう役立ちますか？」って質問にショックを受けた,2023-12-14T23:50:45+09:00
https://togetter.com/li/2271891,卒論をアニメやアイドルなど自分の本当の趣味で書こうとしてる人いるけど、大体ぐちゃぐちゃで悲惨な結果になってる,2023-12-07T15:04:00+09:00
https://togetter.com/li/2270028,【89年で正解者はわずか“4人”】まるでパズルのような推理小説“Cain's Jawbone”が話題に→ページの順番はバラバラ、100ページを並び替え犯人と犠牲者を特定しなければならない。2019年にクラウドファンディングで復刻した海外で話題の本,2023-12-04T13:16:24+09:00
https://togetter.com/li/2266089,昔のスキーブームの話を学生にしたら、グッサリくる反応が返ってきた「あの異様な熱気は何だったんだ」,2023-11-27T22:51:18+09:00
https://togetter.com/li/2264767,マジで！？私も超オタクだよ！Wikipediaの「三毛別羆事件」とか「地方病 (日本住血吸虫症)」の記事とか超読むし！→みんなのオススメが集まる,2023-11-25T16:35:26+09:00
https://togetter.com/li/2264212,歌舞伎町のクラブに行った時「なんで雑に作られたトリスの水割りに２万」と不満ばかり募って楽しめなかった話,2023-11-24T16:21:05+09:00
https://togetter.com/li/2264069,J.Koizumi氏による、平方剰余とドミノタイリングを結びつける公式を発見についての、中澤俊彦さんと神尾悠陽さんとの共著論文についての解説,2023-11-24T09:20:48+09:00
https://togetter.com/li/2180600,「開運！なんでも鑑定団」に出てきた妖怪絵巻に妖怪クラスタ大興奮 「串焼きが旨いチョコサイ」「20頭身目玉おやじ」等40種ほど,2023-07-05T14:52:42+09:00
https://togetter.com/li/2248868,藤田和日郎先生が知識のない中で「19世紀イギリス」のマンガを執筆→その資料で「監修者」というプロの仕事の凄さがよく分かる,2023-10-28T20:40:52+09:00
https://togetter.com/li/2142240,西欧の人との食事中『日本人はみんな綺麗に食べるねw』と言われたので文化の違いを説明したら伝わった,2023-05-08T15:00:01+09:00
https://togetter.com/li/1473019,「有名な画像の別パターンの画像」を集めている人現る→「こんなのあったのか」「どうやって探すんや…」,2020-02-24T22:35:23+09:00
https://togetter.com/li/2243004,「老害意見かもしれないけど若い方は飲み会で年上におごってもらったら翌日お礼を言いに行った方がいい、最近の20代は何も言わない」様々な年代からの見解,2023-10-17T22:50:00+09:00
https://togetter.com/li/2240543,一人暮らしをすることで色々な気づきを得られるからした方がいい「洗濯が大変」「埃がやばい」「炊飯器って意外と簡単」,2023-10-13T15:44:32+09:00
https://togetter.com/li/2228824,「…だと思っていて。」という語法をインタビューなどで目にするが、ある種のフレッシュさと甘えを纏った効果を感じる→予想以上に苦手に感じている人が多い様子,2023-09-23T01:11:46+09:00
https://togetter.com/li/2227864,「#水曜日のダウンタウン」キングオブシャッター商店街の衰退理由が行政の浄化作戦でめちゃ深い,2023-09-21T05:13:56+09:00
https://togetter.com/li/2224697,川端康成の著作権が切れ、中国で空前の川端康成ブームが始まってる→どうやら逃げ場のような存在になってる？,2023-09-15T16:19:27+09:00
https://togetter.com/li/2152000,『遠山の金さん』を見ていたらブーメランが出てきたので江戸時代にブーメランがあったのかを調べたらちゃんと資料が残っていた,2023-05-22T18:04:51+09:00
https://togetter.com/li/2220294,男は40を超えると筋トレを始めランニングをしだし自転車に乗りキャンプに行き山に登りスパイスカレーを作り中華鍋を育て蕎麦を打ちだす→全部1人で完結する趣味,2023-09-08T09:40:37+09:00
https://togetter.com/li/2216406,スクワットしてもケツに効いてないと思ったら「崖っぷちにいる敵をケツで突き落とす」という強い意思を持つとよさそう。あとケバブ大事,2023-09-02T09:51:07+09:00
https://togetter.com/li/2216488,少女漫画誌『なかよし』でまさかの麻雀漫画が連載開始「初回から三暗刻を南単騎で上がっていて本格派すぎる」,2023-09-02T12:38:19+09:00
https://togetter.com/li/2215929,【漫画】9年間更新が止まってる個人サイトの管理人さんに感想をお伝えできた話「神がかり的に幸運」→まさかのご本人降臨,2023-09-01T15:01:24+09:00
https://togetter.com/li/1103590,＃CCCトリスタンルートの思い出　まとめ,2017-04-23T13:32:44+09:00
https://togetter.com/li/2214730,最近アメリカに来た日本人に英語の使い方をアドバイスした→その返答で「この子の英語は爆速で伸びる」と思った,2023-08-30T18:18:32+09:00
https://togetter.com/li/2214662,志望動機ウザすぎだろ、お前が募集してたから応募したんだよ「毎回その欄で頭抱える」→採用者側の意見も寄せられる,2023-08-30T15:25:15+09:00
https://togetter.com/li/2213487,おっさんが今どきの学生を描く時の注意点を考えたら様々なエピソードが集まった件,2023-08-28T15:44:32+09:00
https://togetter.com/li/2201826,現代人が中世ファンタジーを想像する時に抜けるのが「糸・織布の価値」で、工業化前は手作業で作り上げたから布自体が高価だった,2023-08-08T23:08:05+09:00
https://togetter.com/li/2202607,予備校の先生に片思いしていた甘酸っぱい思い出話…では終わらない！「都会的でスマートな先生」の正体にびっくり,2023-08-10T14:44:59+09:00
https://togetter.com/li/2198271,生徒同士が勉強教え合ってるときの台詞で、作者や編集者の高校時代の学力水準がなんとなく透けちゃう,2023-08-03T01:26:22+09:00
https://togetter.com/li/1456643,ベテランプログラマの前に立ち塞がるのは「老眼」,2020-01-17T15:27:29+09:00
https://togetter.com/li/2163461,久々に都心に出たら下半身が際どすぎる服を見かけたけど流行ってる？→マジで流行ってるらしい,2023-06-08T21:36:54+09:00
https://togetter.com/li/2186110,【402話～460話】本職のお医者さんによる「K2」各話レビュー感想まとめ その５,2023-07-14T10:31:37+09:00
https://togetter.com/li/2168446,【301～401話】本職のお医者さんによる「K2」各話レビュー感想まとめ その４,2023-06-16T18:21:44+09:00
https://togetter.com/li/2155022,6/1からは無料チケットで！【202話～300話】本職のお医者さんによる「K2」各話レビュー感想まとめ その３,2023-05-27T07:15:10+09:00
https://togetter.com/li/2145213,6/1以降は無料チケットで！【102話～201話】本職のお医者さんによる「K2」各話レビュー感想まとめ その２,2023-05-12T20:37:26+09:00
https://togetter.com/li/1960709,ネットで深夜2～3時まで趣味の話で騒いでいるオタクは、深夜まで起きてても支障がない職に就いているのか？,2022-10-19T13:27:49+09:00
https://togetter.com/li/897127,[偽史]椿井文書に関する発表を聞いたTL上の反応,2015-11-08T00:34:59+09:00
https://togetter.com/li/2186139,カナダで出会った人の9割が違法サイトでアニメを観ていた→海外のアニメと違法サイトの関係の研究が必要,2023-07-14T10:49:40+09:00
https://togetter.com/li/2181060,『水曜日のダウンタウン』で「津軽地方の不正選挙がえげつない説」で津軽選挙をぶった斬り ジャーナリズム精神爆発に神回の声も,2023-07-06T06:45:17+09:00
https://togetter.com/li/2179959,アメリカ映画に於ける「男性の悲鳴」に繰り返し使われている歴史的サンプリング音源の原盤発見ニュース映像のココ、何度観ても噴く,2023-07-04T16:11:54+09:00
https://togetter.com/li/2173615,イラストを依頼するときに「格好いいキャラを描いてください」とかではなく「ゲームのカットインに使います」などと具体的に指示できるのは優れたスキル,2023-06-24T21:17:05+09:00
https://togetter.com/li/2174804,韓国は日本よりも早くさまざまな社会問題が顕在化する？という説「日本を極端に振ったみたいな社会」,2023-06-26T13:48:20+09:00
https://togetter.com/li/1067579,ロード・オブ・ザ・リング「韋駄天」問題の真相「戸田奈津子さんの誤訳じゃないのか…」「お疲れ様でした！」,2017-01-06T06:34:49+09:00
https://togetter.com/li/1999802,ド新規なんですけど、このコナンくんの顔の作画監督わかりますか？→目の付け所が良すぎてガチ勢が「コナン沼へようこそ」と大歓迎,2022-12-12T02:45:07+09:00
https://togetter.com/li/1464574,「同じ日高屋を描いてるのに全く違う」2つの漫画の食事シーンが天と地の差と話題,2020-02-05T07:46:34+09:00
https://togetter.com/li/414410,公式の（……きこえますか…きこえますか…）並べてみたり…,2012-11-28T15:52:31+09:00
https://togetter.com/li/1926653,大雨の鈴鹿サーキット、アヒルちゃんレースが始まり大盛り上がり「決勝のテンションでワロタ」,2022-08-06T15:05:31+09:00
https://togetter.com/li/2155177,米軍人向けの日本語ガイドが日本人には読みにくい→言語の特徴の違いを踏まえた工夫があった「日本語はこう聞こえるのか」,2023-05-27T14:53:49+09:00
https://togetter.com/li/2154394,「先生…私、英語が苦手で長文が読めたことがないんです」という学生にある英語の本を薦める→読むことができて驚いていた話,2023-05-26T06:01:57+09:00
https://togetter.com/li/2149194,ずっと関東民だけど色んな地方都市を訪問してしんどかったのは「夜に単身者の居場所がないな」と感じたこと,2023-05-18T06:52:01+09:00
https://togetter.com/li/1893687,スパイファミリーのコスプレをするためにこんな苦労をして撮影する人達がそろそろ現れそう,2022-05-29T16:20:19+09:00
https://togetter.com/li/2138583,真船一雄先生トークショー＆サイン会(2023/05/03)レポートツイざっくりまとめ,2023-05-03T22:24:43+09:00
https://togetter.com/li/2130652,6/1以降は無料チケットで！【1～101話】本職のお医者さんによる「K2」各話レビュー感想まとめ その１,2023-04-22T13:08:13+09:00
https://togetter.com/li/2135997,オタク文化の転換点？ オタクの右傾化やミソジニー、ネタのベタ化、プロパガンダとしての「萌え絵」の批判的検証,2023-04-30T12:31:14+09:00
https://togetter.com/li/2132752,夜行バスで早朝6時に放り出されたあとみんなどうしてるの？→様々な時間の使い方が集まる,2023-04-25T11:25:17+09:00
https://togetter.com/li/847234,【笑点】代理司会の木久扇師匠が座布団配りまくりの大暴走！ 番組は先生のいない自習クラス状態に,2015-07-14T20:45:49+09:00
https://togetter.com/li/2130716,営業「ここの設計って変えられないんですかとお客さんから」ワイ「国際規格準拠なんで無理っすねー」営業「国際規格って変えられないんですか？」,2023-04-22T16:18:23+09:00
https://togetter.com/li/2132744,稼働を止められない工場のライン中核に存在するWindowsXPでしか動かずメーカー倒産してインストールメディアも紛失したアプリってどうすりゃいいの恐怖,2023-04-25T11:11:53+09:00
https://togetter.com/li/2128474,話題のAIアニメーション、何だか動きに違和感がある→有識者の分析が興味深い「脳の機能として気持ちよく見えるか」,2023-04-18T23:24:24+09:00
https://togetter.com/li/2128373,いろんな飲み物のカフェインを濃度と量でマッピングした結果に「これがこんなに強いの？」「エナジードリンクが意外と雑魚」と驚く皆様,2023-04-18T20:42:51+09:00
https://togetter.com/li/2127239,小学生時代、酒瓶の蓋が鉛筆やシャーペンと交換できる通貨として流通していたが、まさかのハイパーインフレが訪れた,2023-04-17T12:44:42+09:00
https://togetter.com/li/2126331,教科書にまで載った、正倉院校倉の湿度調整機構（壁の通風説）は、江戸時代に提唱された誤った通説だったという話,2023-04-16T11:47:24+09:00
https://togetter.com/li/1315387,星野源さんのドーム公演初日最初のMCでの「ドームですよ、ドーム！」発言に湧き立つP達,2019-02-03T07:00:41+09:00
https://togetter.com/li/1868531,夜ふかし→寝不足→夜ふかし→寝不足→… 負のループを描いた4コマ漫画が話題「このループをやめたい」,2022-04-05T00:39:28+09:00
https://togetter.com/li/2124249,ミサイルが飛んできて、Jアラートから数分で何が出来るの？→逃げ込む場所を決めて防護体制を取ろう「東京核撃」より,2023-04-13T10:57:39+09:00
https://togetter.com/li/2121559,「レコード会社は美人を探す」失業者生産工場と揶揄される音大を出た卒業生を待ち受ける現実が闇深い...,2023-04-09T22:50:34+09:00
https://togetter.com/li/1695901,「プロフェッショナル観てない」庵野監督ら参加のシンエヴァ舞台挨拶で知られざる真実がつぎつぎ飛び出す,2021-04-11T14:41:08+09:00
https://togetter.com/li/2118868,AIにドハマりした友人が「神絵師たちによるYouTubeの解説動画」をむさぼるように視聴しているのを見て思ったこと,2023-04-06T08:48:10+09:00
https://togetter.com/li/2109005,2年以上ニートしてた人間の社会復帰におすすめのバイト教えて→いるだけで時給が発生するものやあえて自分を鍛える系など様々な回答集まる,2023-03-25T01:01:38+09:00
https://togetter.com/li/1502448,自炊をはじめたある氷河期世代男子を見守るまとめ（日々更新中）,2020-05-03T06:38:07+09:00
https://togetter.com/li/1189370,#タモリ倶楽部 風俗ビッグデータ！ 1020人のデリヘル嬢紹介文をテキスト分析ソフトで解析し「当たり」と「ハズレ」の嬢を見極める,2018-01-13T09:19:52+09:00
https://togetter.com/li/2105055,ChatGPTをより有効的に使う為のテンプレートがまるで呪文「検索エンジンでキーワードを捏ねるのと似てる」など,2023-03-19T21:16:45+09:00
https://togetter.com/li/2106312,エンディングノートにメッセージを書き残すよりも戸籍謄本や住民票、銀行口座リストなどがあったほうが100倍役に立つ,2023-03-21T12:26:48+09:00
https://togetter.com/li/2098660,17歳でこの完成度…「ちばてつや賞」初投稿で大賞に輝いた青春マンガ『イメージ・ビデオ』が話題に,2023-03-11T12:46:55+09:00
https://togetter.com/li/2094775,「盗聴や電波攻撃を受けている」と訴えた患者に精神科を受診させた一言がプロのアドバイスすぎる,2023-03-06T00:32:07+09:00
https://togetter.com/li/2096406,アダルト業界で敏腕だったデザイナーが「ゆるやかな死」を迎えたのを見たことがある→クリエイターのインプットの大事さが分かる話,2023-03-08T09:29:16+09:00
https://togetter.com/li/1152069,【誤解だった】古代インド人は蛇と亀とゾウが地球を支えているとは考えていなかった,2017-09-18T16:00:28+09:00
https://togetter.com/li/723680,平沢進氏によるレーザーハープの解説,2014-09-25T19:28:30+09:00
https://togetter.com/li/1781251,研究室訪問は「なんか面白そうだと思ったので来ました！面白い話してください！」みたいなノリで大丈夫です→賛同する人たち,2021-09-29T11:07:22+09:00
https://togetter.com/li/2079662,ストッキング離れ、あんな気を抜いたらすぐ破れる消耗品が数十年も殿様商売やってた方が狂ってるだろ！！こっちは金魚すくいやってんじゃねーんだよ！！,2023-02-15T13:59:53+09:00
https://togetter.com/li/786097,Nスペ「映像の世紀」でクロアチアのプロパガンダとして紹介された映像、実は逆に右傾化やプロパガンダを批判するビデオクリップだった件【デジタル・リマスター版の変更点追記】,2015-02-21T22:14:51+09:00
https://togetter.com/li/2052930,画像生成AIを実際に触ってみた結果、結構大きい副作用があり『手にした魔剣に自由意志をすべて奪われる感覚』を擬似的に体験してしまった,2023-01-19T09:01:35+09:00
https://togetter.com/li/2044776,実際「トラックボール型マウス」って良いの？悪いの？ツイッター民の声をまとめてみた,2023-01-12T19:46:46+09:00
https://togetter.com/li/2027768,ツイートオブザイヤー2022,2022-12-31T04:26:17+09:00
https://togetter.com/li/1979076,最大で6階までの常微分方程式を解くことができる自作アナログコンピュータを作成しました「アナログコンピュータの存在を初めて知った」,2022-11-27T22:14:31+09:00
https://togetter.com/li/1982642,AbemaのW杯配信、ヤマトだけでなく佐川と西濃と日本郵便も呼んだ、みたいな増強で臨んでいて別の熱い戦いが繰り広げられていた,2022-12-06T01:44:59+09:00
https://togetter.com/li/1976393,小説を書く時、頭の中で場面を映像として見るか静止画として見るかという話をしてたら自分の文章の弱点が発覚した,2022-11-21T18:58:55+09:00
https://togetter.com/li/1973715,理系向けの教養科目で法学を担当すると文系の学生からあまり出てこない「機械的に当てはめが可能な形でルールを書き切れないか」という質問が出てくる,2022-11-15T21:45:08+09:00
https://togetter.com/li/1967918,「バダブーン姫のふしぎな物語」と、その原書の発見まで,2022-11-04T00:23:29+09:00
https://togetter.com/li/1962256,『うる星やつら』の新アニメは登場人物の「内面」がない物語をこのご時世に出すから凄いし癒される,2022-10-22T22:46:35+09:00
https://togetter.com/li/969782,【童貞の機関車】昭和6年の本の広告、凄まじすぎる文面に一同ア然「中身想像すらできない」気になりすぎて調べる人々※続報あり,2016-05-02T03:07:11+09:00
https://togetter.com/li/1960433,人文・社会系知識人が社会に向き合うということ･･･なぜ信用されないか,2022-10-18T20:58:14+09:00
https://togetter.com/li/1952439,女性の生理事情や性欲についてわかりやすくまとめてくれている「桜田の××レポ」というマンガが面白かった,2022-10-01T20:11:52+09:00
https://togetter.com/li/1942784,小説の添削をしてると作者は若いのに主人公の考え方がおじいさんのような作品が多くて謎だったがKindle Unlimitedで古典ばかり読んでいる影響があるかもしれない,2022-09-10T15:59:06+09:00
https://togetter.com/li/1942766,「最近、入門書より上のレベルの良書は頭の悪い人が★1レビューを付けていることが多い」という方がそう考察した理由が面白かった「どのレビューにも言える」,2022-09-10T15:26:39+09:00
https://togetter.com/li/1939905,数学屋さんとCS屋さんで問題意識とする点が異なるため、片方の問題意識がもう片方に上手く伝わらないという例,2022-09-04T13:03:39+09:00
https://togetter.com/li/1932251,商業モデルを公開してくれる凄い時代！！色んなモデルを比較考察するときに意識した方が良いのは何か！？のまとめ #3DCG #Modeling #Maya #Blender #b3d,2022-08-18T12:12:48+09:00
https://togetter.com/li/1916083,テレ東の『世界ナゼそこに？日本人』には統一教会の合同結婚式でで嫁いだ人も多数出演。行く国は選べず、日本へ帰ることは許されない,2022-07-15T01:28:52+09:00
https://togetter.com/li/1927657,権利者に二次創作の許諾願いをすると逆効果になったりするよ,2022-08-08T13:44:46+09:00
https://togetter.com/li/1927769,海外のAI系のdiscordで「レオナルドダヴィンチの肖像画を作ろうとするとアニメスタイルの女の子が出てくるんだけど」と困っているのを見て吹いてしまった,2022-08-08T19:28:29+09:00
https://togetter.com/li/770836,“副音声”が大好評！『ルパン三世 カリオストロの城』実況まとめ【金曜ロードSHOW！】,2015-01-17T00:14:13+09:00
https://togetter.com/li/1920289,「いちばんやさしいWeb3の教本」のひどさが話題ですが、他のWeb3本を見てみたらだいたい同じレベルで、イケダハヤトのWeb3本は「いちばんやさしいWeb3の教本」よりひどかったらしい,2022-07-23T19:11:23+09:00
https://togetter.com/li/1917253,「絵が好きで職業にしたい」という小5の質問に対する千住博さんの回答が真摯で優しいものだった「あらゆる職業に通じる話だと思った」などの感想も,2022-07-17T12:55:58+09:00
https://togetter.com/li/1913416,AIへの命令構文を研究した結果、ハイファンタジー系のモンスター設定画を安定生成できるようになった【7/16更新】,2022-07-09T11:43:26+09:00
https://togetter.com/li/1912462,"「寝坊したから""ご予約席""って札置いて座席確保しといて」と友達に頼む→札を持ってるはずがないのに本当に置いてあった",2022-07-07T14:03:17+09:00
https://togetter.com/li/1910884,人多い時間帯なのに誰もいない…汐留駅の乗り換え通路が異様で不気味な空間になってる件「ゾクゾクする」,2022-07-04T01:27:53+09:00
https://togetter.com/li/1910446,ガチのBASTARD!オタク、ネトフリの乳袋表現が気に入らず12時間にわたってBASRTARD！について語り続ける,2022-07-03T09:17:26+09:00
https://togetter.com/li/1909890,飼い主が孤独死してしまった猫のマンガ「家猫ぶんちゃんの一年」が名作すぎるので読んでほしい,2022-07-02T10:07:12+09:00
https://togetter.com/li/1908823,最近の若者の中では「！」が敬語表現？絵文字の代わりに使っている説も,2022-06-29T19:57:00+09:00
https://togetter.com/li/1908624,令和ちゃん『はわわ……間違えて梅雨明けさせちゃった……』→みんな「ネタ化しないと受け止めきれない」のでは,2022-06-29T10:44:37+09:00
https://togetter.com/li/1907660,Z世代が消費者としてしょぼすぎるのは、戦後の生活文化を終わらせる出来事なのではないか,2022-06-27T12:18:59+09:00
https://togetter.com/li/1907210,山岡士郎と海原雄山が庶民過ぎる食べ方を競う『卑しんぼ』,2022-06-26T11:11:00+09:00
https://togetter.com/li/1905379,昼行灯に見えて要所要所で真理をついたことを言うオッサンキャラに憧れるのは大人の中2病で、人生を破壊することもありうる,2022-06-22T09:56:46+09:00
https://togetter.com/li/1906192,多田基生先生のマンガ「できない私がおかしいの？」でパートナーとの性行為NG問題を巡り激論,2022-06-24T06:05:46+09:00
https://togetter.com/li/1903911,学生の「単純な作業指示を守れる率」が偏差値と相関している？大学教授の体感に「わかる気がする」,2022-06-19T12:00:16+09:00
https://togetter.com/li/1901917,ババア「やめろー！その祠を壊しちゃいかーん！」祟り的な意味じゃなくて壊すと不味いパターンが田舎ではあるある,2022-06-15T10:46:06+09:00
https://togetter.com/li/1635231,ITエンジニアは何か頼むと「めんどくせーな」と言い出す方が信頼できます。「頑張ります！」と言う奴ほどバックれます,2020-12-12T05:31:13+09:00
https://togetter.com/li/1899761,『うちの子はコツコツ作業が得意なのでプログラミング向いてるかも』これは真逆では？という話,2022-06-11T13:59:08+09:00
https://togetter.com/li/1899391,部下のマネジメントに関する本を最近よく読んでいるんだけど、「会社員は仕事のやる気がある」ことを前提に書かれていて役に立たないケースが多いんだよね→「ただし空気抵抗は考えないものとすると同じ」,2022-06-10T18:34:26+09:00
https://togetter.com/li/1896888,はじめは信じがたかったが「国語ができない子」の一部に問題用紙の真ん中から放射状に読む子がいる「読み方の問題？」「自分もそうなる」,2022-06-05T20:02:33+09:00
https://togetter.com/li/1897784,最近何かと話題の「サロメ」、もともとは「オタクの二次創作」みたいな感じで深められたキャラだったらしいって話,2022-06-07T13:21:30+09:00
https://togetter.com/li/1897309,国際的な場で『当然知ってるよね？』ってシェイクスピアが引用されがちなので、源氏物語や枕草子で対抗したい「漢文もやったれ」,2022-06-06T13:34:23+09:00
https://togetter.com/li/1707784,ウマ娘の二次創作ガイドラインと敢えてそれに立ち向かう海外勢 The Uma-Musume fanart guideline and westerners intentionally ignoring it.,2021-05-02T00:08:45+09:00
https://togetter.com/li/1894059,「ここにあるJavaScript、全部TypeScriptにして」案件が勃発したのですがどうすればいいですか？,2022-05-30T11:29:56+09:00
https://togetter.com/li/1892216,「日本は均質な市場で言語による参入障壁も高い。美味しすぎる。」という言葉に日本企業が国内に閉じがちな理由が詰まっていた,2022-05-26T10:39:16+09:00
https://togetter.com/li/1890475,1千万人の将棋指しの中でたまに藤井聡太が発生するけれど、最初から藤井聡太だけに将棋を教えることはできない「裾野を広げることが大切」,2022-05-22T15:28:39+09:00
https://togetter.com/li/1890166,美大の彫刻科出身者「昔は彫刻科に入るなんて実家が太いか変わり者と言われてたけど3Dモデリング需要で引っ張りだこで時代の流れって分からんと思った」,2022-05-21T22:52:01+09:00
https://togetter.com/li/1889513,"""shout out to"" および ""go off"" が生んだコミュニケーションの齟齬",2022-05-20T14:42:02+09:00
https://togetter.com/li/1889616,ドラえもんとコロ助の比較から見るロボットキャラの「ロボット」としての自覚や周囲の反応について,2022-05-20T19:20:57+09:00
https://togetter.com/li/1653281,先入観でロシア人に『ウォッカをたくさん飲むんでしょ？』と言うと失礼になることがある→他の国でも同様の傾向があった,2021-01-16T17:57:40+09:00
https://togetter.com/li/1883380,未経験から100話でキラキラWEBデザイナーを諦めるかけだしちゃん完結「最初からずっと不穏だ…」,2022-05-07T23:15:14+09:00
https://togetter.com/li/1884182,本棚を見た学生から「先生、これ全部読んだんですか？」と聞かれるが案外重要な問いだと思うのでこう答えている,2022-05-09T16:53:52+09:00
https://togetter.com/li/1611354,「BOØWY＝ヤンキー文化」？あらゆる世代、地域の方々によるBOØWY体験談,2020-10-21T23:15:07+09:00
https://togetter.com/li/1876830,晩年の藤子F先生が語るエコロジー論と『ドラえもん地球救出大作戦』,2022-04-23T19:11:40+09:00
https://togetter.com/li/20163,本(数学書)の読み方,2010-05-11T08:23:05+09:00
https://togetter.com/li/1873625,コレクターも作者本人もわからない謎の本『ドラえもんのおもしろ統計Book』を図書館から借りてきた,2022-04-16T20:11:29+09:00
https://togetter.com/li/1562458,「学生が自分で卒論のテーマ決める」は人によっては驚く話？文系と理系ではラボ文化が驚くほどに違うという話,2020-07-20T21:53:48+09:00
https://togetter.com/li/1873670,メスの文鳥は発情期になると人に恋をするので、頭や背中をなでたりすると卵を産みます「ほらあなたの子よ❤」「認知してよ！」,2022-04-16T21:54:09+09:00
https://togetter.com/li/1870285,欧米人に「なぜ日本人は英語を話せないの？」と聞かれたら「欧米人がラテン語を学ぶようなもん」と言うと納得してくれる,2022-04-09T05:54:59+09:00
https://togetter.com/li/1869300,「性的搾取、性的消費、性的客体化、性的モノ化、性的対象化」という言葉の『誤用』について,2022-04-06T21:55:18+09:00
https://togetter.com/li/1869111,19歳の時、お金がなくて普通の求人サイトで見つけた時給1800円のBARバイトの面接に行ったら風俗の勧誘だった話,2022-04-06T13:00:28+09:00
https://togetter.com/li/1869089,論文「ロシアにおける遵法精神の欠如」が強烈な内容だと話題に,2022-04-06T11:44:14+09:00
https://togetter.com/li/1866255,"新卒さんがノートを取れない、と聞いて→てっきり""あるある""的な話かと思ったら、もうちょい深刻な話だった",2022-03-31T20:27:47+09:00
https://togetter.com/li/1844404,大人の発達障害、カミングアウト。ADHDのカバン。「こんなバカみたいなことで必死になっているのをーただ…わかってほしかった」,2022-02-12T19:12:06+09:00
https://togetter.com/li/1866853,ベンチャーにありがちな「始業ゆっくりめ」「新卒から高い基本給」などが子どもが生まれた瞬間全部デメリットになった,2022-04-01T23:17:19+09:00
https://togetter.com/li/1865871,アメリカ人の言う「I like Sushi」はカッコつけるために言ってることがあるので差し入れする時は注意して,2022-03-30T23:02:40+09:00
https://togetter.com/li/1768336,15年くらい学生にPCを教える授業に関わっている人の「家にPCがない学生が年々増えている」という話,2021-09-02T09:57:47+09:00
https://togetter.com/li/1044926,社会科学的意識高い系マウンティング合戦,2016-11-05T11:28:21+09:00
https://togetter.com/li/1864316,オタクはすぐに軍師とかプロデューサーになりたがるけど、人心掌握とか根回しとか一番必要になってくるポジションなので無理です。,2022-03-27T10:46:50+09:00
https://togetter.com/li/476197,「ソフトウェア工学は失敗している」のか？,2013-03-23T16:32:52+09:00
https://togetter.com/li/1862878,エラーメッセージ、世の中には『赤い文字だから怖くて読まない』という人もいるので想像を超えてくる「目に付きやすいように赤字にしてるのに…」,2022-03-24T01:14:21+09:00
https://togetter.com/li/1781797,【タワマン文学】「勝ち組の仲間入りしたはずなのに…」深刻な顔をした妻から言われたこととは？,2021-09-30T18:26:51+09:00
https://togetter.com/li/1782263,自分の夢を否定されたとき『怒り新党』に救われたという思い出話「この放送回覚えてる」,2021-10-01T17:40:52+09:00
https://togetter.com/li/1858642,洋介犬先生の「漫画と気絶」ツイートにガチで人間が気絶するシチュ案ぞくぞく。「スタンガンで人は気絶しない」に驚く声も,2022-03-14T17:45:40+09:00
https://togetter.com/li/1858449,料理のプロに教わった一週間分の食材の買い方『肉と魚を7パック、あとは適当に野菜と卵と豆腐と豆と加工肉とシラスを買えば組み合わせで何とでもなる』,2022-03-14T08:27:14+09:00
https://togetter.com/li/1858445,陰謀論はマーケティング方法も確立されつつある→高齢男性は政治的なテーマでyoutube、専業主婦はスピ系でインスタなど手口の解説が興味深い,2022-03-14T08:09:38+09:00
https://togetter.com/li/1206538,#新入生に勧める数学書2018 まとめ,2018-03-08T18:36:55+09:00
https://togetter.com/li/1199161,【R-18】ぐだ子の自縛オナニーを目撃してしまう話,2018-02-14T01:38:38+09:00
https://togetter.com/li/1849384,飲み屋でたまたま意気投合して夜通し飲んでた相手が、1週間前に死んでいた話「怖さより泣きそうになってしまった」,2022-02-22T21:06:24+09:00
https://togetter.com/li/194096,論文を書くための情報管理方法まとめ　【 @takakotanaka 】,2011-09-29T12:14:17+09:00
https://togetter.com/li/1822315,デザイナーさんが選ぶ好きなフォントランキングがこれ「わかるオブわかる」皆さんの好きなフォントもいろいろ挙がって楽しい,2021-12-28T10:13:53+09:00
https://togetter.com/li/1200364,台湾で1992年まで出版されていた模倣版ドラえもん（青文ドラ）の研究,2018-02-17T14:41:41+09:00
https://togetter.com/li/1843343,オモコロ記事『今日くらいは「車の運転ができない！」って話をさせてもらえませんか？』に車や免許を持ちたくない人の反応が集まる,2022-02-10T12:04:20+09:00
https://togetter.com/li/1844427,"思ってたんと違う方向で視聴者戦慄…SNS特定スキルで意中の彼を射止めた""特定""が得意な人 #ねほりんぱほりん",2022-02-12T20:15:05+09:00
https://togetter.com/li/1839737,ラーメン発見伝読書感想ログ 〜「如何に美味しんぼの発展的後継者であるか」を添えて 〜,2022-02-02T22:40:01+09:00
https://togetter.com/li/1838665,博士課程の院生（留学生）が「研究に社会的意義を求められることの息苦しさ」を日本語で一生懸命説明していた話,2022-01-31T16:35:52+09:00
https://togetter.com/li/1836350,【追記あり】靴下屋さん「繊維やタイツ・靴下などの舞台設定のつじつま合わせが天才的なのは『ファイブスター物語』」と突然の布教,2022-01-26T17:59:05+09:00
https://togetter.com/li/1808592,"実在児童の被害よりも「自分の不快感」の解消を優先したくて、「児童虐待記録物」の取り締まりをしたがらない方々は非常に多い。そう言った人たちの意見が通ってしまって出来上がったのが「""児童ポルノ""規制法」です。絵に対して児童ポルノという語を使う責任は余りに重い",2021-11-28T04:09:15+09:00
https://togetter.com/li/1834354,「ぐるぐる巻きのネコにおかゆを与える様子」を描いた絵画はたくさんあるけど、どういう意味があるのか？,2022-01-22T14:03:36+09:00
https://togetter.com/li/1833332,最近の『なんかいい感じの邦画』はこういう字体のタイトル表記が多い？→“サブカルのチョロい化”なのでは？→様々な意見が集まる,2022-01-20T10:13:55+09:00
https://togetter.com/li/1831085,"""言われたことしかやらないのはダメ""という日本の考え方は独特→海外委託で衝突する原因やマネジメントの機能の話へ",2022-01-15T15:55:05+09:00
https://togetter.com/li/1831995,「bit全巻電子化記念に付きLISP記事全部読む」,2022-01-17T12:08:09+09:00
https://togetter.com/li/1829409,水木しげるの描いた妖怪の話を奄美大島でしたら「実在した人物の言い伝えだ。水木が絵にしていたなんて・・・」と驚かれた,2022-01-11T16:42:56+09:00
https://togetter.com/li/1828007,テレビ業界はいい加減「テレビに出られるから良いだろう」精神で無償で取材をしようとするのを辞めるべきという話,2022-01-08T22:29:46+09:00
https://togetter.com/li/1808232,最近の漫画でよくある「ポップに描かれたヤクザ」について,2021-11-27T13:50:41+09:00
https://togetter.com/li/1802541,米国大で「米国で成果主義を普及させるには」というお題に同級生が皆頭を抱えていた→ 「成果主義の国」という固定観念の日本人として大混乱した経験,2021-11-14T10:12:57+09:00
https://togetter.com/li/1802705,東大では勉強が出来るから、という理由で発達障害が顕在化せず、社会に出てから不適応を起こす人が多いので理解促進の対応が行われている,2021-11-14T18:04:10+09:00
https://togetter.com/li/882829,グレブナー基底のちゃんとした定義,2015-10-05T18:43:14+09:00
https://togetter.com/li/876669,グレブナー基底の定義,2015-09-21T22:17:11+09:00
https://togetter.com/li/1794808,娘「学校でSDGsを勉強してるが、あれ考えた人はあんなの絶対達成できないって分かって言ってると思う」私「....え？」,2021-10-28T22:34:53+09:00
https://togetter.com/li/1791287,【衆院選】20の質問に答えるだけで自分の考えに近い政党がわかる『投票マッチング』が分かりやすくて面白かった,2021-10-21T06:52:08+09:00
https://togetter.com/li/1790322,『天然キノコはかならず塩水に浸けなさい』という山育ちのおふくろの教え「衝撃映像レベルで出てくる」,2021-10-19T00:19:30+09:00
https://togetter.com/li/1290520,【ぬいぐるみペニスショック】女性は恋愛感情なしに仲の良かった男性から突然告白をされると、まるでぬいぐるみから唐突にペニスが生えてきたような気持ちになる,2018-11-21T10:34:28+09:00
https://togetter.com/li/1786860,セーラームーンが世界中でヒットしたのは「女子の素直な欲望を、性的な部分も含めて肯定した」から？,2021-10-11T10:26:00+09:00
https://togetter.com/li/1741254,最近あの人のツイート見かけないな→「関わりが少ない人は表示優先度が下がり、最終的に一切TLに表示されなくなる」らしい,2021-07-06T15:31:37+09:00
https://togetter.com/li/1783523,コーポレート系マネージャー一斉離職という鉱山のカナリアと「そしてだれもいなくなった」～ガバナンス不在による末期症状～,2021-10-04T09:18:07+09:00
https://togetter.com/li/1782724,【漫画】過去の恥ずかしい記憶を急に思い出したとき、思わず声を出してしまう「自分だけじゃなくて安心した」「みんな色々抱えて生きてるんだな…」,2021-10-02T18:12:04+09:00
https://togetter.com/li/1780982,椎名誠が書くような「昭和軽薄体」の文体は件のおじさん構文とは違うので「椎名誠に謝れ」という話,2021-09-28T20:13:42+09:00
https://togetter.com/li/1778557,「2年目になって泣きながら勉強してる」プログラミングに興味を持つのはいいが、これらの知識を先に入れておかないと入社したときに結構病む,2021-09-23T16:25:46+09:00
https://togetter.com/li/1774382,一人熱海D論合宿まとめ,2021-09-14T14:31:06+09:00
https://togetter.com/li/1772732,海外勤務経験者「日本国籍で日本で育った子どもが日本以外で生きるのはほぼ無理」「子どもが海外でも生きていける力を」と考える親に伝えたい,2021-09-11T11:44:21+09:00
https://togetter.com/li/1770637,「遺伝的アルゴリズムでエッチな画像を作ろう！」突然のサービス終了 最終画像を見た瞬間に全てを察する,2021-09-06T21:01:38+09:00
https://togetter.com/li/1770134,蜘蛛の糸事故の真実と真相,2021-09-05T21:49:04+09:00
https://togetter.com/li/1765076,ネットに上げた物は永遠に消えずに残ると言われていたが全然そんなことはなかった「愛読していたサイトの文章はもう読むことが出来ない」,2021-08-26T01:13:54+09:00
https://togetter.com/li/1322020,鬼畜系サブカルを総括する① 日本悪趣味文化史編,2019-02-23T12:40:00+09:00
https://togetter.com/li/1204579,『キリストは十字架での死後、一度地獄に降りて自分以前の死者を救済した』…という異伝から始まる、地獄での特別救済のお話,2018-03-02T17:26:53+09:00
https://togetter.com/li/1145066,「再評価のオーバーラン」問題～田沼意次、徳川綱吉、松平定信、日野富子、徳川秀忠などを例に,2017-08-29T02:35:21+09:00
https://togetter.com/li/1758424,某大企業『良い技術者が採用できない』 → 人事担当が超優秀な人材をコミュ力が低いという理由で落としまくってた,2021-08-12T08:10:53+09:00
https://togetter.com/li/1761340,仕事が早い人は「頭の回転が3倍」や「手の速さが2倍」ではなく「意思決定がめちゃくちゃ早い」説,2021-08-17T21:55:07+09:00
https://togetter.com/li/1651304,「日本人の5割くらいは5行以上の長文読んで意味を取ることができない」まじか・・・,2021-01-12T05:57:41+09:00
https://togetter.com/li/1753571,ﾘﾛ氏『一度だけ“川と河原の石の並び方”で場所を特定された事がある』特定班にはもはや特殊部隊の才能があるのかもしれない、と恐ろしくなる話,2021-08-02T09:04:10+09:00
https://togetter.com/li/1706742,フリート職人sth_salty氏のフリートまとめ,2021-04-29T23:25:40+09:00
https://togetter.com/li/1751517,プラモ転売問題に対して経済学者が考える「均衡価格で販売すれば良い」に違和感を覚えてしまうのは何故？→大阪大学准教授の分析が興味深い,2021-07-29T14:33:29+09:00
https://togetter.com/li/1751650,ミニ四駆ブーム時、近所の模型屋に人気商品を買い占める大人が来るように→店が実施した「本当に欲しい人が買える対策」が素敵,2021-07-29T21:31:19+09:00
https://togetter.com/li/1745136,オタクの婚活支援で「オタク趣味の合間に人生をしている人」と「人生の合間にオタク趣味をしてるひと」が一緒になるのは無理だと分かった,2021-07-15T09:14:11+09:00
https://togetter.com/li/1678677,伊丹十三「日本の役者は貧乏人の役はうまいが金持ちの役が下手」これは漫画家にも言えることかも？,2021-03-07T22:14:55+09:00
https://togetter.com/li/1743796,「空白の14年」を紐解く鍵が…！『シン・エヴァンゲリオン劇場版』フィナーレ舞台挨拶、登壇した庵野監督・キャスト陣の発言まとめ,2021-07-12T06:51:30+09:00
https://togetter.com/li/1740542,SNSは極端な意見を持つ人ほど発信のモチベーションが高く投稿頻度も多くなるが、中庸な意見を持つ人は発信頻度が低い傾向にあるという話,2021-07-04T23:34:44+09:00
https://togetter.com/li/1740162,アメリカでは絶対やらない方が良い行動色々「アメリカとの文化の違いを今更ながらに知った」「日本人観光客の中で特に旅慣れしてない人に多い」,2021-07-04T09:44:23+09:00
https://togetter.com/li/1737926,オタクは世間が思っているより風呂には入ってるんですよね。ではなんであんなに臭いのか,2021-06-29T20:51:18+09:00
https://togetter.com/li/1305975,Togetterをスクレイピングして軽く分析してみた,2019-01-06T12:02:53+09:00
https://togetter.com/li/1721342,アメリカで人気の「スパイ少女」「科学少女」もの、日本での可能性は？『すでに多数ある』『その枠は魔法少女や怪盗に』説も,2021-05-28T04:17:20+09:00
https://togetter.com/li/1727403,Netflixのアルゴリズムに「ドラえもんがエロい目に合うのが好きな人」と思われ、自動生成されたサムネがこれ,2021-06-09T09:49:20+09:00
https://togetter.com/li/1694938,入門オ゛ェｼﾞｭルニョェーッ語,2021-04-09T18:02:13+09:00
https://togetter.com/li/1725849,一体どういうこと？毎週水曜日を「進捗を出さない日」にする、というアイデアに称賛の声多数「天才的すぎる」「絶対やるべき」,2021-06-06T11:16:41+09:00
https://togetter.com/li/1718241,人間の体質は35歳、40歳、45歳でそれぞれ変わるタイミングがくるらしい「ホントこんな感じ」「30歳と35歳のタイミングで気付いた」,2021-05-22T11:15:41+09:00
https://togetter.com/li/1717224,「教えてる学校の先生もわかってないと思う」日本史に出てくる『荘園』とは何だったのか？「日本の荘園はなぜ教えにくいか」という論文が興味深い,2021-05-20T09:56:49+09:00
https://togetter.com/li/1716199,「口裂け女」が'79年に大流行する以前に流行っていた情報があれば教えて欲しいというオカルト研究者・吉田悠軌さんの呼びかけに声が寄せられる,2021-05-18T03:21:41+09:00
https://togetter.com/li/1708327,サバサバ女の広告を見たくないので消したらバズった,2021-05-02T22:39:46+09:00
https://togetter.com/li/1687537,エヴァンゲリオン式波ヴンダーまとめ,2021-03-25T09:32:33+09:00
https://togetter.com/li/1686848,様々なエヴァの考察があるなか、冬月先生の胸板に焦点をあてた記事があった「こういうのでいいんだよ」,2021-03-23T22:45:27+09:00
https://togetter.com/li/1685035,新伝綺エヴァンゲリオン/ZERO ゲンドウ編,2021-03-20T16:47:10+09:00
https://togetter.com/li/1685025,エヴァンゲリオン/Zeroゲンドウ編まとめ,2021-03-20T16:20:27+09:00
https://togetter.com/li/1684974,Kernel/VM探検隊online part2 No.1 #kernelvm,2021-03-20T14:53:31+09:00
https://togetter.com/li/1007466,「シン・ゴジラ」の記事から見るWikipediaの「あらすじ」に対する意見と考え,2016-08-02T17:28:11+09:00
https://togetter.com/li/1660017,真面目に研究しているのに、また社会学が理不尽に叩かれていてつらい,2021-01-30T19:35:21+09:00
https://togetter.com/li/1479291,『AKIRA』の金田のバイクのシーンをオマージュした作品たち,2020-03-10T04:42:28+09:00
https://togetter.com/li/1597586,『カイジ』で学ぶ、人間は非常時にはちゃんとした食事よりも酒やタバコなど嗜好品を求める話→元自衛隊員や被災者の証言でも事実らしい,2020-09-25T10:21:26+09:00
https://togetter.com/li/1655714,「呪いの域に達している」柳田國男と折口信夫という二人の民俗学者の口を借りてアマガミSSを全話レビューするサイトが面白い「教養の無駄遣い好き」,2021-01-22T01:41:53+09:00
https://togetter.com/li/1186308,グラフ作成ソフトのバグ取りが捗る…かも #一番気持ち悪いグラフ作ったやつが優勝,2018-01-03T10:36:59+09:00
https://togetter.com/li/1221472,"知らないものは選べないー""田舎""から東大へ進学した経験からの考察とその反応",2018-04-25T19:05:29+09:00
https://togetter.com/li/1634126,100分de名著（Eテレ）でブルデューを扱っており「自分がたまたま好きになったと思っている趣味は階級や学歴や経済格差により定められている」という話をしていた,2020-12-09T14:08:07+09:00
https://togetter.com/li/1470458,令和版・ネット論客108星爆誕,2020-02-19T07:16:51+09:00
https://togetter.com/li/1355355,『ネットに本名を絶対に書かない』って意識なのは90～00年台のネット文化で育った人だけ説→みんなの持論が寄せられ興味深い「ネチケットの世代ですね」,2019-05-15T14:34:04+09:00
https://togetter.com/li/1552617,【閲覧注意】keybow異世界への旅まとめ（アーカイブ）,2020-07-02T22:39:49+09:00
https://togetter.com/li/1608453,スピリチュアル市場のニーズ「努力もしたくないし責任も取りたくないが、一発逆転で変身して他人を見下したい。」,2020-10-15T06:55:26+09:00
https://togetter.com/li/1609788,SNSからくる情報過多により『自分の人生に現状1ミリも関係ない出来事にイラついてしまう状態』と情報との付き合い方,2020-10-18T12:58:01+09:00
https://togetter.com/li/1608911,近年の失礼クリエイター（※マナー講師）による失礼事項の急増は、航空業界のローカルルールがCA出身のマナー講師によって外に出たことによる事象だった？,2020-10-16T13:27:02+09:00
https://togetter.com/li/1604624,料理講習に来た人がキャベツとレタスの区別がつかないレベルで、話を聞いてみると色んな事が見えてきた,2020-10-07T10:11:29+09:00
https://togetter.com/li/1604110,筋トレの定番といえば、なんの道具もいらない、すぐに始められる「プランク」→実際に1ヶ月続けた人の成果がこちら,2020-10-06T10:03:00+09:00
https://togetter.com/li/1603387,カラー公式や山下いくと氏らが貴重な資料を蔵出し！『新世紀エヴァンゲリオン』25周年のツイートいろいろ,2020-10-04T23:13:58+09:00
https://togetter.com/li/1600961,異世界転生烈海王,2020-10-02T02:10:39+09:00
https://togetter.com/li/1600537,"映画や漫画でお馴染みな「師匠キャラ」の""ルーツ""はどこにあるのだろうか？",2020-10-01T07:00:56+09:00
https://togetter.com/li/1598299,「あんたはここでふゆと死ぬのよ百人一首」成立の過程と美しい解釈の数々（随時更新）,2020-09-26T21:08:32+09:00
https://togetter.com/li/1599327,「Nerd」「Geek」など日本語で「オタク」と訳されがちな英単語の意味を比べてベン図にしたのがこちら,2020-09-28T19:08:57+09:00
https://togetter.com/li/18289,飯田譲治さんが語る『沙粧妙子 - 最後の事件 -』,2010-05-03T15:35:56+09:00
https://togetter.com/li/1595583,平安京ディビジョンでは『和歌を詠むのが上手い』ステータスがホビーアニメ並みの評価を受けている「俺にバトル和歌で勝とうってのか？」,2020-09-21T14:14:53+09:00
https://togetter.com/li/929525,●同人サークルと同人誌に対価があることの成り立ちと歴史の話,2016-01-24T13:59:05+09:00
https://togetter.com/li/1306886,「初参加で一部も売れなかった」の人のまとめが何のレポにもなってなかったので、サークル初参加のエピソードやアドバイスを集めてみた。,2019-01-08T23:30:10+09:00
https://togetter.com/li/1594111,ツッコミって概念が薄い海外からするとボーボボのビュティは異常な頻度でぶちギレてるヤベー女に見えるらしい,2020-09-18T18:29:43+09:00
https://togetter.com/li/1398389,増川宏一氏の日本将棋「中国南岸の貿易港経由」伝来説を裏付ける史料ついに発見！？東南アジアから海のシルクロードで伝わった？,2019-09-01T21:53:32+09:00
https://togetter.com/li/1589458,「本は捨ててもまた買える」という価値観、昨今の出版事情を考えるともう出会えない確率も結構あるよという話,2020-09-09T12:12:54+09:00
https://togetter.com/li/1585968,Minecraftでネザーが現実の8倍の距離になる仕組みについての天才的考察と様々な推測,2020-09-03T14:08:11+09:00
https://togetter.com/li/1585731,あなたと私の「#推しJIS規格」,2020-09-02T23:46:58+09:00
https://togetter.com/li/1575570,プラレール のルーツを探るツイート群(2020/8/12のちゃぶ台返し事件),2020-08-13T15:18:38+09:00
https://togetter.com/li/1584304,ドラえもんの謎画像の起源に迫る（情報求む）,2020-08-31T04:22:29+09:00
https://togetter.com/li/1582921,国会図書館に同人誌を寄贈したら著者に訴えると言われた話,2020-08-28T19:17:28+09:00
https://togetter.com/li/1583011,どうしてFANZAとDLSiteで同じ作品なのにこんなに売れ筋が違うのか？「実際に作品を出している人」から見たDLSiteとFANZAの違い,2020-08-28T22:51:37+09:00
https://togetter.com/li/1474459,至上最強のアカウント決定戦,2020-02-28T05:21:05+09:00
https://togetter.com/li/1571270,娘が中学の修学旅行を「どうして大勢で泊まる訓練をするのか理解できない」と拒否したのでその代金で一人旅させたときの話,2020-08-05T10:45:10+09:00
https://togetter.com/li/1568667,ドラえもんなど長命なマンガに登場する大人世代の幼少期が戦中からバブル時代に設定変更すること,2020-08-01T14:51:26+09:00
https://togetter.com/li/1569184,掟ポルシェさんの「ヲタ臭」にまつわるツイートのまとめ,2020-08-02T03:31:59+09:00
https://togetter.com/li/689698,野菜の盗難と路上販売についてのやりとり,2014-07-07T14:06:18+09:00
https://togetter.com/li/771189,JSON棋譜フォーマットに関する見解,2015-01-17T22:28:24+09:00
https://togetter.com/li/1564948,「まさかポプテピピックの表紙が護符になるとは…」「呪詛版はインスタ映えしない」#藤村シシン講座 古代魔術史講座 第2回感想まとめ。,2020-07-25T21:27:16+09:00
https://togetter.com/li/1562194,「どうしたら絵が上手くなりますか？」という質問に、言葉を一切語らず1枚の写真だけで「世界一説得力のある回答」,2020-07-20T10:30:08+09:00
https://togetter.com/li/1561674,マンガ「同人女の感情 7年前の本が欲しい」シリーズが完結。「止まっていた時計が動き出す感じ」「おけけパワー中島有能」の声も,2020-07-19T14:46:45+09:00
https://togetter.com/li/1480054,「震災で家族が行方不明の人」東日本大震災から9年ずっと誰にも言えずにいた思いを明かす #ねほりんぱほりん,2020-03-12T00:19:04+09:00
https://togetter.com/li/1559907,民間人に対する機銃掃射についての体験談（第二次世界大戦、日本）,2020-07-15T22:27:34+09:00
https://togetter.com/li/1555055,球磨盆地は「藩主が鉄砲で狙撃されて殺されるという事件があっても田舎すぎて幕府にバレずに事なきを得た」くらい他地域と隔絶した地域,2020-07-07T10:12:42+09:00
https://togetter.com/li/1555044,オランダが戦国時代明けの日本人を傭兵として雇ったらクッソ強かったけど、不満あるとすぐ上官斬ったり反乱起こして野蛮すぎｗ,2020-07-07T09:58:20+09:00
https://togetter.com/li/1555096,「サブスクリプションの音楽サービスが流行りはじめてから前奏が平均5秒までに短縮された」という話に色々感じることがある方々,2020-07-07T11:56:58+09:00
https://togetter.com/li/933289,ヘヴィメタバンド、スティール・パンサーのサッチェル氏→機材紹介がハードロック過ぎる,2016-02-02T11:49:56+09:00
https://togetter.com/li/1553934,亡くなった人のTwitterアカウント 最後のツイート,2020-07-05T12:36:27+09:00
https://togetter.com/li/1550740,地図に名前が乗ってない共有地...岩手県にある飢饉に備えるための、自然改変型の食料庫「隠し沢」を訪れた記録が興味深い,2020-06-29T08:08:48+09:00
https://togetter.com/li/1545198,“ゲーミングPC”は勘違いされがちだけど『ゲームしか出来ない』のではなく『大抵なんでも出来る』のである「というか一番負荷が高いのがゲーム」,2020-06-19T09:41:48+09:00
https://togetter.com/li/1544388,ドラマ『探偵・由利麟太郎』を見た人「さすが横溝正史原作…」→横溝ファンから反論「原作よりエグい改変されてるから！」,2020-06-17T15:23:14+09:00
https://togetter.com/li/1537370,『実用的か、見栄えか』LAWSONの商品デザイン、Twitterで批判される一方、インスタでは評価されている？反応から見る両者の論点の違いが面白い,2020-06-06T21:40:47+09:00
https://togetter.com/li/812474,ヨーロッパ中世の写本における「騎士対蝸牛」図像の謎,2015-04-25T02:14:15+09:00
https://togetter.com/li/1520930,100年以上前の料理本のレシピを再現！ 「イチゴの天ぷら」「キュウリとパンの耳炒め」今見ても斬新過ぎるメニューの数々 #タモリ倶楽部,2020-05-23T09:37:42+09:00
https://togetter.com/li/1520711,SNSで見つけた記事を、後で読みたい時の方法について。,2020-05-23T00:06:52+09:00
https://togetter.com/li/1520275,なるべく麻雀用語を使わず麻雀の導入を解説する＆軽くゲーム紹介,2020-05-22T12:53:56+09:00
https://togetter.com/li/1518242,廃墟探索中に藪に埋もれた貯水槽に落ちて死亡する事故が発生「廃墟探索の敷居が低くなっている」という警鐘も,2020-05-20T07:07:24+09:00
https://togetter.com/li/1213002,『バンダイ頭おかしい』フィギュア・プラモ界を揺るがす大事件にざわつくしかない「今のは塗装ではない…成型だ…」,2018-03-28T19:44:37+09:00
https://togetter.com/li/838106,「踏んだら人間が死ぬか一生逃亡者しか選択できなくなる地雷が日本社会に存在している」,2015-06-22T23:45:55+09:00
https://togetter.com/li/1507291,救助を求める方々を手厚くメッタ打ち！昔の漁村において外国などの難破船は、村総出のボーナスイベントだったのかも,2020-05-11T22:22:06+09:00
https://togetter.com/li/1505273,【一つの歴史】東方Project界隈において、二次創作の最古参サークルは誰か、という話（オフセ本の発行が基準とした場合）,2020-05-08T23:28:54+09:00
https://togetter.com/li/1504784,【※裸体あり注意】絵描きが意外と知らない女性の骨格タイプ,2020-05-07T21:31:51+09:00
https://togetter.com/li/1495089,物語内に「コロナ禍」を入れるかで悩む漫画家たち〜黒丸先生らが語る,2020-04-17T02:21:32+09:00
https://togetter.com/li/1496523,フレッシュ以来の革命的作品としてのヒーリングっど♥プリキュアと蒼乃美希 #ヒープリ #フレプリ #precure,2020-04-20T03:09:28+09:00
https://togetter.com/li/1495583,ジャンプ愛好家による『黒子のバスケ』キセキの世代についての解説,2020-04-18T09:39:47+09:00
https://togetter.com/li/1488034,フランスでも志村けんさんの訃報が報じられる→記事に掲載されたコント動画に「チャプリンに通じるものがある」,2020-03-31T22:42:52+09:00
https://togetter.com/li/1489635,日本でマスクが受容される理由と日本の覆面ヒーローは口元を隠し欧米のヒーローは目元を隠すこと,2020-04-04T16:32:55+09:00
https://togetter.com/li/1482189,29歳の時に、母親は死んだ。前の日の夜に母の手を取ってトイレへ連れていった。その後に歯磨きをさせ寝かせた。昔、母がしてくれたことを自分の母にしていた,2020-03-17T00:32:51+09:00
https://togetter.com/li/1478025,タクシーの運転手が「昔、アニメの監督をしてたんですよ」と言うので名前を聞いたら『名探偵ホームズ』『ルパン三世』『ガンバの冒険』の御厨恭輔監督だった,2020-03-07T11:24:10+09:00
https://togetter.com/li/1479606,事故で記憶喪失になりチキンラーメンの香りで思い出した壮絶な過去を持ち全国7500種類のインスタント袋麺を制した案内人さん #マツコの知らない世界,2020-03-10T23:48:15+09:00
https://togetter.com/li/1473834,高知のやさぐれお姉さん保育士アカウント「闇おむつ」さんがツイートは全部創作と明かし消えた件,2020-02-26T19:21:30+09:00
https://togetter.com/li/1290866,仮想世界で起こったパンデミック事件 Corrupted Blood incident（汚れた血事件）,2018-11-22T12:58:24+09:00
https://togetter.com/li/128482,女子力の高いオムライスネタまとめ,2011-04-26T23:14:50+09:00
https://togetter.com/li/1210391,「目を瞑ると瞼の裏で模様というか映像のようなのが万華鏡みたいに動いている。この感じ分かる人いる？」→分かる、何なら色付きなどなど,2018-03-20T11:29:42+09:00
https://togetter.com/li/1459812,いよいよ御茶ノ水駅前のお茶の水橋にある都電時代の石畳と線路が撤去される🛤,2020-01-25T01:25:35+09:00
https://togetter.com/li/1113272,ペットの名前でTwitterのアカウントが特定される事がある？ペットにもハンドルネームを付ける時代になってしまったのかと話題に,2017-05-23T16:06:13+09:00
https://togetter.com/li/1456163,『中間管理職トネガワ』の裏垢回が怖すぎてざわつく人たち「笑えないっ…！」「利根川もドン引き」,2020-01-16T10:39:18+09:00
https://togetter.com/li/1449475,関わるすべての人間が狂っていた...エヴァ全盛期に死ぬほど出ていた意味不明なグッズの思い出たち「さあ僕で消してくれと書かれただけの修正液」「名探偵エヴァンゲリオン」,2019-12-31T11:40:42+09:00
https://togetter.com/li/1449135,型月魔法与太,2019-12-30T17:47:40+09:00
https://togetter.com/li/1283837,結構バズったので、AIによる自動着色の現状とその使い方についてまとめた～～人工知能技術の衝撃～～,2018-11-02T07:53:34+09:00
https://togetter.com/li/1272299,徐々にTwitter上に広まりつつあるパワーワード「メスガキわからせ棒」とは？,2018-10-01T19:02:11+09:00
https://togetter.com/li/1443270,音楽ゲームにおけるけものフレンズの軌跡,2019-12-15T21:35:45+09:00
https://togetter.com/li/1443245,幕末の侍がタイムスリップして女子の台所を預かる話、すごく大人のマンガで好きです,2019-12-15T20:20:36+09:00
https://togetter.com/li/1440883,「アポロ12号人類初の月でのエロ本」「記者会見のうっかり発言で旧東ドイツ崩壊」 #史実でもそのまま描いた方が面白いネタ 100いいね以上まとめ,2019-12-09T21:37:25+09:00
https://togetter.com/li/1438263,【真偽不明】伝説のレス「初カキコ…ども…」の投稿者がTwitter降臨 当時の思い出を語り、元ネタの存在を示唆→アカウント削除,2019-12-03T09:26:14+09:00
https://togetter.com/li/1435323,代表作が「ヤクザ漫画」のベテラン漫画家が「萌え」を真面目に研究中,2019-11-26T16:05:12+09:00
https://togetter.com/li/1434187,クラシック音楽界のはじっこに広がる「謎ジャケ」の世界,2019-11-24T00:00:23+09:00
https://togetter.com/li/1422540,女性アイドルゲーム ”デレステ” 運営に対する女性ユーザーの感想が話題に「アイドルはお金？」「品のない衣装をやめて」,2019-10-27T21:07:57+09:00
https://togetter.com/li/1237823,傑作 いっけなーい 殺意殺意 まとめ,2018-06-16T18:50:54+09:00
https://togetter.com/li/843802,いっけなーい！まとめまとめ！,2015-07-06T23:06:27+09:00
https://togetter.com/li/871608,ブリューナクまとめのまとめ,2015-09-09T21:56:49+09:00
https://togetter.com/li/869983,神槍「ブリューナク」は日本人が考えた名前！？,2015-09-05T23:23:21+09:00
https://togetter.com/li/839130,wikipediaで横行する「一次資料」汚染,2015-06-25T17:59:37+09:00
https://togetter.com/li/1418676,民俗学に詳しい夫が祀られた神から水害の少ない土地だと推測していた話,2019-10-19T00:29:08+09:00
https://togetter.com/li/1415691,【ドラえもん】原作におけるひみつ道具を「発明」するという表現について,2019-10-11T21:19:53+09:00
https://togetter.com/li/1415103,当初は小道具キャラだったが、藤子先生は意図的に隔離するようになった？ラノベ作家による『ドラえもん』の出木杉についての考察が面白い！,2019-10-10T09:22:56+09:00
https://togetter.com/li/1403892,同人誌の表紙デザインが上手くいかなかったらデザイナーさんの友人たちが助けてくれた→書店で売られてるクオリティにまで大変身,2019-09-14T11:18:03+09:00
https://togetter.com/li/1342003,ア㊙️イさんのお尻と学ぶ統計学(仮置場),2019-04-27T06:58:17+09:00
https://togetter.com/li/1232144,水曜どうでしょうで何を勧めたら良いか苦悩するはだしのゲン,2018-05-30T01:01:44+09:00
https://togetter.com/li/1161810,インターネットは活字中毒者を救済した,2017-10-17T10:08:51+09:00
https://togetter.com/li/1243480,活字中毒な子はとにかく読まずにはいられない 読書禁止令がでても「ふりかけの原材料」や「風邪薬の用法・用量上の注意」を読んでしまう,2018-07-04T07:47:00+09:00
https://togetter.com/li/1395849,"「情報を選別するにも基礎知識が必要」大学の試験で""何でも持ち込み可""にしたら受講生の半数が不合格になってしまった話",2019-08-27T10:15:51+09:00
https://togetter.com/li/1390522,描画APIのおはなし,2019-08-16T14:34:55+09:00
https://togetter.com/li/1073950,"【セントラルドグマ】【マギ】【シグマユニット】『電脳コイル』磯光雄監督が20年以上前の某アニメ脚本回の設定資料を""供養""",2017-01-24T21:30:46+09:00
https://togetter.com/li/880347,「じゃあ、そうね、やっぱ瘤いこう、瘤」 町田康現代語訳『宇治拾遺物語』あの「こぶとりじいさん」がマジでヤバいことに,2015-09-29T23:10:03+09:00
https://togetter.com/li/1382211,遂にカーネルの脆弱性を突かれるシェル芸botとノリノリのbot作者,2019-07-31T09:51:24+09:00
https://togetter.com/li/1027398,【こわい】唐突に暗号解読を始めるシェル芸人達,2016-09-22T02:35:00+09:00
https://togetter.com/li/1033565,無料で実在する魔道書を電子書籍でDL出来るサイトが創作に便利そうと話題に,2016-10-06T17:59:53+09:00
https://togetter.com/li/1069799,魔法陣と魔法円,2017-01-12T19:54:00+09:00
https://togetter.com/li/353471,クトゥルフ神話引用句の翻訳まとめ,2012-08-10T19:15:29+09:00
https://togetter.com/li/511651,O野K太郎氏の超電磁砲昔話,2013-06-01T03:50:12+09:00
https://togetter.com/li/4842,とある科学の超電磁砲 美琴の欠落などについて,2010-02-04T01:53:48+09:00
https://togetter.com/li/700185,O野K太郎氏の超電磁砲10巻こぼれ話（＋Q＆A）,2014-07-31T11:04:41+09:00
https://togetter.com/li/1361156,辺境伯ってなんぞや？～異世界転生でみる辺境伯解説～,2019-05-30T20:47:06+09:00
https://togetter.com/li/1361530,古代ギリシャの魔術陣を描こう！〜死霊術・第一魔法陣＜ロバ＞〜,2019-05-31T21:03:17+09:00
https://togetter.com/li/968033,レギオンと言います。大勢なのですから。,2016-04-27T20:35:24+09:00
https://togetter.com/li/1362165,「技術者の表現 と 非技術者の解釈」言葉のすれ違い問題,2019-06-02T17:05:03+09:00
https://togetter.com/li/1360512,チコちゃんにわざと叱られてから「論拠となる資料は」「なぜその説を選択」などネチネチと責めて泣かす新番組「チコちゃんを締め上げる」に期待の声,2019-05-28T21:13:54+09:00
https://togetter.com/li/1358429,Twitterって、個人の最強の一面だけが見えるからこんな心理状態に襲われる→「わかりみ深くて泣いた」「考えるだけでも辛い」,2019-05-23T08:22:08+09:00
https://togetter.com/li/1358185,これが読めるか勇者よ,2019-05-22T16:03:16+09:00
https://togetter.com/li/945534,一番気持ち悪いグラフ作ったやつが優勝,2016-03-03T18:10:46+09:00
https://togetter.com/li/1357406,Twitterで絵師さんが「日常ツイいらないから絵だけ上げて」と言われ絵を描かずにツイートする事に悩み最終的にアカウント自体を消してしまった話,2019-05-20T08:59:17+09:00
https://togetter.com/li/1356294,50手前の契約社員だったエンジニアが期間満了で退職…しかし本当の理由は『仕事中にずっと“にゃーん”と呟いて皆をイラつかせていた』から解雇されたらしい,2019-05-18T07:58:32+09:00
https://togetter.com/li/1178092,SNS上で男性オタクが「にゃーん」とつぶやくのは女性からすると本当に膝蹴りしたくなるくらいムカつく、と言われた男性の話に大量のオス猫が群がる,2017-12-04T14:39:48+09:00
https://togetter.com/li/1356255,好きだけど他人には勧められない作品選手権【まとめ】,2019-05-18T01:37:42+09:00
https://togetter.com/li/1356018,内定辞退について採用側事務の方の経験談『心苦しすぎてものすごく心理的負担だったのでメールでしてほしい』,2019-05-17T13:21:07+09:00
https://togetter.com/li/1354108,"""絵を描く時に影の境目に別の色相を入れるとリアルになる""けど色の法則はあるの？→考察や解説が続々集まる",2019-05-12T01:34:02+09:00
https://togetter.com/li/1354170,道端で倒れた時に家まで送ってくれた男性の一人が反町隆史だった話「さすが浦和のスター」「どんな徳を積んだらこうなれるの…」,2019-05-12T08:29:42+09:00
https://togetter.com/li/1353665,togetterでまとめ作ってたアライさんの棘民への本音なのだ,2019-05-10T19:41:48+09:00
https://togetter.com/li/1353494,みなさんがよく使う地図アプリはなんですか？,2019-05-10T07:09:46+09:00
https://togetter.com/li/1344457,【ニコニコ動画】コメント職人たちによる新元号コメントアートまとめ,2019-05-03T18:07:32+09:00
https://togetter.com/li/1255996,宇垣アナ、お忍びで訪れたC94のまどコスが完成度高いと話題に,2018-08-12T21:24:36+09:00
https://togetter.com/li/1339861,"カラオケで流れる謎の美少女アニメの正体に迫る!（7/24追記,ねとらぼで記事化されました!!!）",2019-04-20T20:16:20+09:00
https://togetter.com/li/1313876,MMDが3DCGを～の話への感想まとめ(2/2総まとめ追記),2019-01-29T18:48:47+09:00
https://togetter.com/li/1340236,ボールを転がして物理的に位置を伝達する画期的なマウスを買った！USBポートや電池も不要「机上表面の汚染物質を吸着回収する役割も担っている」,2019-04-21T16:39:11+09:00
https://togetter.com/li/1320561,有名な「誰も消防車を呼んでいないのである！」の元ネタを原作者が全編公開→「初めて全部読んだ」という人が多数,2019-02-18T17:15:25+09:00
https://togetter.com/li/1260808,「10分以内に寝落ちする裏技」騙されたと思ってやってみた→「本当に寝れた」「同じようなことやってたわ」,2018-08-27T16:28:35+09:00
https://togetter.com/li/1339162,“廃墟の女王”と称される美しき『摩耶観光ホテル』、立ち入り禁止の内部を特別な許可を得て撮影 #クレイジージャーニー,2019-04-18T14:22:59+09:00
https://togetter.com/li/1188562,GitHubにOSSを公開したところ海外から鬼のようなIssueが飛んできた。英語ができないエンジニアの辛さ。,2018-01-10T16:46:35+09:00
https://togetter.com/li/1051531,新潟駅のアナウンスの声が慌てちゃうほどエッチでけしからん「マジか」「コレはあの人の声じゃないか!」,2016-11-22T20:49:15+09:00
https://togetter.com/li/1338780,御茶ノ水にあるニコライ堂の鐘の音は超絶技巧で鳴らされていた→演奏方法や歴史にまつわる詳しい話「これ実は、全ての鐘がワイヤーと紐でつながっています」,2019-04-17T10:41:38+09:00
https://togetter.com/li/1249991,MMDと3D関係チップス,2018-07-24T18:45:05+09:00
https://togetter.com/li/1335308,あいみょんの曲作りを勝手にサポート!? 官能小説の編集者による出版社対抗オススメ比喩表現プレゼン祭 #タモリ倶楽部,2019-04-06T15:06:31+09:00
https://togetter.com/li/1334692,芸人さんがもらった「忘れられない不気味なファンレター」がほんとに怖すぎた #水曜日のダウンタウン,2019-04-04T11:54:27+09:00
https://togetter.com/li/1210833,新入生に勧める関数電卓2018,2018-03-21T21:29:51+09:00
https://togetter.com/li/466739,女騎士「くっ！殺せ！」ネタ集,2013-03-05T22:03:12+09:00
https://togetter.com/li/1192148,声優の古川登志夫さん、アニメ版ポプテピピックのポプ子とピピ美の複数キャスティングに関して「ある意味、俳優教育、声優教育に一石を投じるコンテンツにも思える」という一説を投げかける,2018-01-22T10:19:10+09:00
https://togetter.com/li/1315432,『ブックオフとは思えない棚』亡くなった研究者の処分品か？まるで神保町の中国書専門店のような並びだった「遺族は死後容赦なく手放す」,2019-02-03T10:16:22+09:00
https://togetter.com/li/1312976,アナログ画材に触れたことのない漫画家がいる事実を描くマンガ『初めて手にした画材はSAI』に「SAIってなんですか」の質問を見て震える人たち,2019-01-27T06:41:01+09:00
https://togetter.com/li/802210,【Tmitter2015】TYPE-MOONが送る2015年エイプリルフール(全Tmitter網羅！/中の人バレあり),2015-04-01T00:39:56+09:00
https://togetter.com/li/1311821,「COBOLで書かれた特殊なプログラムなので高齢者しか読めず」というパワーワードに対する反応,2019-01-23T18:51:03+09:00
https://togetter.com/li/1303962,今年もすごすぎたPerfumeのパフォーマンス「事前に動きのデータをとってリアルタイム演算でCGを生成していたっぽい」 #紅白歌合戦2018,2018-12-31T23:36:36+09:00
https://togetter.com/li/1303978,世界一正確なあけおめツイートを目指した(2018-2019),2019-01-01T00:14:44+09:00
https://togetter.com/li/1302812,"フレディが新幹線で駅弁を食べている写真を発掘→車両や駅弁の特定が進む「当時の価格で1,000円だったと聞いています」",2018-12-28T14:09:03+09:00
https://togetter.com/li/943126,食用ジャガイモについて知って欲しい事。,2016-02-26T18:24:58+09:00
https://togetter.com/li/1300986,"""オタク特有の偽中国語""でLINEして遊んでいたら同僚に中国語ができると勘違いされた話→実はこれでけっこう伝わるらしい",2018-12-22T18:26:24+09:00
https://togetter.com/li/1178072,【ついに判明!】とある一枚の謎の写真「この観音像はどこにあったのか?」写ったものをヒントに推理続々「ガチ勢すごい」「感動した」,2017-12-04T13:20:00+09:00
https://togetter.com/li/1299975,"『1アパマン=120ヘヤシュ(爆発の威力の単位』が文字通り""爆誕""？／『スプレー缶が新品だったってことはDMEとアルコール類が合計で20kgくらい放出された計算で、条件が良ければTNT換算100kgくらいの威力にはなるっぽいのか……』",2018-12-19T17:02:40+09:00
https://togetter.com/li/1027888,エンジニア一同衝撃 Python子ども向けワークショップにやってきた小2開発者のさりげない一言 #pyconjp,2016-09-23T09:27:43+09:00
https://togetter.com/li/1297569,天才少年がハッキングで悪を討つジャンプの新連載『ne0;lation』にガチ勢からのツッコミ,2018-12-12T10:40:59+09:00
https://togetter.com/li/1298767,気付けば「忠臣蔵」の人気や知名度が無くなってた（らしい）理由の考察など,2018-12-16T04:04:01+09:00