note_title,note_url,user_nickname,publish_at,like_count
情報系博士課程修了までに経験したこと・感じたことに関する独り言,https://note.com/_mhirano/n/nc4c256993263,Masanori HIRANO,2023-09-29T13:20:50.000+09:00,81
なぜAI絵っぽく見えるのか,https://note.com/852wa/n/nc38a8391bb77,852話,2024-08-07T16:33:45.000+09:00,324
外出先から家のファイルに安全にアクセスするシステムを作る,https://note.com/wag2021/n/nf1bb4f272626,wag,2023-01-04T14:52:38.000+09:00,9
手書きノートとしてiPadよりGalaxy Tabを使う理由,https://note.com/wag2021/n/n5db8e7754d4e,wag,2024-05-11T19:00:53.000+09:00,29
テルミンって、いろいろ難しいのな。,https://note.com/sh101/n/nf58bcbb74da6,みくばんP,2019-06-24T01:45:14.000+09:00,7
GPT-4o vs Claude 3.5 Sonnet - 噂の最新言語モデルを徹底検証！,https://note.com/kakeyang/n/n208e7cd4b0cd,掛谷知秀,2024-06-25T10:49:58.000+09:00,20
高次元科学への誘い,https://note.com/hiroshi_maruyama/n/n855c7b40992b,Hiroshi Maruyama,2023-04-11T09:44:25.000+09:00,70
「AIに仕事を奪われた絵師」な訳だが,https://note.com/tokume_kibo/n/n05017591b28b,走り書き,2024-07-14T16:54:54.000+09:00,3711
「AudacityのTシャツ」-2024/2/18,https://note.com/yasumino/n/n35369dc8dc93,ヤスミノ,2024-02-19T22:50:11.000+09:00,679
「生きる意味」のためにGalaxy Z Fold3を買った(大満足),https://note.com/wag2021/n/n221f1a025b03,wag,2022-12-01T16:08:21.000+09:00,29
1年かけて辿り着いたデスク環境,https://note.com/wag2021/n/nfa876851b6c5,wag,2021-06-17T19:32:11.000+09:00,42
波瀾万Joyな人生でござんす。,https://note.com/kimama_maverick/n/n00803587ec18,Maverick,2022-12-22T20:20:38.000+09:00,90
”アフリカンサムライ”弥助伝説の誕生と拡散 ー とあるユーザによるウィキペディアへの貢献,https://note.com/just_eel601/n/n34331acc074f,STST,2024-07-11T02:32:18.000+09:00,557
【日本最長】東京地下街 4050mの旅（東銀座～大手町）道中案内,https://note.com/fujikura_kazuma/n/n1ac210b6ed6f,藤倉かずま,2023-10-12T01:14:18.000+09:00,807
NovelAI V3 服装タグ(プロンプト)集,https://note.com/aiillust000/n/n61ab12f517bb,シトラス,2024-07-02T08:21:03.000+09:00,81
こんな北朝鮮に注目！　まさかのAI先進国！？,https://note.com/gifted_oxalis131/n/n46ef17d92cd6,タカシ,2023-12-24T23:22:26.000+09:00,6
ファインマンによるフェルマーの最終定理の「証明」とその拡張,https://note.com/landau_fun/n/n97c62a453ed0,理論物理学教程ファン,2022-05-09T19:57:43.000+09:00,8
いるはずのない親戚がXで見つかった話,https://note.com/hyosasa/n/na44392414383,岡田 悠,2024-06-23T11:20:32.000+09:00,2920
じゃあなんすか、Noto Sans JP使うんならボタンにアイコン入れるなって事すか,https://note.com/chot_designer/n/n85ef47a2ec69,chot Inc. デザイナーユニット,2024-06-21T11:22:50.000+09:00,729
Bスプライン完全マスター,https://note.com/alchan/n/n80354c92fccb,アルちゃん,2020-11-18T22:29:08.000+09:00,1
【研究のススメかた】避けるべき論文の見分け方,https://note.com/mmatsunaga/n/nf01c9e8bf5e2,Dr. MM,2024-06-14T10:46:19.000+09:00,185
ノーベル経済学賞2019：手島健介「研究と実践のサイクルを変えた技術革新～バナジー、デュフロ、クレマーのRCTアプローチ」,https://note.com/keisemi/n/nf1ebca4c2b88,経済セミナー編集部,2023-10-07T07:52:05.000+09:00,8
東京都の生成AI活用事例集にツッコミを入れてみる,https://note.com/sa1p/n/n135727ee8aa8,saip(さいぴ),2024-05-28T13:31:58.000+09:00,1237
『教養としてのラテン語の授業』の気になったところまとめ,https://note.com/classics_disco/n/n27f95666338c,Yuki Senoo,2023-03-08T15:50:38.000+09:00,62
【保存版】僕がこれまでにSNSで紹介したパスタレシピを全部まとめてみました（合計31レシピ）,https://note.com/pirlo/n/n02eb14cc9fbc,鳥羽周作 「sio」オーナーシェフ,2022-10-25T22:59:31.000+09:00,5403
ベイズ統計学と再現性の危機（テンプル大学統計科学部助教授：マクリン謙一郎） #心理統計を探検する,https://www.note.kanekoshobo.co.jp/n/nf836d37b7f10,「こころ」のための専門メディア　金子書房,2024-01-24T17:00:00.000+09:00,126
【宣伝】『Pythonで学ぶ効果検証入門』という本を書きました,https://note.com/abogadoron/n/n9324ef843e1c,Ito Hirotake,2024-05-14T13:36:49.000+09:00,23
新型iPad Air ＆ Proを買う前に注意したい3つのこと【2024年5月】,https://note.com/siksan_design/n/n6ab936a44ddc,シク（シクさん）｜デザイナー / アートディレクター,2024-05-08T22:01:49.000+09:00,53
米津玄師が教えるHIPHOPの全て(図書室にある漫画シリーズ),https://note.com/hisya/n/nffcf9e1796b1,飛車,2020-09-10T18:30:40.000+09:00,959
ネットでよく見る札束風呂の広告 (2024/3/30追記有),https://note.com/nanbu_kan_ei/n/n633447724d96,ナンブ寛永,2020-11-26T23:46:24.000+09:00,115
なんとなく言語 (学) に興味がある人のためのブックガイド,https://note.com/norinagaya/n/ne7a082c18e0d,長屋尚典,2024-05-05T09:04:06.000+09:00,654
自作キーボード：やさしいキーキャップの作り方,https://note.com/akasha_min/n/n08db365431e0,Murasaki,2024-05-04T09:46:58.000+09:00,44
(記述) 言語学の卒業論文の書き方〜やった方がいいこと・やらない方がいいこと編〜,https://note.com/norinagaya/n/nba64a4702d7a,長屋尚典,2023-06-16T18:26:40.000+09:00,101
Winny開発者の金子勇氏のED法はAIに変革を起こすのか？,https://note.com/masayuki_abe/n/n9c47814282d8,Masayuki Abe,2024-05-01T09:54:30.000+09:00,23
自律型マインクラフター (Minecraft played by AI),https://note.com/te_ftef/n/ne7ec02a3b209,teftef,2023-05-27T20:22:20.000+09:00,29
「一年後の自分への手紙」が届かないので探し回った話,https://note.com/hyosasa/n/nb8808c5cc444,岡田 悠,2019-07-28T18:57:07.000+09:00,1746
駄文：とにかくバズり過ぎた「粛聖!! ロリ神レクイエム☆ 」と、それにまつわる炎上騒動について個人的に思う事を,https://note.com/laterfestival/n/n72ecd3d231c9,阿斗乃真釣,2023-10-04T23:34:41.000+09:00,81
MMTの話,https://note.com/stairlimit/n/nb76f64b326bd,すたりむ,2023-10-13T00:46:05.000+09:00,44
【与太話】NHK「ファミリーヒストリー」断った芸能人６選,https://note.com/saegusajournal/n/nb2ea2459b10d,サエグサジャーナル編集部員,2021-05-14T03:49:20.000+09:00,22
「なぜ働いていると本が読めなくなるのか」という問題に対しての僕なりの解答,https://note.com/wakusei2nduno/n/n94cda2f7bf5e,宇野常寛,2024-04-24T15:02:12.000+09:00,138
LLMプロダクト開発者がMac Studioを買ってローカルLLMを触るべき理由,https://note.com/erukiti/n/n58a8180ea9fb,erukiti,2024-04-24T15:30:08.000+09:00,609
工学部生による東大本郷キャンパス巡り,https://note.com/riko200702/n/nd0e8da1eb0bc,りここ,2023-10-31T13:15:16.000+09:00,38
東大生が東大を訴えてみた【第０回】（４/17追記）,https://note.com/cherry0423/n/neb340dc95a4d,下駄,2024-04-15T12:54:35.000+09:00,378
珈琲まめ知識＞相棒14にはコーヒー好きが居る,https://note.com/nkj365/n/n45105b66f750,ゆてみ,2019-10-22T19:01:32.000+09:00,7
新社会人のための飲み会サバイバルガイド,https://note.com/chebunbun/n/nd94bc2736d54,CHE BUNBUN,2024-04-02T11:07:34.000+09:00,772
作家がガチで自分の小説の入試問題を解いてみた（答え合わせ編）,https://note.com/saksakikaoru/n/n4c129c0a3dea,さかさきかおる,2024-03-09T13:49:08.000+09:00,61
作家がガチで自分の小説の入試問題を解いてみた（解答編）,https://note.com/saksakikaoru/n/nd05c62577787,さかさきかおる,2024-03-03T07:52:36.000+09:00,96
院卒のエンジニア就活について（就活の記録）,https://note.com/kota__coffee/n/n8dd01d81f931,kota,2023-03-28T21:33:39.000+09:00,25
脱！ChatGPT臭さい英語論文の文章,https://note.com/genkaijokyo/n/nb2655c75ea77,genkAIjokyo|ChatGPT/Claudeで論文作成と科研費申請,2024-03-30T05:57:49.000+09:00,187
Minecraftで鬼畜プレイをしたい人におすすめのMOD構成＆目標,https://note.com/ponpon_tanutanu/n/nd4e3c9ee2199,ぽんたぬ,2022-08-02T13:59:39.000+09:00,4
列車は必ず次の駅へ　ではオタクは？　～本誌の制作過程と構成～,https://note.com/starlight_paper/n/na83c3368c894,劇ス卒論合同制作委員,2023-06-04T00:06:43.000+09:00,41
なぜ人は生成AIに学習されることに嫌悪感を抱くのか言語化してみる,https://note.com/light_quoll6260/n/ncf26f60e643f,リツ,2024-03-03T00:29:03.000+09:00,179
日本のゲーム会社 樹形図,https://note.com/subeaki/n/n101ad9476341,スベ,2024-03-15T23:44:26.000+09:00,585
女性オタクの棲む暗い池について,https://note.com/meisounote/n/nbed9573f66a5,さいたま,2024-02-11T17:00:14.000+09:00,10951
不思議な不思議なイェニチェリ 部隊名は『左利き』で部隊長は『スープ鍋番』,https://note.com/pencdiraht/n/n4879048fe6f0,Pençdiraht,2024-03-17T10:48:00.000+09:00,64
「入ったら15秒で死ぬビルがある」などといわれるのに「日本よりここがいい」と家族が話すヨハネスブルクで支局長が見た南ア社会の深い断絶,https://note.com/nhk_syuzai/n/n1ff31a1d82f5,NHK取材ノート,2024-03-15T13:00:00.000+09:00,1157
大炎上したスクールフォト業界で勤めてたんだが、もう学校写真のカメラマンは限界かもしれない,https://note.com/tripper_driver/n/n30f06b31b4cb,所在ない,2024-03-12T23:02:54.000+09:00,6485
絵師の立場から言いたい「反AI」の人の態度について,https://note.com/magic_clover2991/n/n0ec2827346af,野良のアマクリエイター,2024-03-01T16:47:43.000+09:00,1739
『水戸黄門のお年寄りの交通安全』公式配信～時代劇と現実世界がクロスした交通安全ビデオ！,https://note.com/arama_daisuke/n/ne67701b9569e,荒間大輔（あらま・だいすけ）,2022-09-17T21:02:29.000+09:00,1
戦略級魔法少女のための村で「日常の親友」役として生まれ育った。,https://note.com/coolbiz_warmbiz/n/n6c26d6d4d220,ん,2024-03-03T22:22:59.000+09:00,46
パブコメから見えた反AIの残念な思想,https://note.com/gentle_aster702/n/n9088425cb3f7,大人間世界,2024-02-29T22:13:28.000+09:00,1438
自著論文解説「伊藤和夫の『受験英語』教育における『教養主義』：『構文主義』との関係から」,https://note.com/suciology/n/n34f301131975,すしむら,2020-03-27T19:04:06.000+09:00,45
これまでの英語学習,https://note.com/hirompet/n/n972240a2890e,Hirotaka Imada,2023-10-29T19:14:39.000+09:00,31
追試研究に参加して勉強したこと②：追試研究のいろは,https://note.com/hirompet/n/na4c31d8aeb5e,Hirotaka Imada,2021-10-25T15:12:15.000+09:00,30
追試研究に参加して勉強したこと①,https://note.com/hirompet/n/na681ab5ebea9,Hirotaka Imada,2021-10-25T15:11:38.000+09:00,19
追試研究に参加して学んだこと③：追試研究は難しい、追試研究を出版するのはもっと難しい,https://note.com/hirompet/n/n612ce6b71ef0,Hirotaka Imada,2021-10-27T14:58:03.000+09:00,20
pdfからtextを抜き出す試行錯誤のメモ,https://note.com/kan_hatakeyama/n/n1773c588ecb4,Kan Hatakeyama,2024-02-23T15:27:13.000+09:00,145
AI生成で３０万枚作ってわかったこと,https://note.com/jun_yama555/n/n6e8769fe2c44,jun555,2024-02-21T10:14:09.000+09:00,3193
ニューカマーが思うアマチュア無線が流行らない理由と対策案,https://note.com/jk1ktt/n/n0fb62337769f,JK1KTT,2023-07-13T00:31:07.000+09:00,29
理系は文系よりも本当にチェックシャツを着ているのか？,https://note.com/njunn/n/n9702d8bed8f8,njun,2024-02-16T17:08:47.000+09:00,23
ヌードの絵画史〜美術の歴史にハダカあり〜,https://note.com/gakugeiin/n/n728a3c1fd9ee,ちいさな美術館の学芸員,2022-05-18T06:51:15.000+09:00,70
Steam不評レビューには何が書かれているのか？~日本発インディーゲームの場合~,https://note.com/sheeplane/n/n6578135df995,離水ひつじ,2024-02-03T17:08:20.000+09:00,497
プレゼンスライドがみるみる良くなる基本の推敲技術 -事例付き解説-,https://note.com/hisashi_is/n/n188b42f83dda,石原尚（大阪大学教員）,2022-01-21T17:29:38.000+09:00,1162
論文必勝法,https://note.com/ipsj/n/nc933690fd880,情報処理学会・学会誌「情報処理」,2020-10-14T11:01:03.000+09:00,4
「密林の聖者」とはどの視点によるものか③－日本人のシュバイツァー観への疑問－,https://note.com/utagewaowattaga/n/n70048c9f572f,宴は終わったが,2023-11-11T11:39:28.000+09:00,220
「密林の聖者」とはどの視点によるものか②－日本人のシュバイツァー観への疑問－,https://note.com/utagewaowattaga/n/n269b7cd32d5a,宴は終わったが,2023-11-04T11:00:51.000+09:00,224
「密林の聖者」とはどの視点によるものか①－日本人のシュバイツァー観への疑問－,https://note.com/utagewaowattaga/n/n6dfe730b54ef,宴は終わったが,2023-10-28T11:26:44.000+09:00,255
コンビニに扇情的な表紙の雑誌があることは「差別」なのか？,https://note.com/shiba_eri/n/nabe4915d4e7a,シバエリ,2024-01-24T00:57:16.000+09:00,535
アブストラクトゲームはなぜそう呼ばれているのか,https://note.com/kanare_abstract/n/nfdc98106c3ed,加藤香流@Kanare_Abstract,2022-03-28T08:55:34.000+09:00,72
捕食学術誌における失敗,https://note.com/imatatsuphd/n/nfe04275b29b0,今井達也,2024-01-19T23:38:48.000+09:00,51
国会図書館にない本の話,https://note.com/oshiosushi/n/n9fd3756425aa,おしお,2024-01-21T11:04:48.000+09:00,11
【追憶の場所 No.001】 インターナショナルアーケード,https://note.com/ryosuke_otani/n/na0de145bad30,Ryosuke Otani,2023-02-21T22:25:24.000+09:00,3
追憶 インターナショナルアーケード,https://note.com/joshnote/n/n96090fc0f8b8,josh,2022-09-24T20:11:55.000+09:00,58
老後の藤子不二雄、トキを語りあう！『光陰』／シリーズ・トキノナガレ④,https://note.com/shatoru0619/n/n86728b2aec87,藤子Ｆノート,2021-06-15T20:14:57.000+09:00,15
fantiaのzipデータに仕事の応募履歴書を入れて100円で個人情報を売った女,https://note.com/ranmarukun/n/nbffb9ba24d25,蘭丸くん,2024-01-17T10:54:27.000+09:00,147
オセロは日本発祥のゲームじゃないです,https://note.com/kanare_abstract/n/n10930fa52519,加藤香流@Kanare_Abstract,2024-01-11T08:01:23.000+09:00,328
3次以下の正方行列のジョルダン標準形への変形を徹底的にやってみた話,https://note.com/isem/n/nfc3d3b252345,正則,2024-01-07T16:18:52.000+09:00,4
2024年の画像生成AI事情のまとめと今後の考察と駆け出しクリエイターへのアドバイス,https://note.com/freena_illust/n/ne1442b0563c3,よー清水,2024-01-09T09:41:06.000+09:00,3149
「家政婦は見た！」を、ちゃんと見た！,https://note.com/iincho/n/ne74c91fe6198,委員長／日本語教師,2019-01-29T20:25:14.000+09:00,10
英語の学術論文をChatGPT-4で執筆する際の手順メモ,https://note.com/kan_hatakeyama/n/ncc312ff6a23d,Kan Hatakeyama,2024-01-05T18:53:55.000+09:00,592
統計学を全然知らない化学屋が統計検定1級を受けた話,https://note.com/dosei23/n/n9f96716cfae2,たっぷりプリン,2023-11-19T18:10:16.000+09:00,39
世界で一番利用されているフォント,https://note.com/up_hide/n/n03c5158a4a6d,hide,2023-12-25T12:50:29.000+09:00,77
化学者のための大規模言語モデル・ラボオートメーションのすすめ(草稿),https://note.com/kan_hatakeyama/n/n2188863447c0,Kan Hatakeyama,2023-12-23T15:40:43.000+09:00,29
分散の劣加法性,https://note.com/utaka233/n/n2dc42b5e3004,Takayuki Uchiba,2024-01-02T20:50:34.000+09:00,20
「東日本大震災を思い出してください！」その時、ことばで命を守れるか。NHKアナウンサーたちの10年,https://note.com/nhk_syuzai/n/nadc4f357d7f9,NHK取材ノート,2021-07-02T15:10:46.000+09:00,4717
日本アカデミー賞最優秀作品賞46作品全部見たから全部レビューする（全28000字）,https://note.com/finto__/n/nb91024a289e7,Suzuki,2023-12-31T23:32:48.000+09:00,235
考察２　真空ジェシカのお笑いについて,https://note.com/jakusanfan/n/ne9a7dc7cdbb1,弱ファン,2023-06-02T01:33:10.000+09:00,17
卒論が“調査報道”に 「大好きな森林、本当にこのままでいいの？」,https://note.com/nhk_syuzai/n/ncfed168ebc83,NHK取材ノート,2023-12-26T14:00:00.000+09:00,619
研究ツールまとめ2023,https://note.com/cvpaperchallenge/n/n6f18dbbc1c85,cvpaper.challenge,2023-12-24T09:32:33.000+09:00,166
ハタチ以降の「持続可能な」ものづくり,https://note.com/nyanyan_cubetech/n/n155476bb5d3f,にゃにゃん(山名琢翔),2023-12-25T19:04:56.000+09:00,22
K2の「マッカラン18年」を飲みに、高級ホテルのバーへ行った話。,https://note.com/mayko103/n/n8237b472eb01,MAY,2023-09-24T19:48:15.000+09:00,50
Z世代の大学生が大量に変なサークルを作っているので、その原因を調べてみた,https://note.com/oden010203/n/n1e57c30c0495,インターネット退屈日記,2022-02-08T22:03:38.000+09:00,109
４年間、7色だけでUIをデザインし続けた話,https://note.com/ash/n/n82b11075119a,コウノ アスヤ,2023-12-18T17:02:14.000+09:00,932
コミケの時代の終わり―BLも、ニッチな本も消えていく―,https://note.com/loseheroine_wsd/n/n2b8cdb169664,早稲田大学負けヒロイン研究会,2023-12-17T22:47:47.000+09:00,5203
アニメによくある球体に六角形が貼り付けられたバリアについて,https://note.com/subkl11chan/n/n6692895dec4f,雑,2023-10-07T07:13:13.000+09:00,780
日本の古典和歌を埋め込みベクトルで分析する,https://note.com/yhkondo/n/nd321604729cd,yhkondo,2023-12-15T23:37:33.000+09:00,232
「オセロが解けた」を白黒ハッキリさせようじゃないか,https://note.com/ipsj/n/n86f6dbfbfc7a,情報処理学会・学会誌「情報処理」,2023-12-15T09:51:22.000+09:00,98
[Rによるデータ分析入門]変量効果モデルと相関変量効果モデル（３）,https://note.com/toshi_matsuura/n/n40617b8c480b,Toshiyuki Matsuura,2023-11-03T13:15:20.000+09:00,3
「親ガチャ」考,https://note.com/shinshinohara/n/n059bb404508a,shinshinohara,2023-11-29T18:52:27.000+09:00,874
ものづくり文化をつくること,https://note.com/nyanyan_cubetech/n/n32704c6477cd,にゃにゃん(山名琢翔),2023-12-01T00:00:01.000+09:00,25
院試の記録,https://note.com/_peace_vv/n/n1688b341f78e,ぴーす,2023-12-01T00:00:21.000+09:00,12
僕の鼻の病気について一気に書く,https://note.com/nyalra2/n/n0353d910d3c7,にゃるら,2023-08-28T12:41:23.000+09:00,3223
【お宝発掘】ジッタリン・ジンに乗って死んだ父親の部屋片づけてみた,https://note.com/kasumishirakaba/n/n2322194606bd,白樺香澄,2021-08-20T17:34:22.000+09:00,1706
"📝ちゃんと使い分けてる？CSSのpx, em, rem, %, vw単位の違い",https://note.com/takamoso/n/nde1275183086,たかもそ／Web Creator.,2020-02-08T13:09:42.000+09:00,252
Wiktionaryの（非）ススメ,https://note.com/indo_european/n/n0e39866d7d16,ŌYAMA(@Yusuke_OYAMA_),2021-02-09T09:34:58.000+09:00,15
テクノブレイク同好会,https://note.com/sophialc/n/n96832e4c907f,やまうち,2019-08-31T12:31:07.000+09:00,2
ラム酒の選び方（あまり飲まれたことのない方向け）,https://note.com/kari_ike/n/n26e54fee0dba,Junichi Ikeda,2023-10-06T15:32:16.000+09:00,20
計数数理向け情報理工学系研究科数理情報学専攻の院試について[2024年度],https://note.com/hari64boli64/n/n9b8c923dfbd7,hari64,2023-11-03T13:25:36.000+09:00,23
【就活にも通ずる】大学院入試・編入学試験での志望理由書の書き方,https://note.com/atakts_55/n/n262a4a6b37d0,Atakts,2020-12-26T00:42:11.000+09:00,97
HHKB US配列を使ってみて思ったこと,https://note.com/shinome_1024/n/n222ebd6052f8,shinome,2023-06-10T18:32:32.000+09:00,9
EEIC2Aの授業を振り返る（2021）,https://note.com/yutyan_innovate/n/neb606f89cc60,Yutyan,2022-02-13T14:39:31.000+09:00,13
EEIC 3Sの授業を振り返る（2022）,https://note.com/yutyan_innovate/n/nf2ec05e8eacc,Yutyan,2023-02-12T13:10:43.000+09:00,4
EEIC 3Aの授業を振り返る,https://note.com/yutyan_innovate/n/n251259c92803,Yutyan,2023-02-13T16:47:46.000+09:00,7
リモート受験を名古屋大の院試でした話（2020年7月、航空宇宙工学専攻　筆記免除試験）,https://note.com/satoufsinsei/n/n29b73688218c,のっぶなり,2020-07-20T22:47:39.000+09:00,21
妻がいながら、若い女性とホテルで美しい焔を讃えてしまった件。(掌編小説),https://note.com/c0de4/n/nc5486b0112b2,惑星ソラリスのラストの、びしょびしょの実家でびしょびしょの父親と抱き合うびしょびしょの主人公,2023-10-27T22:44:37.000+09:00,105
今週のフラクタル21　(z^2-ixy+c),https://note.com/108hassium/n/n6f47f05127d3,108Hassium,2023-10-22T19:00:10.000+09:00,8
「環境×実証ミクロ」の最前線を伝える！：小西祥文「新しい環境経済学」スタート,https://note.com/keisemi/n/nc60ddd39dd19,経済セミナー編集部,2022-11-29T11:18:47.000+09:00,11
CO2の行方だけでなく一貫性の行方もわからなくなっている件,https://note.com/apj/n/n26c474ae2322,apj,2023-04-12T18:40:52.000+09:00,682
情報処理技術者試験の最年少合格者とご両親の声,https://note.com/ipsj/n/n049e7b7aee2c,情報処理学会・学会誌「情報処理」,2023-10-16T08:51:21.000+09:00,105
【感想】TYPE-MOON BOOKS material,https://note.com/silvermoonm/n/ncca35d0996a6,銀月マダオ,2023-10-15T22:31:45.000+09:00,21
人生はゲームだ（前編）,https://note.com/ipsj/n/n6ae0503e81f6,情報処理学会・学会誌「情報処理」,2023-10-15T21:10:56.000+09:00,21
ハリーポッターの考察余地〜「この身はただ一人の穢れた血の為に」を読みながら、例のあの人の正義について〜,https://note.com/zukazuka0128/n/n6e338152c861,zukazuka0128,2023-02-05T19:59:39.000+09:00,12
大学院に受かったらやっておく4つの事,https://note.com/atakts_55/n/n511cc76e76cf,Atakts,2020-09-11T18:23:21.000+09:00,31
言語が減ることって問題ですか？への私の答え,https://note.com/lingfieldwork/n/nefd96c0b8e71,下地理則（九州大学人文科学研究院 教授）,2020-07-05T22:31:11.000+09:00,975
社会人で大学院入学を希望される方へ（再掲）,https://note.com/sakunary/n/n06c50b0436c5,桜井政成研究室（出張所）,2023-08-10T20:03:41.000+09:00,535
アニメーション撮影の基本処理,https://note.com/senzui/n/n0d16db89be1c,senzui,2023-02-26T11:57:56.000+09:00,60
黄金の夜明け団の魔術と技法,https://note.com/morfo/n/n3118e989b8cd,MORFO HUB,2022-01-29T06:37:05.000+09:00,11
黄金の夜明け団の教義,https://note.com/morfo/n/n13716c1db656,MORFO HUB,2022-02-26T06:29:27.000+09:00,11
「難しい」定積分の問題,https://note.com/hirokazuohsawa/n/n3002a7a98909,大澤裕一,2023-09-24T15:08:01.000+09:00,11
因果推論と構造推定をより深く学ぶための文献紹介：小西祥文「新しい環境経済学」第2回,https://note.com/keisemi/n/n06ea204a4301,経済セミナー編集部,2023-01-26T12:12:31.000+09:00,20
【緑色変】算数の教養がほとんどなかったプログラマがAtCoderを4年やって緑になれた話,https://note.com/kirimin_chan/n/n337f5bdf7e48,きりみんちゃんノート,2023-09-24T08:08:36.000+09:00,192
123456789番目のフィボナッチ数を4で割った余りは？,https://note.com/108hassium/n/n9837f04b8be4,108Hassium,2023-09-24T19:00:02.000+09:00,23
東大&京大の院試対策に使った本および勉強法とか（物理学専攻向け）,https://note.com/shidarezakura18/n/n0bd0be49ecbb,𝙎𝙝𝙪𝙩𝙖,2023-09-24T01:11:28.000+09:00,63
Fate/EXTRA~CCC あらすじまとめ（ネタバレあり）,https://note.com/syuminagawa/n/n0f40c8c7b798,アポイ,2017-04-30T15:50:57.000+09:00,22
朝日新聞社内でジャニーズ報道を仕切る「ジャニ担」の影響力,https://slownews.com/n/n5e63f062b061,SlowNews | スローニュース,2023-07-18T15:52:23.000+09:00,603
横向きA4サイズの現代アート。霞が関の「ポンチ絵」はどうして生まれたか？ その知られざる使命とは,https://note.com/narumi/n/nf4210a6c6051,narumi,2023-09-07T10:30:00.000+09:00,2640
AIの勝率表示と体感との乖離～自戦記　松尾八段戦～,https://note.com/toyama_shogi/n/ndc12a5bb1081,遠山雄亮／将棋プロ棋士,2023-09-02T11:15:20.000+09:00,62
FGOのTAについて,https://note.com/ume_fgo_ta/n/n92c56a13b911,うめ,2022-04-05T22:25:35.000+09:00,16
ボードゲームにおける複数の勝利ルートの意義(Multiple Paths to Victory),https://note.com/behonest00033/n/n4ea6b130b3a1,べよ,2023-08-28T07:58:50.000+09:00,56
Blue Lose Vol.3 内容紹介,https://note.com/loseheroine_wsd/n/nf74ef45376af,早稲田大学負けヒロイン研究会,2023-05-11T22:00:10.000+09:00,25
院試(修士課程)の面接でよく聞かれる質問をまとめ,https://note.com/kazu_onakasuita/n/n8387a1268afb,John,2023-07-14T21:10:17.000+09:00,35
採点基準と頭のよさ（１）,https://note.com/katobungen/n/n8a1e8a57a870,加藤文元,2023-08-13T14:46:40.000+09:00,59
マンドリカルド原典集成目次,https://note.com/filius/n/n6e99804ea0de,西川秀和,2020-10-25T21:21:17.000+09:00,36
『カタイのアンジェリカ』解説,https://note.com/filius/n/nfe5f86c5a52c,西川秀和,2021-04-05T21:03:43.000+09:00,5
【アンケート結果報告】画像生成AIツールについて【前編】,https://note.com/skimanote/n/nbd82278d5b2f,SKIMA公式,2023-07-31T12:06:24.000+09:00,84
東方の大英雄ではない――英雄「アーラシュ」の真実(2),https://note.com/note_s/n/n30910c4af8e4,Guest,2019-04-04T22:33:59.000+09:00,27
競プロは編入の役に立つ、あるいは編入舐めプ体験記(筑波大学合格),https://note.com/bitrate/n/n92f27e0c2fdb,bitrate,2023-08-12T17:35:32.000+09:00,16
政府はマイナ保険証の導入をなぜ急ぐのか？,https://note.com/adachi_eabus/n/n103d3801ceaa,安達和夫,2023-08-03T15:19:34.000+09:00,573
ペンローズのグラフ記法によるベクトル解析の公式の表現,https://note.com/teion_burns/n/n5f486f83dd81,低音,2021-05-22T18:13:24.000+09:00,44
中長期インターンシップ 持ち物リスト,https://note.com/arkw0/n/n0707ab028112,arkw,2023-08-03T20:55:37.000+09:00,7
Ankiで英単語を覚える際の10のコツ,https://note.com/noda_anki/n/nc0001749524a,noda,2021-11-17T02:42:51.000+09:00,48
幻の「別冊サザエさん」第三集と第四集を読みました,https://note.com/tripwalker/n/nb127af718bbe,栗橋英実,2023-01-15T22:38:17.000+09:00,13
「変則チェス」の奇妙な世界,https://note.com/kanare_abstract/n/n517261d35cb9,加藤香流@Kanare_Abstract,2022-06-17T12:46:48.000+09:00,33
論文紹介: ChatGPTは大卒専門家の作業時間を40%減らし、質を18%高めた,https://note.com/m_datasci/n/n52a4e7f79287,M,2023-07-24T09:37:59.000+09:00,8
【弁護士から見る】ジブリ作品の写真提供の衝撃,https://note.com/d_kozo/n/n3e5216c42885,デザイナー法務小僧,2020-09-20T18:08:53.000+09:00,585
ChatGPTによる英文校正のプロンプト比較,https://note.com/genkaijokyo/n/n151d57c44864,genkAIjokyo|ChatGPT/Claudeで論文作成と科研費申請,2023-07-21T04:12:32.000+09:00,41
美味しんぼ38巻ラーメン戦争もやっぱ納得できない件,https://note.com/hasegawonder/n/n7712a7ccc903,hasegawonder,2021-02-25T18:37:25.000+09:00,20
wordで簡単に数式を書く,https://note.com/keisemi/n/na12bfeb77469,経済セミナー編集部,2020-09-20T09:08:57.000+09:00,118
中高年の誤った学歴認識2023,https://note.com/jyusouken/n/n3ed746b64479,伊藤滉一郎@じゅそうけんの中身,2023-07-04T21:44:50.000+09:00,136
名探偵コナン 緋色の弾丸 羽田秀𠮷の”詰将棋”について調べてみた (4/24更新),https://note.com/nanoc25n/n/n13ca3c116ad1,なのく,2021-04-19T20:48:18.000+09:00,197
学生起業で絶対に失敗しない方法(増補版),https://note.com/shi3zblog/n/n806ba1ccc6bf,shi3z,2023-07-12T14:38:38.000+09:00,554
「バランス駆動」で音は変化するのか？,https://note.com/leshy555/n/nef6666e2f54c,れー,2021-10-22T03:18:27.000+09:00,9
書評：Pattern Recognition and Machine Learning,https://note.com/noritaka0423/n/nfbed73a2dba7,nori,2022-11-27T20:25:59.000+09:00,11
論文紹介: 論文はネットでシェアされるごとに情報量が落ちる,https://note.com/m_datasci/n/nb9f896c69fc4,M,2023-05-30T16:11:45.000+09:00,25
【アニメ感想】名探偵コナン 第1057話「わるいやつら」,https://note.com/watarisanmonme/n/n2bee459b6653,スタハチ＠コナン感想,2022-09-25T19:00:54.000+09:00,5
Fediverseのとある場所で起きた騒動について,https://note.com/yukijunisho/n/n710a987b00e2,雪十二晶,2023-05-08T12:21:04.000+09:00,9
機械学習の理論書をテーマ別で紹介！駆け出し機械学習エンジニアが、機械学習プロフェッショナルシリーズ約３０冊を全て速読してみた,https://note.com/kotabrog/n/n23bf928735cb,Kota,2020-10-21T15:00:55.000+09:00,43
劇場版名探偵コナン・OPテーマの変遷,https://note.com/matsuyu_1025/n/nef92a120e386,まつゆう,2022-04-07T18:14:51.000+09:00,143
【6/18追記】大人になってから絵が描きたい人のための～～ってやつの裏話というか、参考にした方々の話,https://note.com/rule_ppp/n/na8a9b6a7ca47,Rule_ppp,2023-06-15T13:35:52.000+09:00,346
300万使ったSkeb依頼者視点から見るAIイラスト,https://note.com/namerou13579/n/n1aa31cf2c7c3,アホ,2023-06-16T00:08:58.000+09:00,3288
YOASOBI『アイドル』の異様さの評価＋常識外れの英語歌詞の問題について,https://note.com/yasumisha/n/nb69de4c016db,Sagishi,2023-06-02T02:54:02.000+09:00,1105
私の知っているビルゲイツ、その12,https://note.com/samf/n/nc0b40f054f06,samf、古川 享,2020-04-16T04:13:47.000+09:00,144
赤松健参議院議員の講演,https://note.com/dyr_core/n/n3f66dd3fe6fd,DYR,2023-06-11T18:45:35.000+09:00,305
Unityを学ぶことにした 1（BlenderやMMDでの学びを発揮する場所）,https://note.com/tsukasa_yamato/n/ndc316374d718,大和 司,2022-03-05T07:20:33.000+09:00,10
ChatGPTに共通テスト（旧センター試験）を解かせてみた,https://note.com/lifeprompt/n/n75b6f4bf4e05,株式会社LifePrompt,2023-06-09T18:22:44.000+09:00,540
輸出される「中国しぐさ」とどう向き合うべきか,https://note.com/stwtcpld/n/n2daab2c9e211,華村＠中国,2023-06-09T18:00:00.000+09:00,42
自分の過去ツイートでrinna/japanese-gpt-neox-3.6bをfinetuningして「俺tter」を生成する,https://note.com/eurekachan/n/n899132477dff,松note,2023-06-08T23:40:11.000+09:00,100
高専界隈スパム騒動についての考察,https://note.com/kosen_now/n/ne3a11af6d703,はんにゃ,2023-05-12T17:41:33.000+09:00,217
ここまで調べた 持将棋と千日手【3】「持将棋ミーツ千日手」編,https://note.com/shogishigaku/n/n5037c0084ca3,将棋史学同人,2023-06-03T09:08:54.000+09:00,27
テレワークにUSBヘッドセットが必須という話,https://note.com/rkawtr/n/nc3551d66ec41,川手  遼一,2020-04-25T21:53:21.000+09:00,42
過去問の答えがない大学院入試を乗り切る方法,https://note.com/atakts_55/n/n6f8e0df7f40c,Atakts,2020-12-05T10:34:01.000+09:00,18
エンジニアバブルとは何だったのか,https://note.com/makaibito/n/n3be186b76ced,久松剛／IT百物語の蒐集家,2023-05-28T17:32:43.000+09:00,496
東大院合格者の超コスパ数学対策,https://note.com/high_bridge_ut/n/ndf5d3b9fd1e5,TK~現役東大生ブログ~,2020-09-22T17:25:58.000+09:00,73
ライフゲームでピタゴラスイッチ,https://note.com/108hassium/n/n3390cfd2a6ad,108Hassium,2022-11-19T19:00:02.000+09:00,44
【遊戯王マスターデュエル】世界2位になる方法,https://note.com/shiguma4/n/na8a910437fb8,SHIGUMA,2022-12-26T22:38:08.000+09:00,238
東京大学大学院情報理工学系研究科入試　数学解答,https://note.com/kanrinin_x/n/ne08d686104b9,管理人X/insearch公認アドバイザー,2021-10-02T17:57:12.000+09:00,40
東京大学大学院 情報理工学系研究科の院試体験談と対策,https://note.com/grad_entr_exam/n/n38aa6621c39d,院試対策室,2023-05-14T20:26:32.000+09:00,17
東京大学大学院　情報理工学系研究科　共通数学対策まとめ,https://note.com/ttteeeerer/n/n480b67a078bf,ze,2022-10-06T17:24:20.000+09:00,1
自社開発メガベンチャーをわずか半年で鬱退職した雑魚エンジニアの話,https://note.com/joan_of_arc/n/ned510ca913c7,JoanOfArc,2023-05-19T21:49:22.000+09:00,3143
落ちこぼれ東大生が院試に落ちた話(前編),https://note.com/saki_poem/n/n6300a3257b70,さき,2020-04-10T22:00:34.000+09:00,62
落ちこぼれ東大生が院試に落ちた話(後編),https://note.com/saki_poem/n/na316fa865519,さき,2020-04-12T22:00:04.000+09:00,103
【東大院試】外部生が学際情報学府を受験した話【先端表現情報学コース】,https://note.com/jojo778m/n/ne5790b0e4d01,じょじょ,2021-10-01T20:30:09.000+09:00,78
非道！スシ・トーチャリングを受けるニンジャスレイヤー！,https://diehardtales.com/n/n310aeada5556,ニンジャスレイヤー公式/ダイハードテイルズ,2019-05-17T11:31:08.000+09:00,34
筑波大は本当に他学類をとれるのか～学類別/大学別/年代別データを通じて～,https://note.com/shiromi_s/n/n3aae885b2a0b,ₛₕᵢᵣΦᵐⁱ,2023-05-19T03:56:11.000+09:00,66
いかにOne Last Kissはエヴァの本質を濃縮しているか～歌詞の本当の意味,https://note.com/koheii/n/nb65be84eed7f,石田 康平,2022-03-09T19:15:39.000+09:00,216
ライフゲームのヤバいプロジェクト3選,https://note.com/108hassium/n/nc40179ce93ba,108Hassium,2023-05-14T19:00:13.000+09:00,46
2020年 東京大学院 合格体験記,https://note.com/high_bridge_ut/n/nb141305e57c3,TK~現役東大生ブログ~,2020-09-02T21:23:52.000+09:00,33
カラオケ字幕おすすめフォント,https://note.com/fukkun_mochikara/n/nd8a636467e71,フックン,2021-12-29T15:51:46.000+09:00,6
【実際に機能する魔術の教程本『モダンマジック』】其之一　あるいは本物の儀礼魔術師になるための鈍器本,https://note.com/kokushokankokai/n/n611f6d31547d,国書刊行会,2023-05-12T20:29:00.000+09:00,111
イーロン・マスク買収後、ツイッターは当局の要請にほぼ全部応えていた,https://note.com/ichi_twnovel/n/nae782f36e513,一田和樹のメモ帳,2023-04-28T04:17:59.000+09:00,16
146日間に渡る、Geant4を利用したUnity製 素粒子シミュアプリの開発記録,https://note.com/melville/n/necd0619fb5a3,Melville,2023-05-08T03:06:24.000+09:00,23
『シン・エヴァンゲリオン 劇場版』にチラ見する“デザインの歴史の２つの時代”,https://note.com/shijimiota/n/n2baed909bf33,しじみ ｜デザインを語るひと,2022-03-31T07:00:00.000+09:00,28
図式で学ぶ線形代数 #2 ～スペクトル分解と特異値分解～,https://note.com/kenji_nakahira/n/n06f825975afd,Kenji Nakahira,2022-06-07T09:14:19.000+09:00,30
元ヘタリアオタクの私が「まあネタだし」で流せなくなった理由,https://note.com/sisterleemag/n/nfe30129d66e4,Sisterlee（シスターリー）,2020-10-26T18:00:20.000+09:00,881
誘導型について,https://note.com/phd_etal/n/nf53092541f40,大学院生,2023-02-08T19:48:13.000+09:00,8
"なにが""整う""だよこのねづっち気取りがよ",https://note.com/shun_0430/n/n72c4051c84fc,春,2023-03-21T19:52:04.000+09:00,215
検証企画 第四弾,https://note.com/panpan9292/n/nb468f3ae57a7,お花,2020-09-21T22:32:35.000+09:00,380
スケベおもちゃの感想②,https://note.com/panpan9292/n/nd4f600175d42,お花,2020-11-07T23:45:31.000+09:00,247
スケベおもちゃの感想①,https://note.com/panpan9292/n/ne54a7ac243a0,お花,2020-10-11T00:36:39.000+09:00,382
【ディズニー】ドラッケンとシーゴーって萌えアニメなんだ！【キム・ポッシブル】,https://note.com/kotarodayo1126/n/n791e5c116423,コウタロー速報2,2023-04-17T18:23:18.000+09:00,37
分散型SNSの台頭について,https://note.com/ishicoro/n/n21556ec49438,石ころ,2021-01-11T19:03:47.000+09:00,267
Mastodonにある程度慣れてきた人による、Twitterとの比較に関する所見,https://note.com/kmycode/n/n8c3d762f84d9,KMY,2023-04-14T15:02:36.000+09:00,126
『土偶を読むを読む』という書籍を出します。,https://note.com/22jomon/n/na416aa91ba48,縄文ZINE_note,2023-04-04T22:03:08.000+09:00,597
画像生成AIの学習について絵描きにアンケートを取った結果と今後の考察,https://note.com/freena_illust/n/n41043ec3a0a2,よー清水,2023-04-06T06:25:56.000+09:00,1141
「東京大学満期退学」アピールに見る、世間をまだ知らない若者を転がさない社会の重要性,https://note.com/kirik/n/ndbb9fa070959,山本一郎（やまもといちろう）,2023-04-04T17:51:23.000+09:00,809
GPT-4以降，英語が最強のプログラミング言語になりつつある状況をまじめに考えてみる．,https://note.com/ochyai/n/n594b96588560,落合陽一,2023-04-01T19:39:29.000+09:00,766
あなたの性癖の為のLoraリンク集,https://note.com/nkmonaka/n/n32973263de50,にきもなか,2023-03-31T01:17:30.000+09:00,827
やらされ「ネクステ」を意味ある勉強にするためのヒント,https://note.com/newfield114/n/ncb7ef2f04e48,新野 元基,2020-04-10T19:41:45.000+09:00,88
「ネクステ」という名の信仰,https://note.com/newfield114/n/na6e41f004a6a,新野 元基,2020-04-09T12:50:33.000+09:00,75
サイバー警察に家宅捜索されたときの備え方　ネット時代の警察リスクと対策,https://note.com/lain367/n/n4287e5058888,lain,2023-03-24T20:55:21.000+09:00,583
【体験記】東京大学工学系研究科システム創成学専攻（修士課程）院試受験,https://note.com/daigakuin_juken/n/nf53bbd189777,大学院受験記録,2021-09-14T23:22:20.000+09:00,68
デザイナーとしての「ゆるやかな死」,https://note.montblanc.design/n/n9f369b934c9a,モンブラン｜Designer × VTuber,2018-02-13T12:54:12.000+09:00,3083
Project Miction ~特徴の分類~数学者✖️バーテンダー✖️醸造家②,https://note.com/project_miction/n/nb18012ae1fbe,Project Miction,2022-02-16T01:29:55.000+09:00,10
MuZero AIの構築方法,https://note.com/npaka/n/n2085bfddd86c,npaka,2020-03-04T19:33:29.000+09:00,28
【ゲーム】彼女と浣腸バトルしたら大変なことになった【前編】,https://note.com/saturnalia/n/n0218d5094c87,港区フーコー,2020-04-30T00:55:03.000+09:00,330
フェミニストの「ミラーリング」はなぜ失敗してしまうのか,https://note.com/mt_yamamoto/n/n2c3c5ce3fe45,やまもとやま,2021-11-27T17:10:48.000+09:00,2609
Qiita投稿記事から作る「日本のIT技術マップ」 - VDSLab Magazine vol.1,https://note.com/likr/n/n7061d34bf3f9,likr,2023-01-02T02:51:22.000+09:00,43
大学院入試(東京大学学際情報学府、総合文化研究科広域システム科学専攻),https://note.com/qazxdrt/n/n593f4b8b7a72,ぱんと,2021-08-27T17:19:24.000+09:00,24
北朝鮮に鉄道マニア34人で押しかけた話,https://note.com/twinrail/n/n6b841d4d45dd,twinrail,2023-02-10T18:08:27.000+09:00,14084
新しめのStable Diffusionマージモデルについて（更新終了）,https://note.com/mayu_hiraizumi/n/n252161114cde,まゆひら,2023-01-19T20:08:22.000+09:00,64
大学発ベンチャー1000社計画を振り返る,https://note.com/anri_vc/n/n8b2f2bf5bc59,ANRI,2023-02-01T17:30:08.000+09:00,117
Fateシリーズの舞台「冬木市」のモデルは大分市か？ それとも別府市か？,https://note.com/note_s/n/n771d750ec8b1,Guest,2018-11-28T16:22:54.000+09:00,112
東京大学情報理工学系研究科 コンピュータ科学専攻 筆記試験対策,https://note.com/jimmyeaaaaah/n/ncd39bf058a0e,じみー,2022-09-09T21:56:25.000+09:00,27
【漫画「悪魔くん」研究レポート】魔術「エロイム・エッサイム」とはなにか【第１回】,https://note.com/minotaurs070/n/ndc7128c0ebeb,MI_NOtaur,2022-09-24T22:11:54.000+09:00,50
日本最大の砂丘は猿ヶ森砂丘ではない(目次),https://note.com/geography_cznk/n/ne27ea8b99561,地図ねこ,2023-01-19T13:34:49.000+09:00,91
AIがコミットメッセージ自動生成！神ツール『auto-commit』『commit-autosuggestions』の紹介,https://note.com/sakasegawa/n/n9f63e82ef391,逆瀬川,2022-12-01T16:25:32.000+09:00,115
明石高専風俗同好会番外編　5年振りに再開した同級生と＿＿＿＿＿。,https://note.com/gawa0173/n/na768c5e003ec,がわ,2023-01-16T01:07:27.000+09:00,27
すかいらーくは3000台のネコ型配膳ロボットをどうやって導入しきったのか。,https://note.com/takecando/n/nde249da74f7c,安藤 健／ロボット開発者,2023-01-15T15:22:31.000+09:00,2965
AI を自分好みに調整できる、追加学習まとめ ( その５: LoRA),https://note.com/te_ftef/n/n096ef64cb6c1,teftef,2023-01-15T16:33:43.000+09:00,105
ジャニーズの現場でのチケット転売について解説する,https://note.com/13weekslaterep/n/nbdc25b1ae24a,めりぴょん／山野萌絵,2023-01-09T14:53:54.000+09:00,1999
新卒、第二新卒、未経験からITエンジニアになるために／中長期的な視点を踏まえたキャリア対策,https://note.com/makaibito/n/nd82b60586f87,久松剛／IT百物語の蒐集家,2023-01-08T21:39:54.000+09:00,228
広告振り返り～2022年の広告を振り返りつつ広告最強ランキングを作りたい～,https://note.com/koukoku_miruyo/n/n15e447bc14ed,広告を見るやきそば,2022-12-31T15:56:37.000+09:00,268
「姫アキセックスしてたんだな」チェンソーマンPVに描かれた3秒の「事後」描写,https://note.com/chainsawdaisuki/n/nf43007db27ef,Matsumoto,2021-07-02T16:18:51.000+09:00,94
イラストレーターが真面目にAIイラストを加筆修正してみた。[niji journey],https://note.com/abubu_nounanka/n/n754dec89fce9,abubu nounanka,2022-12-25T21:16:42.000+09:00,466
哺乳瓶で酒を飲んだら世界が変わった話,https://note.com/n_mmo/n/n59341a511aaf,モモノ,2020-07-20T01:02:50.000+09:00,26
ハフポストに見るTwitterキュレーションの効果,https://note.com/shioshio38/n/n775930353e21,データをいろいろ見てみる,2022-12-19T23:43:08.000+09:00,334
深層学習初心者がAAAI2022に採択されるまでの道のり,https://note.com/cvpaperchallenge/n/nb0207d2e1881,cvpaper.challenge,2021-12-10T18:33:09.000+09:00,14
VRワールドで何に価値を感じるかという超個人的な話,https://note.com/waka1230/n/nca375cf159c4,わか/Waka123@VRChat,2022-12-13T12:24:55.000+09:00,292
最古の記憶はものづくり,https://note.com/nyanyan_cubetech/n/n69c2daa5e95a,にゃにゃん(山名琢翔),2022-12-12T22:36:16.000+09:00,13
大規模計算機を深層学習に利用する方法,https://note.com/cvpaperchallenge/n/n0ef38e4a9684,cvpaper.challenge,2022-12-11T17:06:19.000+09:00,22
【報告】ねとらぼを退職しました（＆この10年でやってきたこと振り返り）,https://note.com/tekken8810/n/nc9773e38c5ea,てっけん,2022-12-11T18:53:58.000+09:00,1038
AI画像界隈 用語集,https://note.com/1024pixels1/n/n4fc29a4b9c74,backslash,2022-11-25T09:02:11.000+09:00,64
提案書を読んでもったいないと思った部分を紹介します。採択はぶっちゃけ運です。,https://note.com/teramotodaiki/n/n148d35899016,Daiki Teramoto,2020-04-19T21:11:23.000+09:00,72
"バーチャルフォトグラフィの""現在""「写真という概念の誕生」──Re:collection 制作インタビュー",https://note.com/vweclub/n/n20bc338568bb,VRChatワールド探索部,2021-09-27T18:27:28.000+09:00,199
バーチャルフォトグラファーというお仕事。,https://note.yokoichi.jp/n/na434e651143d,横田 裕市,2022-01-13T15:31:05.000+09:00,136
Virtual Photographerという新しいお仕事の話,https://note.com/matsuyou/n/n1e0468bdf3c4,まつゆう* / 松丸祐子,2021-04-08T01:48:51.000+09:00,41
Keychron K3をゴリゴリカスタマイズした話,https://note.com/ssem/n/nb408c0fdeaca,セム,2022-04-04T19:43:08.000+09:00,8
予算30万円台の深層学習用PCの買い方,https://note.com/shi3zblog/n/n74544cc19497,shi3z,2022-11-12T09:52:39.000+09:00,316
【日本語訳】元素法典 第1巻 #NovelAI #元素法典,https://note.com/sa1p/n/ne71c846326ac,saip(さいぴ),2022-10-17T18:52:31.000+09:00,947
機械学習で研究開発する初学者向けガイド,https://note.com/a_hashi/n/n97c886ee1c69,A. Hashi,2022-10-10T21:58:49.000+09:00,30
AIで特定キャラを描く(DreamBoothで追加学習),https://note.com/lisa_s/n/n5fb5468e8998,lisa,2022-10-01T17:13:20.000+09:00,232
中世ヨーロッパにおける騎兵の優越,https://note.com/hatashirorz/n/nabd77df661c2,旗代屋,2022-09-26T23:01:53.000+09:00,156
語学と言語学は別のものってどういう意味?,https://note.com/norinagaya/n/n4d47f4869e34,長屋尚典,2022-09-19T14:01:38.000+09:00,83
「語学と言語学は別のもの」説再考,https://note.com/norinagaya/n/n2ec9c650b4fc,長屋尚典,2022-09-24T18:43:34.000+09:00,66
高周期ジュリア集合選手権,https://note.com/108hassium/n/nb51c29d40a4f,108Hassium,2022-09-14T19:00:24.000+09:00,11
量子コンピュータとのファーストコンタクトをしてきた,https://note.com/akita11/n/n88bd38cd0023,akita11,2022-09-17T09:58:20.000+09:00,129
大学以外で言語学を勉強する方法,https://note.com/norinagaya/n/ncbf342e12038,長屋尚典,2022-09-09T17:01:48.000+09:00,1079
外研はいいぞぉ～の話,https://note.com/yusu1178/n/n62dd25340781,すぎた/sugita,2022-01-29T00:46:36.000+09:00,9
Steamで配信されている作品に投稿されたレビューを1316作分調査し、本当に日本人が悪評をたくさんつけるクソマナー野郎なのか確かめました。,https://note.com/riko_oga/n/ne2cca5ff209b,男鹿梨衣子,2021-06-15T21:50:25.000+09:00,1104
卒業研究やりたくない学生へ,https://note.com/researpaca/n/nd6ae46024349,Ph.Dアルパカ,2022-08-17T11:52:07.000+09:00,233
好きだった漫画がアニメ化したけど、もう見限った,https://note.com/mizune/n/n7794f7ec9914,九条水音,2022-08-08T11:11:43.000+09:00,191
魔術として理解するお絵描きAI講座,https://note.com/fladdict/n/n0f0be20e3e23,深津 貴之 (fladdict),2022-08-09T19:32:47.000+09:00,3298
知性を過信している,https://note.com/nyanyan_cubetech/n/n16dd4c31169f,にゃにゃん(山名琢翔),2022-08-04T09:30:00.000+09:00,37
「古い記事はテレキル行きやすい」は本当なのか,https://note.com/rhapsodyyyyyy/n/nfebb6f34f77c,rhapsodyyyyyy,2021-09-25T17:34:47.000+09:00,15
Web3.0界隈の話題がきな臭いのはどういうことなのか,https://note.com/makaibito/n/nd4a7746bc693,久松剛／IT百物語の蒐集家,2022-07-24T11:15:57.000+09:00,234
女性コスプレーヤーは、なぜ下着を見せてくれるのか？,https://note.com/ignitionp/n/n36701dfa4a52,佐藤きよあき,2021-02-10T10:57:17.000+09:00,5
これから家が燃える人向けnote～出火編～,https://note.com/kitanaitanuki/n/n558a2d33feae,たぬき,2022-07-15T09:39:07.000+09:00,1800
VRChatイベントの人流解析～対面時間算出アルゴリズム～,https://note.com/lambsun/n/nc5ef265d7503,LambSun,2022-07-09T14:26:05.000+09:00,42
衰退が確定した国におけるプランB,https://note.com/taejun/n/n53c9e31fa7c8,Taejun,2022-07-05T16:08:08.000+09:00,4076
情報(工学)科の制度は社会の理不尽を学ぶ仕組みに過ぎないという話,https://note.com/ano_ny_mous/n/n9f62a10380e3,Anonymous,2021-12-23T16:49:48.000+09:00,17
大名行列は正則なのか？,https://note.com/subkl11chan/n/ne6177dff0051,雑,2022-06-30T22:11:25.000+09:00,206
意識高い系大学生界隈の内部の話,https://note.com/sickinbed/n/n32dc4dcc8a02,mgr,2022-06-28T22:59:14.000+09:00,74
[研究室ゼミ] 5分プレゼン・5分質疑の論文紹介,https://note.com/nkmr/n/n101d391725fe,Satoshi Nakamura,2020-07-03T09:49:20.000+09:00,14
〈相関社会科学〉という呪縛・考,https://note.com/hund_hund/n/n2b11985ccf74,ふんと/Six fleuves,2021-09-08T21:06:40.000+09:00,32
今のこの時代に「サブスク解禁しない」ことは、一体何を意味するのか,https://note.com/themainstream/n/ncf3f78a53fd2,THE MAINSTREAM(沢田太陽),2022-06-23T13:31:18.000+09:00,352
twitterに上げた絵がOpenSeaでNFT販売をされたのでなんとかした　の巻,https://note.com/warawarawaraa/n/nd8f4cb29b34b,しがない同人描きwara,2022-06-22T18:52:56.000+09:00,4322
24新卒採用におけるサマーインターンの位置付けとトレンド,https://note.supporterz.jp/n/nb7ef0bb4b1b7,サポーターズ公式note,2022-06-15T14:44:00.000+09:00,27
データ・先行研究はココで探す！：経済論文の書き方［実証編］付録,https://note.com/keisemi/n/nbc094a33d366,経済セミナー編集部,2020-07-09T12:31:51.000+09:00,56
大学教員８年目やってるとワナビーとモノづくり好きの区別がつくようになってくる→「へえ，〇〇がやりたくて大学に入ってきたんだ，でなんで今まではやってないの？」（次週）「え，どうして今週できなかったの？」,https://note.com/ochyai/n/n781fb2209af4,落合陽一,2022-05-31T12:26:52.000+09:00,1946
「再現性危機」とは？　どこが問題で、どんな対策が必要か？（経セミ2022年6・7月号付録）,https://note.com/keisemi/n/n4726d246f885,経済セミナー編集部,2022-05-28T14:01:48.000+09:00,32
修士・博士進学を決断するための10のチェックポイント,https://note.com/makaibito/n/n2427af6dfda1,久松剛／IT百物語の蒐集家,2020-05-20T22:54:48.000+09:00,58
こづかい万歳の家族が本当に貧しいのは計画性という知性であること,https://note.com/hima_kuuhaku/n/ndd4344cb7482,暇空茜,2020-08-06T11:54:05.000+09:00,845
大学時代の日記を公開します,https://note.com/yubais/n/nfbe5e630c05c,柞刈湯葉,2022-05-25T20:00:00.000+09:00,747
大学・大学院の6年間,https://note.com/d0iasm/n/n5b2b8b4891a1,d0iasm,2020-04-06T21:49:22.000+09:00,430
怖い理系の研究室のお話（第２話 ブラック研究室の内情と特徴）,https://note.com/zita1215/n/n3900f1c029eb,コールミント,2019-12-20T19:23:53.000+09:00,48
怖い理系の研究室のお話 (第1話 研究室選び),https://note.com/zita1215/n/n6083f39218af,コールミント,2019-12-19T01:39:58.000+09:00,13
「探偵！ナイトスクープ」のWikipediaに見る〝記憶違い〟と、それを補強する〝設定付け〟,https://note.com/nishii_2020/n/n33ca1db6b718,にしい,2021-09-25T20:48:41.000+09:00,144
論文の探し方（情報系）,https://note.com/mizuki_oka/n/nfd3101bec937,岡瑞起 Mizuki Oka,2022-03-24T08:00:00.000+09:00,245
FM/PD合成の仕組み ❶三角関数とラジアン,https://note.com/soundquest/n/nc460403e58b6,吉松悠太,2021-08-01T20:15:24.000+09:00,33
キャリア版galaxyS9の絵文字がうんこだったのでなんとかしました【no root】,https://note.com/kotatata/n/n5cf733591b17,たたた,2018-06-18T14:44:52.000+09:00,64
大学生のきしょいストーリー（通称：大きしょ）に関する考察と注意喚起,https://note.com/myuutuu/n/na5ee155092d9,ミュウツー,2022-05-04T13:43:14.000+09:00,4638
理系の大学生・大学院生向け英語学習法ミニマム,https://note.com/tkr_rena/n/nc89923545574,のーねん,2022-05-04T12:45:33.000+09:00,393
またSlackでtimesを始めてしまった,https://note.com/vaaaaanquish/n/ncc512cf0e263,ばんくし,2019-04-11T07:31:49.000+09:00,484
大学院進学と指導教員,https://note.com/lingfieldwork/n/n5b428b1fc437,下地理則（九州大学人文科学研究院 教授）,2020-08-16T01:37:08.000+09:00,715
”研究のはじめ方”の手引き（２）サーベイって、なーに？,https://note.com/mochi_neko/n/nfc8e8bf042de,あさぎはな,2020-04-02T22:44:49.000+09:00,55
裏垢記録1（駆け出しエンジニア編）#駆け出しエンジニアと繋がりたい,https://note.com/c_a_p_engineer/n/n32fd729c169a,コピペエンジニア@お刺身タンポポ🌻,2020-04-09T15:31:38.000+09:00,86
#東大ぱてゼミ とは（ボーカロイド音楽論）,https://note.com/lawile/n/n5367e4fe4fa4,マッド†ラワイル,2020-12-01T10:39:04.000+09:00,14
ジェンダークレーマーの定義,https://note.com/yuki_kanzaki/n/nbc37cadaed2a,神崎ゆき,2022-04-06T18:18:26.000+09:00,476
自分の論文と同じテーマの捏造論文を見つけたので通報してみた,https://note.com/tkezaki/n/n65f8d5f37e35,tkEzaki,2022-04-09T12:58:57.000+09:00,546
Screepsふりかえり,https://note.com/_mitsuyoshi/n/n7201a8478ac1,みつよし,2022-01-12T19:03:54.000+09:00,13
ウィル・スミスはなぜ許されないのか？,https://note.com/nipponcontext/n/nda946921b305,文脈くん,2022-03-30T19:12:32.000+09:00,118
未踏ジュニアにおけるよい提案資料の書き方、もしくはアイデアの伝え方と評価について,https://note.com/yoshifumiseki/n/n1e928281d7dc,Yoshifumi Seki,2022-03-31T16:01:00.000+09:00,163
新卒（学士・修士・博士）・第ニ新卒 ITエンジニアになるための就職活動の傾向と対策 #技育祭,https://note.com/makaibito/n/n2efcb176b7f6,久松剛／IT百物語の蒐集家,2022-03-27T07:50:52.000+09:00,220
「感傷マゾ」と「セカイ系」について（「セカイ系」研究ノート　その2）,https://note.com/sr_ktd/n/n360d09696811,北出栞 siori kitade,2020-06-01T01:02:06.000+09:00,120
最近読んでよかったもの紹介 Unityチーム,https://note.com/reality_eng/n/nd95f6bbe2ed5,REALITY,2022-03-14T11:34:37.000+09:00,80
「2019夏のITエンジニアインターンの情報が集まる魔法のスプレッドシート」を作って分かったこと・感じたこと,https://note.com/p1ass/n/n47ae3b82a9ee,ぷらす,2019-10-23T21:11:39.000+09:00,25
ラウドネスノーマライゼーションとは,https://note.com/aimai_dtm/n/ne217c7ae28f8,あいまい,2021-05-21T12:30:10.000+09:00,16
音圧戦争とは,https://note.com/aimai_dtm/n/nedbfac389dd7,あいまい,2021-05-17T01:13:02.000+09:00,77
特定厨引退したのでノウハウ公開する。,https://note.com/eden_jp/n/n33e4150d6a35,EDEN,2019-03-05T15:11:20.000+09:00,14
ミクロ及びマクロ経済学の勉強法(ECC受講者),https://note.com/kyodai_henyu/n/n1aa85735a797,京大経Morgan,2019-12-30T22:05:42.000+09:00,93
大学院生の時に読んでおけばよかった本,https://note.com/tea_tea_teatea/n/n7b6c752c91df,てぃー,2021-08-21T19:08:07.000+09:00,275
良いコードとは何か - エンジニア新卒研修 スライド公開,https://note.com/cyberz_cto/n/n26f535d6c575,CyberZ Developer,2021-04-27T14:18:49.000+09:00,2679
同人誌を、国立国会図書館に「納本」してみた話,https://note.com/yukishi0135/n/n619c80a036ee,YU-U,2019-02-23T12:13:49.000+09:00,80
別分野の大学院への入試において気をつけること,https://note.com/atakts_55/n/n9300eb9238b5,Atakts,2021-01-31T10:26:05.000+09:00,53
にじさんじの VTuber を見続けて3ヶ月が過ぎた,https://note.com/yubais/n/ncee5a855bd53,柞刈湯葉,2022-02-26T23:24:19.000+09:00,1421
経済学研究科に合格するまで.3　英語・研究計画書,https://note.com/economics/n/n0d530f8ffc3d,Sugiyama,2018-11-09T22:36:50.000+09:00,27
経済学研究科に合格するまで.2　教科書,https://note.com/economics/n/nc7d918a3caa6,Sugiyama,2018-11-08T11:08:11.000+09:00,41
作法を知れば、論文はこわくない！：経済論文の書き方［はじめの一歩編］付録,https://note.com/keisemi/n/n889accd8b95e,経済セミナー編集部,2021-07-22T22:26:30.000+09:00,51
経済学をどう学ぶ？～『経済学を味わう』より～,https://note.com/keisemi/n/n38ee56b83819,経済セミナー編集部,2020-04-15T15:36:33.000+09:00,72
『シャイニー・チープ・ピカピカ・アクセサリーズ』,https://note.com/ubmzh/n/na91e91c542f8,お望月さん,2022-02-22T18:00:45.000+09:00,65
「“不運(ハードラック)”と“踊(ダンス)”っちまった」の起源と系譜――『特攻の拓』は“文学的”!? ヤンキーマンガ「ルビ」の“美学”,https://note.com/cyzo/n/n973094dcba18,サイゾー,2019-12-28T15:00:00.000+09:00,11
修士に行きたい方必見！ノンゼミノン卒論時間なしコネなしでも大丈夫！院試突破術➁,https://note.com/thisweek_wasejyo/n/nbe003b63bda4,今週の輝けないワセジョ,2020-06-28T14:48:38.000+09:00,31
修士に行きたい方必見！ノンゼミノン卒論時間なしコネなしでも大丈夫！院試突破術①,https://note.com/thisweek_wasejyo/n/n23364f267980,今週の輝けないワセジョ,2020-06-25T21:32:25.000+09:00,41
この一年の話（控訴審編）,https://note.com/ono_matope/n/n161c0695ce44,小野マトペ,2021-12-07T12:10:21.000+09:00,391
論文の読み方・記録の仕方,https://note.com/milk_tyaa/n/n400e74060b5d,たぴおか,2017-08-05T15:36:38.000+09:00,276
ジェンダークレーマーを今年の流行語大賞にしよう,https://note.com/oroshiskiy/n/n210ade487cf8,10110000110110001010000000001010001001110001110001,2022-02-10T01:18:38.000+09:00,28
Engadget日本版がサービスを終了する理由を考察する,https://note.com/yushonakayama/n/nb373e373113d,ナカヤマユウショウ,2022-02-16T01:34:20.000+09:00,292
東大恋アス同好会合同誌 #FindOurStars Writeup（Re:VIEW編）,https://note.com/kn1cht/n/nd9099d548e07,kn1cht,2021-06-27T19:17:17.000+09:00,14
海外在住の友人にお願いしてはいけないこと,https://note.com/shimafee/n/naa367f7f7da7,シマフィー,2022-02-06T09:47:52.000+09:00,1475
アメリカの大学院で数学のトップスクールに入る方法(修正８/２/2024),https://note.com/tomokioda_0723/n/n84a36e36387d,Tomokioda,2022-02-11T15:48:29.000+09:00,40
やはり筋トレは楽しくない,https://note.com/taketo1024/n/nca6d0a68415f,さのたけと,2022-02-09T09:54:59.000+09:00,487
OSSのゆく道：Faker.jsの顛末,https://note.com/takahiroyte/n/nd6cceae3af04,Takahiro Ito,2020-11-20T23:56:53.000+09:00,293
慶應で四留した話,https://note.com/represent4ryu/n/ncb6ef1fb3cde,レペゼン原級,2021-01-11T19:40:24.000+09:00,592
自分のような専門外の人間が「数学書」を読む時のメモ,https://note.com/0_u0/n/n0eefe89ed5ba,きぬいと,2022-01-08T16:06:39.000+09:00,123
人工培養された脳細胞によるゲームプレイの仕組み 〜自由エネルギー原理について〜,https://note.com/masa_kazama/n/n004e8b4e0d52,masa_kazama,2021-12-31T09:15:20.000+09:00,483
ビジネスサイドと開発サイドの相互理解はなぜ難しいのかを図示してみた,https://note.com/makaibito/n/ne786650b81e2,久松剛／IT百物語の蒐集家,2021-12-26T08:56:41.000+09:00,120
「家はいらない」ホテルで暮らす女性社員の話,https://note.com/clipline/n/nb87e4da67533,ClipLine株式会社,2021-07-12T12:33:30.000+09:00,54
サイドノック式シャープペンが好きで入社したら廃番になった話【#忘れられない一本 03】,https://note.com/pentel_sharppen/n/nebd859259950,ぺんてる シャープペン研究部,2020-07-17T16:30:00.000+09:00,10675
限界独身中年男性のための「ていねいな暮らし」マニュアル,https://note.com/wakari_te/n/n9fc96f8d27c3,小山（狂）,2021-12-11T18:00:00.000+09:00,968
『あつまれ どうぶつの森』の世界観をつくるUXライティング,https://note.com/miyaccchi/n/nbec5cd60d45e,nao | UXライター / コピーライター | 著書『#秒で伝わる文章術』発売中,2020-05-05T06:05:47.000+09:00,1996
【レベル別】線形代数オススメ参考書10選,https://note.com/buku_t/n/n98bfbfc03eb5,ぶく,2020-04-29T22:26:35.000+09:00,121
0 x 0 行列の行列式,https://note.com/_nolimbre/n/n5bd1e88fe1d7,のらんぶる,2021-12-07T21:30:32.000+09:00,10
先生、その俳句の「切れ」はそうじゃありません,https://note.com/428sk1_guardian/n/n169376f4a0ba,こばると,2021-12-04T11:18:21.000+09:00,54
プログラミングというより物事が出来るようになる思考法,https://note.com/simplearchitect/n/n388201603a28,牛尾　剛,2021-11-22T17:26:44.000+09:00,8357
ライトノベル『転生しても寿司職人だった件』（AIと共作）,https://note.com/d_v_osorezan/n/nc3b3844f7f4d,品田遊（ダ・ヴィンチ・恐山）,2021-11-14T02:31:16.000+09:00,672
心理学・行動経済学等の著名な研究論文が次々に追試失敗【心理学】,https://note.com/s1000s/n/na0dbd2e8632d,手記千号,2021-09-11T21:51:52.000+09:00,4789
数学における「自明」の意味,https://note.com/taketo1024/n/n32238ea13a41,さのたけと,2021-10-27T09:59:05.000+09:00,568
古ゲルマン語オンラインリソース,https://note.com/erik437495/n/neca5848ae905,Erik,2021-10-27T20:54:32.000+09:00,10
NFTアートには手を出すな！,https://note.com/sawamuradacun/n/n5e4d0f5f8783,swmr,2021-10-22T20:54:29.000+09:00,1928
全体を見渡し、欠落を見つけ、それを補おうする力,https://note.com/shinshinohara/n/n5a2fec1bc22a,shinshinohara,2021-10-20T18:46:10.000+09:00,2522
ゆる言語学ラジオ#4の内容を訂正しようと思ったけども、その前に「部首」の誤解を解きたいと思いました～もうこの単語を学問の場で使わないでください～,https://note.com/nkay/n/nf9a24b8795bc,nkay,2021-05-24T23:51:08.000+09:00,174
ゆる言語学ラジオは非学術的な営みなのか？？そんなことより、形声字について解説します！,https://note.com/nkay/n/n52fb6d7c6fd3,nkay,2021-05-30T21:05:57.000+09:00,133
大学編入紀,https://note.com/50m_regent/n/nf20379af924a,りーぜんと,2021-07-27T02:14:29.000+09:00,66
高専から大学編入の勉強法,https://note.com/50m_regent/n/nbb244645504f,りーぜんと,2021-10-18T11:04:33.000+09:00,13
理系の卒論・文系の卒論の違い,https://note.com/ymurai_koji/n/n95e22c777aac,村井裕一郎,2020-09-16T09:58:42.000+09:00,65
２5業界研究マップ〜２２卒からの贈り物〜,https://note.com/__rikamania/n/n40199dd4eb57,@22卒からの贈り物,2021-07-07T18:10:12.000+09:00,1562
経済学について知ろう！（第1回・経済学アウトリーチ企画2020）,https://note.com/keisemi/n/ne2a39e8ea221,経済セミナー編集部,2021-04-11T12:46:53.000+09:00,190
院試の話,https://note.com/mayapero/n/n0da65ba5b9ac,Aおいさん,2021-10-03T23:27:00.000+09:00,27
定理証明支援系とは何か、何ができるのか,https://note.com/morikita/n/nf45b6e44964f,森北出版,2019-09-24T08:57:03.000+09:00,52
自分がどのくらいエコーチェンバーの中にいるのか可視化するシステムを作ってみた,https://note.com/torix/n/ncaeb83af595d,tori,2021-09-27T10:59:32.000+09:00,1838
映像美への追及 / 内製と連携を重視するクリエイター集団「ufotable（ユーフォーテーブル）」とは⑥《デジタル映像部編》,https://note.com/morikai33/n/nec657a68642f,森 甲斐,2021-01-25T22:17:39.000+09:00,34
鴨川で俺に「夢はありますか？」と訊いてきた関大の男の子へ。,https://note.com/kanazawa_you/n/naf40a1bba97b,金沢 容,2021-06-12T11:49:08.000+09:00,212
「NTR」という言葉の発祥は、たぶん2001年7月18日,https://note.com/tiyu/n/n34e917d87120,ちゆ12歳,2021-08-31T18:33:52.000+09:00,381
経セミ連載：成田悠輔・矢田紘平「データで社会をデザインする：機械学習・因果推論・経済学の融合」,https://note.com/keisemi/n/n4f60c46b0102,経済セミナー編集部,2021-07-20T20:38:10.000+09:00,57
ソフトウェアエンジニアに反ワクチンがいないのは、他人の作った新しいものを信じないと仕事にならないから説,https://note.com/oukaichimon/n/n1b0ad0019d3a,桜花一門,2021-09-01T19:15:28.000+09:00,11
1年間に発売されたライトノベルのタイトルを、AIテキストマイニングで分析してみた,https://note.com/kanichi0203/n/n3149ba40c273,岡田勘一［編集者・ライター］,2020-09-11T20:18:13.000+09:00,68
経済学Ph.D.について知ろう！,https://note.com/keisemi/n/n99c0b87f88f4,経済セミナー編集部,2021-06-20T10:50:05.000+09:00,90
記者に「プログラミングのスキル」って必要なの？ちなみにNHKニュースの画像生成も記者がコードを書いてます,https://note.com/nhk_syuzai/n/n9ccbd599da50,NHK取材ノート,2021-08-30T15:00:00.000+09:00,6643
「無気力」からも意欲の泉は湧いてくる,https://note.com/shinshinohara/n/n104bb31e50ef,shinshinohara,2021-08-30T23:15:10.000+09:00,1113
【Discord小技】YouTubeをみんなと一緒に操作しよう!使い方も解説【Watch Together】,https://note.com/kabikabichan/n/n7644e522c7e7,かびかび,2021-04-29T16:30:52.000+09:00,234
就職活動を終えて,https://note.com/thisweek_wasejyo/n/n1a2d0f5953e3,今週の輝けないワセジョ,2021-05-23T11:53:45.000+09:00,42
この一年の話（後編）,https://note.com/ono_matope/n/na66bbfdfb9e3,小野マトペ,2021-08-19T14:36:14.000+09:00,700
女子高生の私が大好きな家庭科の先生に裏切られた話,https://note.com/mmmemko/n/n89c936a7d56c,潮井エムコ,2021-02-14T20:22:01.000+09:00,10283
僕が一浪して入学した静岡大学を辞めるまで,https://note.com/melville/n/n1d6980453626,Melville,2021-08-16T23:54:50.000+09:00,242
「えっ？尾身会長逮捕！？」　誤解招いた見出し、どうすればよかったのか　記者が考えてみた,https://note.com/yukatan/n/nf6d98605f070,岡田有花（ゆかたん）,2021-08-13T08:46:23.000+09:00,171
Exponential Idle #1 15パズル・トーラスパズル攻略法,https://note.com/so_ra_64/n/nb72e6117fde1,ちゃそ,2021-04-26T15:18:48.000+09:00,46
Exponential Idle #2 矢印パズル攻略法（と二元体GF(2)上の線形方程式について）,https://note.com/so_ra_64/n/n9c2eb6a5ef6f,ちゃそ,2021-04-26T17:56:51.000+09:00,63
この一年の話（前編）,https://note.com/ono_matope/n/n8919af73eb68,小野マトペ,2021-07-29T14:06:47.000+09:00,4504
レビューがヤバすぎるラーメン屋に行った日の話,https://note.com/twistermakiya/n/nd2b41c9d3c10,マキヤ,2021-07-28T23:16:44.000+09:00,22005
あなたは本当にエンジニアですか？海外で「私はWebエンジニアです」と名乗ると「経済学部卒なのに？」と聞かれた理由。,https://note.com/rdlabo/n/n36a85584edd5,榊原昌彦,2019-11-15T13:16:33.000+09:00,200
『会社内での自分の存在価値を可能な限り低く保っていたい』という若手,https://note.com/yontengop/n/ne3db96c946d0,よんてんごP,2021-07-25T20:59:00.000+09:00,2519
未経験フリーランスを席捲する「カジュアルな情報商材」,https://note.com/makaibito/n/n9c582564b5ab,久松剛／IT百物語の蒐集家,2021-07-25T07:59:07.000+09:00,1146
コウメ太夫氏の「オリンピック開会式演出」について,https://note.com/koume_philo/n/naa1acc871ed9,哲学者コウ・メダユー,2021-07-23T07:20:13.000+09:00,631
文系院生は本当に就職が不利になるのか,https://note.com/acaric/n/n78effdb2b2da,アカリク公式note,2020-03-30T16:56:10.000+09:00,63
不確実性・複雑性の高い業界とキャリアにおける「信仰」／オンラインサロン、一部スクールの勢力拡大の背景,https://note.com/makaibito/n/ncc926838d4a3,久松剛／IT百物語の蒐集家,2020-12-06T22:56:33.000+09:00,78
未経験エンジニアを取り巻く地獄絵図と、私がプロデュースしてきたキャリアチェンジ例,https://note.com/makaibito/n/nd9976ee5ed94,久松剛／IT百物語の蒐集家,2020-11-08T21:43:08.000+09:00,839
ゲームエンジンはアートである - 8 年以上自作ゲームエンジンをメンテし続けている話,https://note.com/hajimehoshi/n/nc09751f2dbf9,Hajime Hoshi,2021-07-12T10:58:41.000+09:00,628
"""Soka Gakkai’s Human Revolution: The Rise of a Mimetic Nation in Modern Japan""はめちゃめちゃすごい本なので読んでほしいという話",https://note.com/girugamera/n/n1bf303614de6,タサヤマ,2021-07-11T22:14:48.000+09:00,277
経済学（ミクロ・マクロ）の参考書紹介,https://note.com/lala_gaiji/n/n813b14b794c8,きみどり君,2019-12-18T16:36:57.000+09:00,44
ブリリアント・ジャーク,https://note.com/moaikids/n/n8d1d1813ee08,moaikids,2019-03-03T17:54:59.000+09:00,93
経済学研究科に合格するまで.4 　院試の感想 e.t.c.,https://note.com/economics/n/n9f6a90da410f,Sugiyama,2018-11-12T00:17:48.000+09:00,43
研究のあり方について,https://note.com/shiro_takagi/n/n055c9a382cb2,Shiro Takagi,2021-04-11T18:22:27.000+09:00,56
SDGsブームに感じる違和感：SDGsについて抑えておくべきことリスト,https://note.com/translocal/n/n1bd196b9394e,ShogoKudo@AIU,2020-02-20T14:54:24.000+09:00,231
西銀座JRセンター、あるいは東京インターナショナルアーケード(2019),https://note.com/savensatow/n/ncf87be9ba13d,Saven Satow,2019-10-04T19:17:52.000+09:00,12
あの日、自転車を撤去された私は、IoTポストの制作に取り掛かった。,https://note.com/imaimai/n/n82f5da466c85,imaimai,2018-12-23T15:26:14.000+09:00,25
HappyHacking keyboardはじまりの話,https://note.com/tt_yawata/n/n5b750f8efc51,八幡勇一,2021-06-19T09:38:55.000+09:00,473
Webアプリを作る時にやっていること,https://note.com/promitsu/n/n463792216407,promitsu,2019-10-20T23:34:08.000+09:00,66
改めて「Game System」について書いてみる～ボードゲームをモノボケ・大喜利から創発する,https://note.com/ztatak/n/n5f90e98e7975,珍ぬ,2020-12-10T16:57:15.000+09:00,17
ボードゲーム「Yavalath」を創造したAI「LUDI」を創造した、Cameron Browneさんについて書いてみる,https://note.com/ztatak/n/n1f0b66007f23,珍ぬ,2019-10-19T16:54:56.000+09:00,8
アブストラクトゲームの情報総合サイト「The World of Abstract Games」を紹介してみる。,https://note.com/ztatak/n/na28455cc79d9,珍ぬ,2021-04-13T19:26:04.000+09:00,10
よく言われる「日本人のゲーマーはすぐ悪評をつけるし、市場規模も小さいので海外から無視されることが多い」という論説は果たして本当なのかどうか？,https://note.com/riko_oga/n/nb20647272a74,男鹿梨衣子,2021-06-14T14:03:26.000+09:00,426
アブストラクトゲーム総合誌『Abstract Games』について書いてみる,https://note.com/ztatak/n/nc55340eceb52,珍ぬ,2020-05-23T20:31:13.000+09:00,19
「コウメ太夫はなぜつまらないのか？」　　—コウメ太夫とシュルレアリスム試論ー,https://note.com/koume_philo/n/n16a0019ab316,哲学者コウ・メダユー,2021-06-13T02:23:47.000+09:00,3084
「鯨」字は「京（大きい）＋魚」だとか右文説とか「会意兼形声」とかの憶説はなぜ文字学界に受け入れられないのか,https://note.com/nkay/n/n26c7b11ec5c3,nkay,2021-06-12T21:02:58.000+09:00,240
朝と夜が気持ち良いデスク環境を作る,https://note.com/kugehajime/n/n1b74455b8fd8,久下玄,2021-05-03T21:20:36.000+09:00,432
推しに媚薬を飲ませたいので取り敢えず自分で飲んだ話,https://note.com/__doronko/n/n97b82aeba0bd,泥ん子,2021-05-17T19:22:00.000+09:00,2285
接触確認アプリCOCOAからの教訓,https://note.com/ipsj/n/ne9eeb88adb64,情報処理学会・学会誌「情報処理」,2021-05-15T09:37:05.000+09:00,523
６ 裏ビデオ工場,https://note.com/rei_yuzuki69/n/n3c9ba65833dd,柚木怜,2020-05-27T18:11:21.000+09:00,83
「そうだ！仕事をやめよう！」モラルハザードが起きる米国労働市場,https://note.com/big_daddy/n/n57b50189357f,Big Daddy,2020-04-08T04:25:40.000+09:00,92
誰でも作れる！Discord Bot（応用編）,https://note.com/exteoi/n/n87bd4fa02c95,EOi,2020-06-27T19:34:52.000+09:00,145
「21世紀版『歴史とは何か』（E・H・カー）」なる本が出版されていたので読んでみた,https://note.com/honnoinosisi555/n/ncca934efa26a,本ノ猪,2019-10-29T20:21:26.000+09:00,526
スタンフォードのコンピュータサイエンスの授業の感想（後編）,https://note.com/ruiu/n/nfef30c84e383,Rui Ueyama,2021-04-27T10:53:01.000+09:00,365
【Discord】セキュリティBot『Vortex』の使い方解説!,https://note.com/mss_discord/n/n64963a4bdc4c,Discord情報発信局！,2020-05-31T22:02:00.000+09:00,209
コードリーディングのコツは極力コードを読まないこと,https://note.com/simplearchitect/n/n8cd219056536,牛尾　剛,2021-04-16T16:31:19.000+09:00,895
デレマス曲から辿るFuture BassとJersey Club 〜 Taku Inoue・石濱翔の楽曲から,https://note.com/cureakarichang/n/n504fce843a0f,eaccount,2019-08-23T22:01:02.000+09:00,260
"世界的ピアニストはリハーサルにも賭ける
古畑任三郎　VS. 中村紘子",https://note.com/jishizuka/n/ne0cfe4041fd8,石塚潤一,2018-09-17T00:42:24.000+09:00,17
"「動物に餌を与えるひとは善人」は宮崎駿のアイコンである/【感想】『ゴロツキはいつも食卓を襲う
フード理論とステレオタイプフード50』福田里香",https://note.com/kakunoshins/n/n20ee30a238ca,すずきたけし,2019-11-13T13:38:01.000+09:00,33
還暦不行届　第五回　先祖からの伝言,https://note.com/anno_moyoco/n/n5d5c137b64ff,安野モヨコ,2021-03-18T18:00:21.000+09:00,2019
大学院進学時に専攻を変えたい学生に向けた大学院入試指南書～受験準備から入学前準備まで～,https://note.com/yachirurero/n/n50d35a00194f,ヤチヤチル,2019-03-04T07:52:08.000+09:00,203
長かった10代の終わり、エヴァが想い出になった日。(『シン・エヴァンゲリオン劇場版』感想 ※ネタバレ注意),https://note.com/shota_/n/n851f4b3faec1,祥太,2021-03-09T22:11:56.000+09:00,4028
0303「英語禁止令と母国語最強説」,https://note.bassdrum.org/n/nad148820ddd2,qanta,2021-03-03T07:06:49.000+09:00,362
[OSINT]Shodanを使ってFileZenを探せ　その1,https://note.com/hiro_shi_note/n/n616ac34500a8,__aloha__,2020-12-08T16:17:58.000+09:00,54
語学力は習得するより維持するほうが大変,https://note.com/uger_san/n/n0b790b4e4ef2,吉村 大樹（＠オフィスぴの吉）,2021-02-28T07:50:06.000+09:00,86
ぬーどるストッパーフィギュア 初音ミク,https://note.com/epxstudio/n/n7b79fe8302f0,R-9,2020-02-16T14:45:03.000+09:00,26
「遺伝的アルゴリズムで最高にエッチな画像を作ろう！」がGoogleに怒られた話,https://note.com/ultrmrn_chicken/n/nd930bfd6260c,群青ちきん,2021-02-11T20:11:49.000+09:00,2814
【Twitter隠し機能】Media Studioの解放手順と使い方 (2022.8.13 更新),https://note.com/6torque9/n/nd5a16837ed45,Torque(トルク),2019-12-15T01:32:31.000+09:00,304
GitHubでの業務ソースコード流出 背景にIT業界の二極化と多重下請け構造,https://note.com/masanork/n/nf2e5db6f5daf,楠 正憲（デジタル庁統括官）,2021-02-01T01:33:35.000+09:00,386
「天気の子」はセカイ系の物語でもあり、世界の物語でもある（もはや存在しない「世界」に向けて）,https://note.com/takahirobessho/n/n2b4a3f29a804,別所隆弘,2020-06-04T18:40:25.000+09:00,138
[翻訳] BioNTech/Pfizer の新型コロナワクチンを〈リバースエンジニアリング〉する,https://note.com/yubais/n/n349ab986da42,柞刈湯葉,2020-12-31T12:47:08.000+09:00,3408
ミルクボーイの漫才「イヴ」,https://note.com/346_secret/n/n0f62c27d2d3f,デレマス㊙情報,2020-01-06T21:30:56.000+09:00,35
心の欧米とタコとデビルフィッシュ,https://note.com/patakasaka/n/n463e7a9b7002,赤坂パトリシア,2020-12-10T06:55:11.000+09:00,354
【練習内容公開】イラストを100日練習しました,https://note.com/enzen3852/n/na1fecd0ac10b,燕禅,2020-11-29T22:34:07.000+09:00,10790
生活崩壊太郎が人間らしく一人暮らしを始めるために必要な最低限のこと,https://note.com/hsm_hx/n/n2f948b6602b7,hsm_hx,2020-11-16T19:29:41.000+09:00,53
M5StickVでデレステを自動化した,https://note.com/akira_yuikawa/n/nf47b9b2982f7,由井河あきら,2020-11-10T19:06:27.000+09:00,11
バイデンでは癒せない米国の分断とハイパーバトルサイボーグ達,https://note.com/shota_hatakeyama/n/n5662ae20a1e9,畠山勝太/サルタック,2020-11-08T09:26:54.000+09:00,1750
中国で現在ブロックされているサービス一覧（２０１９年度版）,https://note.com/xpc/n/ne27e6c5175d2,xsp,2019-09-03T12:16:40.000+09:00,5
AI時代に将棋ファンがなぜ藤井聡太にこれほど熱狂するのか、将棋ファン自身がわかりやすく解説してみた,https://note.com/nagaifuuka/n/n8dcfe6d1ce49,#泣ける#感動#エモい ご紹介します,2020-08-25T15:59:33.000+09:00,15765
家出前の準備,https://note.com/towa_r0924/n/n2b638da71968,とわ,2020-04-17T03:39:40.000+09:00,44
特殊詐欺（受け子、出し子）を始めようとしているあなたへ。,https://note.com/zdh/n/naa02eedf3518,ZDH,2020-03-12T07:43:17.000+09:00,2317
プログラミングと文書至上主義,https://note.com/yanai/n/n5e50dbd9ead8,柳井 政和,2020-10-09T07:17:14.000+09:00,58
竹書房退職エントリ,https://note.com/thibiki/n/na5e74631cd7d,竹村響　Hibiki  Takemura,2020-10-01T11:50:09.000+09:00,2809
現代ウェブフロントエンド（ウェブアプリケーション）について理解する唯一の方法,https://note.com/erukiti/n/nffdcbfafbabb,erukiti,2020-03-29T11:32:16.000+09:00,779
【ウルトラ弩級の宗教系大古典の全訳、ついに刊行！】『原典完訳　アヴェスタ』（野田恵剛訳）を刊行します,https://note.com/kokushokankokai/n/n6e468e0925d0,国書刊行会,2020-09-23T14:55:07.000+09:00,246
大量のLEDを制御するシステムについて,https://note.bassdrum.org/n/nb7bf9d03d8c0,Toyoshi Morioka,2020-09-19T09:16:34.000+09:00,34
【奇譚】奴隷の子孫、突然王子になる：DNA鑑定でベナンの王家の末裔と判明！,https://note.com/nakahara_kanae/n/n65bbbf7caec8,中原 鼎（皇室・王室ライター）,2020-06-15T19:28:18.000+09:00,812
2020年8月,https://note.com/kisyo_arai/n/nc5e71bc5145a,奇書が読みたいアライさん,2020-09-15T21:23:13.000+09:00,35
なるべく省エネでセリフ人力を作るnote,https://note.com/9__ne/n/n8cc44b7445e6,八倉うの,2020-08-27T18:07:53.000+09:00,45
TypeScriptを5分で試す,https://note.com/wxt/n/nc543ffa803a9,ほげほげ,2020-05-09T19:09:07.000+09:00,3
"TypeScript""だけ""を使いたいんだあッ！",https://note.com/wxt/n/ne504c3c85587,ほげほげ,2020-05-09T18:49:47.000+09:00,3
少しだけ家出をした話,https://note.com/ore__meltdown/n/n31941289d609,薄宮,2020-09-01T09:05:06.000+09:00,390
そろそろ語ろうか（其の弐）,https://note.com/waday/n/n27fb1b6a2838,和田洋一,2020-08-30T15:57:56.000+09:00,2770
猫が大好き過ぎる花魁・薄雲のお話,https://otakinen-museum.note.jp/n/na9bcc6b4a334,太田記念美術館,2020-08-19T00:38:28.000+09:00,475
江戸時代のスイカはどのようにカットしていたのかというお話,https://otakinen-museum.note.jp/n/n32d9eefff4df,太田記念美術館,2020-08-23T09:35:01.000+09:00,2590
私たちはいつになったら電子書籍を”買う”ことができるのか,https://note.com/inuro/n/n1ca91934fafa,inuro,2019-03-06T08:51:02.000+09:00,713
「GitHubのスター数が多いから良い」と盲目的にライブラリ選定をしていないか胸に手をあてて考える,https://note.com/serima/n/n1a83526c5d5e,serima,2019-12-22T02:17:22.000+09:00,16
TensorFlow.jsの新たな目玉機能,https://note.com/lewuathe/n/n26d284dec180,Kai Sasaki,2019-12-11T22:42:00.000+09:00,33
店のメニューにはない「タラコスパゲティ」を注文できる人になるまでの話。,https://note.com/zimuing/n/n1a3fa3ea95cd,事務員G,2019-08-31T09:25:55.000+09:00,4767
対戦ゲームに学ぶ、フレームワークの設計技法とAIのアルゴリズム入門 #builderscon tokyo 2019,https://note.com/qsona/n/n137733801fd0,qsona,2019-08-30T04:54:30.000+09:00,36
プログラミング上達したい人に繰り返し読んで欲しい4冊,https://note.com/erukiti/n/nfe26d674842a,erukiti,2020-08-04T09:15:41.000+09:00,389
仕組みの見えるScratchで遺伝的アルゴリズムを作る面白さ。「Scratchではじめる機械学習」( 石原 淳也、倉本 大資 著、阿部 和広 監修),https://note.com/takasu/n/n9a964c61f890,TAKASU Masakazu,2020-08-03T22:45:23.000+09:00,28
Oxford大学出版局の英語学習者向け教材が6月30日まで無料→8月31日まで延長,https://note.com/sangmin/n/nee8a9b6f945b,Sangmin Ahn,2020-04-12T16:31:30.000+09:00,165
Springer電子書籍のダウンロードを自動化,https://note.com/sangmin/n/n6fb88e6295b3,Sangmin Ahn,2020-05-06T16:07:46.000+09:00,31
UnityだってC++のコード使いたい！2020ver.,https://note.com/yosse95ai/n/n3e323246442e,紫村,2020-07-11T04:41:44.000+09:00,12
アイルランド神話・伝説用語辞典,https://note.com/p_pakira/n/nb522beb50cc2,ケルト神話翻訳マン,2018-07-29T19:44:41.000+09:00,119
「プログラミング教育の最前線」はしょーもなくも生々しいエピソードでいっぱい。これが現実だ。　情報処理学会誌 2020年8月号,https://note.com/takasu/n/nd0293cd98af7,TAKASU Masakazu,2020-07-24T13:34:45.000+09:00,183
何故お役所ってオワコンIEが大好きなの？,https://note.com/masanork/n/n1c9103c81c79,楠 正憲（デジタル庁統括官）,2020-07-18T11:39:00.000+09:00,1956
シャニマスのチェックボックスから見る色弱者の世界,https://note.com/ogf4s2lks/n/n8d84452c36cd,謝罪Ｐ,2020-07-17T19:20:11.000+09:00,1947
東方Projectの同人CDをサンプリングした「Omae Wa Mou」がTikTok経由で世界中でバイラルを巻き起こしている謎現象について,https://note.com/shiba710/n/nf35ed5ad9fcd,柴 那典,2019-08-29T18:37:34.000+09:00,413
キミは、セーラームーンと悟空たちが乱交する最悪の同人アニメ「SAILOR & THE 7 BALL Z」を知っているか！？,https://note.com/nyalra2/n/n6dbf8c384320,にゃるら,2020-05-19T21:29:01.000+09:00,742
こち亀で辿る秋葉原の変遷,https://note.com/nyalra2/n/nadf5cd987193,にゃるら,2020-07-13T20:35:09.000+09:00,141
密室の中で、起きていること,https://note.com/utekido2019/n/n97e3f6501ebb,雨滴堂=Utekido=,2020-07-11T09:29:20.000+09:00,1313
ネカマした1年を振り返る,https://note.com/renaphys/n/n63ecd99e6488,レナ@理物,2020-07-05T08:43:28.000+09:00,192
"【ド初心者向け】これを読めば上がれる！
ソシャゲに慣れきった現代人のための、楽しいネット麻雀入門",https://note.com/sin_moriyama/n/nec03cda3fde8,森山慎,2020-07-04T08:41:19.000+09:00,210
世界一簡単な麻雀の話,https://note.com/ryuka121212/n/na7c9294890af,しんたろーたりー【#ろりラジ】,2020-04-29T01:37:40.000+09:00,95
「なんでSF小説とかアンソロの表紙って漫画・アニメ絵の女の子ばっかなの？」とツイートした者です,https://note.com/withverne/n/n9a33ff7d1413,withverne,2020-07-02T17:29:59.000+09:00,227
殺人犯がいた職場での話　【後編】,https://note.com/keikubi/n/nd65bfe602b8b,ハルオサン,2020-06-29T17:50:15.000+09:00,3732
殺人犯がいた職場での話　【前編】,https://note.com/keikubi/n/n4f8863cd3453,ハルオサン,2020-06-25T20:03:42.000+09:00,2834
【学会誌サンプル】なぜ春香は「千早ちゃん」と呼ぶのか,https://note.com/a_harukagakkai/n/nad9f673c95de,天海春香学会,2020-05-16T16:51:39.000+09:00,20
シャニマスコミュは基本的に面白くない、というお話,https://note.com/silver_shalog/n/n1be466102b5e,へその人,2020-06-27T20:46:05.000+09:00,139
北欧神話の一連の流れ「巫女の予言」（前編）,https://note.com/soumi/n/n79a5545b2987,霜海,2019-10-19T16:15:04.000+09:00,2
北欧神話の一連の流れ「巫女の予言」（後編）,https://note.com/soumi/n/nbacae9f95bce,霜海,2019-10-20T22:08:34.000+09:00,1
１からイラストの勉強をした話,https://note.com/setamo/n/ndaec0137f7f0,せたも,2020-06-25T18:02:54.000+09:00,4950
大学数学の難関分野：【位相空間論】とは一体何なのか？,https://note.com/keyneqq/n/na8d370a26bff,きいねく,2019-05-15T00:35:33.000+09:00,375
京大を半年で中退して東大に秋入学した,https://note.com/tactfully28/n/n4cde62342d90,K. 如才,2020-01-06T22:34:08.000+09:00,206
「俺は大崎甜花をあの日が来るまで見下していた男子高校生だ」と毎日妄想しては死にたくなっています,https://note.com/ugogg/n/n3402c48a60fd,うゴグ(ugogg)/阿部(シャニマス),2020-06-14T22:48:46.000+09:00,294
VRアバタープラットフォームが一杯出てきた,https://note.com/umiyuki/n/ndb75fd63b4ef,海行（うみゆき）,2019-01-01T20:35:26.000+09:00,5
"""Neumorphism"" なるUIデザインのトレンド",https://note.com/hironobukimura/n/n0431c73714e8,木村 博信 (hiro_kimu),2020-01-15T11:31:17.000+09:00,673
ミリエロへの誘い～アイドルを愛するためにするえっちいこと～,https://note.com/sasashi0526/n/n9de61dcc7ac3,笹史,2020-06-06T00:27:34.000+09:00,7
不条理と抵抗の文学としてのシャニマス～変わらない世界と届く想い～,https://note.com/jadevine_of_may/n/n15dfa2050543,翡翠,2020-05-27T22:39:16.000+09:00,266
何故、我々は三色チーズ牛丼顔なのか？,https://note.com/beatangel/n/n32ff4498424e,rei,2020-05-26T13:14:11.000+09:00,1180
FF14に命救われた話,https://note.com/hatonyan_nyan/n/nb7d0d06b7587,はと,2020-05-23T13:22:26.000+09:00,285
mstdn.jp、総員退艦用意,https://note.com/1944yamashiro/n/n1b1116e1a6ed,トロオドンのパワプロブログ,2019-10-28T09:20:01.000+09:00,13
Skebに70万くらい使った話,https://note.com/namerou13579/n/n8c8ae9445b8a,アホ,2020-03-21T16:11:37.000+09:00,1008
プログラミングスクールを卒業したゴミを面接した結果,https://note.com/mksaryo/n/n69472228f68a,有山　貴清,2020-05-20T14:03:00.000+09:00,328
人文学・社会科学の社会的支持を向上させるために,https://note.com/fohtake/n/n979ca28e6576,大竹文雄,2018-08-23T11:25:10.000+09:00,457
天才であってほしい母と、何も持たない子,https://note.com/ei1640/n/n664a847f1b72,Xyca.,2020-05-11T12:30:13.000+09:00,20
(Mastodon)スパマーとの終わりなき戦い #1,https://note.com/kumasunorz/n/n583264dffe39,牧瀬ねう（Neustrashimy）,2020-04-23T17:03:03.000+09:00,5
存在しない回botが変わってしまった回,https://note.com/d_v_osorezan/n/n70d91a334fbf,品田遊（ダ・ヴィンチ・恐山）,2020-04-23T01:53:52.000+09:00,4534
Springerからの教科書290冊が2020年7月末まで無料…,https://note.com/sangmin/n/nea8581fd10b4,Sangmin Ahn,2020-04-03T23:21:59.000+09:00,239
Springerから機械学習・データサイエンスに関する電子書籍（65冊）が無料,https://note.com/sangmin/n/n70532784cc91,Sangmin Ahn,2020-04-28T11:09:31.000+09:00,425
VRChat初心者向けガイドライン（前編）,https://note.com/luck_researcher/n/nd66ab438ad38,Luck【ラック】,2020-01-17T15:02:36.000+09:00,159
東大を舐めている全ての人達へ,https://note.com/tonoike0604/n/n611642c5f61c,【結婚相談所MarriageStrategy代表】東大卒婚活YouTuberコジ東,2018-12-10T18:48:21.000+09:00,2320
"「これは ""ハードＳＦ作家・山本弘"" の遺書だと考えてください。」『プロジェクトぴあの』著者あとがき全文公開",https://www.hayakawabooks.com/n/nf9f666619589,Hayakawa Books & Magazines（β）,2020-03-26T16:19:09.000+09:00,402
CTW株式会社に名誉毀損で訴えられ弁護士に依頼せず本人訴訟で挑み勝訴した話【地裁編】,https://note.com/apptokyo/n/ncc2473dfb869,アップトーキョー,2020-01-24T07:55:52.000+09:00,199
なぜTwitterは日本における最強の投稿サービスなのかを考察してみる／古川健介『TOKYO INTERNET』,https://note.com/wakusei2nd/n/n49ce017b41c6,PLANETS,2016-12-14T06:00:35.000+09:00,117
SNSが変わろうとしている：Twitterの分散化方針をアナタは知っているか,https://note.com/wakageeks/n/n6d77c252e38f,Wakageeks,2020-01-01T14:02:49.000+09:00,945
5次方程式の解の公式をガチで求めよう,https://note.com/keyneqq/n/na7d49cd0d841,きいねく,2019-11-30T22:49:48.000+09:00,105
オープンソース誕生“以前”を知る増井雄一郎氏に訊く、OSSコミュニティの現在地と未来,https://note.com/osstokyo/n/nbcabf6a70bca,OPENSOURCE.TOKYO,2019-11-18T10:00:03.000+09:00,24
「スカサハ＝スカディ」なのか？,https://note.com/p_pakira/n/n26c259ca86af,ケルト神話翻訳マン,2018-07-31T23:52:36.000+09:00,61