isbn_or_asin,book_title,author,publisher,published_date,sophia_opac,sophia_mathlib_opac
4254122411,入門統計的因果推論,"Pearl,Judea Glymour,Madelyn Jewell,NicholasP.,1952- ほか",朝倉書店,201908,https://www.lib.sophia.ac.jp/opac/opac_openurl?isbn=4254122411,
4320113217,数学の問題をうまくきれいに解く秘訣,"Posamentier,AlfredS Krulik,Stephen 桐木,由美 桐木,紳",共立出版,201709,https://www.lib.sophia.ac.jp/opac/opac_openurl?ncid=BB24468562,
4627062613,1つの定理を証明する99の方法,"Ording,Philip 冨永,星,1955-",森北出版,202101,https://www.lib.sophia.ac.jp/opac/opac_openurl?ncid=BC05337338,
4873119952,機械学習エンジニアのためのTransformers : 最先端の自然言語処理ライブラリによるモデル開発,"Tunstall,Lewis Werra,Leandrovon Wolf,Thomas ほか",オーム社 (発売),202208,https://www.lib.sophia.ac.jp/opac/opac_openurl?ncid=BC16221663,
4004318327,「勤労青年」の教養文化史 1832 (岩波新書 新赤版),"福間,良明,1969-",岩波書店,202004,https://www.lib.sophia.ac.jp/opac/opac_openurl?ncid=BB30260191,
4004320364,論理的思考とは何か (岩波新書 ； 新赤版 2036),渡邉雅子,岩波書店,,https://www.lib.sophia.ac.jp/opac/opac_openurl?ncid=BD09125485,
4048930621,深層学習,"Goodfellow,Ian Bengio,Yoshua Courville,Aaron ほか",KADOKAWA,201802,https://www.lib.sophia.ac.jp/opac/opac_openurl?ncid=BB25655758,
4642039317,夜更かしの社会史 : 安眠と不眠の日本近現代,"近森,高明 右田,裕規",吉川弘文館,202402,https://www.lib.sophia.ac.jp/opac/opac_openurl?ncid=BD05522290,
4469042412,大修館英語学事典,"松浪,有 池上,嘉彦 今井,邦彦",大修館書店,198307,https://www.lib.sophia.ac.jp/opac/opac_openurl?ncid=BN00086599,
4004320380,象徴天皇の実像 「昭和天皇拝謁記」を読む (岩波新書 ； 新赤版 2038),原武史,岩波書店,,https://www.lib.sophia.ac.jp/opac/opac_openurl?ncid=BD09125827,
4562074760,北朝鮮の食卓 : 食からみる歴史、文化、未来,キム・ヤンヒ 金知子,原書房,,https://www.lib.sophia.ac.jp/opac/opac_openurl?ncid=BD09194808,
4582468268,詰将棋の誕生 : 『詰むや詰まざるや』を読み解く,"若島,正,1952-",平凡社,202408,https://www.lib.sophia.ac.jp/opac/opac_openurl?ncid=BD08531356,
4787233076,夜食の文化誌 (青弓社ライブラリー　62),西村大志／編著,青弓社,20100117,https://www.lib.sophia.ac.jp/opac/opac_openurl?ncid=BB00878297,
4422202340,「図説」アラビア文字事典,"Mandel, Gabriele,矢島, 文夫, 1928-2006,緑, 慎也, 1976-,ガブリエル・マンデル・ハーン 著,矢島文夫 監修,緑慎也 訳",創元社,"Wed, 14 Feb 2024 18:57:39 +0900",https://www.lib.sophia.ac.jp/opac/opac_openurl?ncid=BA68923986,
4757142846,謎のチェス指し人形「ターク」,"Standage,Tom,1969- 服部,桂,1951-",NTT出版,201112,https://www.lib.sophia.ac.jp/opac/opac_openurl?ncid=BB0778166X,
4867800252,ハートの図像学,須藤温子／監修 木村三郎／著・編集 植月惠一郎／著・編集,小鳥遊書房,20240510,https://www.lib.sophia.ac.jp/opac/opac_openurl?ncid=BD07051989,
4130629573,線形代数の世界 抽象数学の入り口 (大学数学の入門),斎藤毅／著,東京大学出版会,20071001,https://www.lib.sophia.ac.jp/opac/opac_openurl?ncid=BA83455475,
4320111664,共立講座数学の魅力 11,"新井,仁之,1959- 小林,俊行,1962- 斎藤,毅,1961- 久保川,達也,1959-",共立出版,201704,https://www.lib.sophia.ac.jp/opac/opac_openurl?ncid=BB23387239,https://mathlib-sophia.opac.jp/opac/Advanced_search/search?isbn=9784320111660&mtl1=1&mtl2=1&mtl3=1&mtl4=1&mtl5=1
4764905671,計算折り紙入門 = Introduction to Computational Origami : あたらしい計算幾何学の世界,"上原,隆平",近代科学社,201806,https://www.lib.sophia.ac.jp/opac/opac_openurl?ncid=BB26359193,
4535789878,パズルの算法 : 手とコンピュータでのパズルの味わい方,上原隆平,日本評論社,,https://www.lib.sophia.ac.jp/opac/opac_openurl?ncid=BD08645978,
4336076456,物語要素事典,神山重彦,国書刊行会,,https://www.lib.sophia.ac.jp/opac/opac_openurl?ncid=BD09290051,
4814400217,入門モダンLinux : オンプレミスからクラウドまで、幅広い知識を会得する,"Hausenblas,Michael 武内,覚 大岩,尚宏",オーム社 (発売),202304,https://www.lib.sophia.ac.jp/opac/opac_openurl?ncid=BD01566148,
4814400500,Raspberry Piクックブック (Make : PROJECTS),"Monk,Simon 水原,文",オーム社,202401,https://www.lib.sophia.ac.jp/opac/opac_openurl?ncid=BD05639458,
4814400756,生成 Deep Learning 第2版 : 絵を描き、物語や音楽を作り、ゲームをプレイする,DavidFoster 松田晃一 小沼千絵,,,https://www.lib.sophia.ac.jp/opac/opac_openurl?ncid=BD08144021,
4588364057,ファランの痙攣派,中村浩巳／著,法政大学出版局,19940601,https://www.lib.sophia.ac.jp/opac/opac_openurl?ncid=BN1101904X,
4000058894,地力をつける 微分と積分,小林俊行,岩波書店,,https://www.lib.sophia.ac.jp/opac/opac_openurl?ncid=BD08637856,
4254131526,学習物理学入門,橋本幸士,朝倉書店,,https://www.lib.sophia.ac.jp/opac/opac_openurl?ncid=BD09317420,
406536678X,拷問と処刑の西洋史 2831 (講談社学術文庫),"浜本,隆志,1944-",講談社,202408,https://www.lib.sophia.ac.jp/opac/opac_openurl?ncid=BD08211537,
484592322X,ラッセンとは何だったのか？［増補改訂版］,原田裕規／著・編集 石岡良治／著 上田和彦／著 大野左紀子／著 大山エンリコイサム／著 ほか,フィルムアート社,20240223,https://www.lib.sophia.ac.jp/opac/opac_openurl?ncid=BD05757705,
4535540411,データで広がる日本ワインの世界 : ワインエコノミクス入門,原田喜美枝,日本評論社,,https://www.lib.sophia.ac.jp/opac/opac_openurl?ncid=BD08107535,
4627084218,暗号理論入門,安永憲司,森北出版,,https://www.lib.sophia.ac.jp/opac/opac_openurl?ncid=BD08525874,
3031700902,The Group Theory Puzzle Book (Springer Undergraduate Mathematics Series),David Nacin,Springer,2024-11-09,https://www.lib.sophia.ac.jp/opac/opac_openurl?isbn=3031700902,
4621303112,ルネサンスの多面体百科,"Wade,David,1941- 宮崎,興二,1940- 奈尾,信英 日野,雅之 山下,俊介,博物館学",丸善出版,201807,https://www.lib.sophia.ac.jp/opac/opac_openurl?ncid=BB26571289,
462130044X,多面体百科,"宮崎,興二,1940-",丸善出版,201610,https://www.lib.sophia.ac.jp/opac/opac_openurl?ncid=BB22341130,
448068493X,東大ファッション論集中講義 ４６７ (ちくまプリマー新書),平芳裕子／本文,筑摩書房,20240911,https://www.lib.sophia.ac.jp/opac/opac_openurl?ncid=BD08553494,
4295015997,Pythonで学ぶ画像認識 = Image Recognition with Python (機械学習実践シリーズ),"田村,雅人 中村,克行",インプレス,202303,https://www.lib.sophia.ac.jp/opac/opac_openurl?ncid=BD01332748,
4295009849,Pythonで学ぶ音源分離 = Sound Source Separation with Python (機械学習実践シリーズ),"戸上,真人",インプレス,202008,https://www.lib.sophia.ac.jp/opac/opac_openurl?ncid=BC02130264,
4582468144,日本遊戯史 : 古代から現代までの遊びと社会,"増川,宏一,1930-",平凡社,201202,https://www.lib.sophia.ac.jp/opac/opac_openurl?ncid=BB08390464,
4582468179,日本遊戯思想史,"増川,宏一,1930-",平凡社,201409,https://www.lib.sophia.ac.jp/opac/opac_openurl?ncid=BB16817644,
4320115686,はじめて学ぶ集合と位相 : データサイエンスへの応用を目指して,"田村,篤史,数学教育学 猪股,俊光",共立出版,202409,https://www.lib.sophia.ac.jp/opac/opac_openurl?ncid=BD08572262,
4760139745,世界史と西洋占星術,"Campion,Nicholas,1953- 鏡,リュウジ,1968- 宇佐,和通,1962- ほか",柏書房,201208,https://www.lib.sophia.ac.jp/opac/opac_openurl?ncid=BB10092709,
4535790272,見える！ 群論入門［増補版］,𦚰克志,,,https://www.lib.sophia.ac.jp/opac/opac_openurl?ncid=BD08462129,
4535790191,特殊関数探訪 : 三角関数からはじめる不思議な世界,数学セミナー編集部,日本評論社,,https://www.lib.sophia.ac.jp/opac/opac_openurl?ncid=BD08855595,
4627692110,Pythonによるはじめての数値流体力学,"松井,純",森北出版,202409,https://www.lib.sophia.ac.jp/opac/opac_openurl?ncid=BD08639625,
4895907813,真に役立つ研究のデザインと統計処理 : 統計学の論理的なストーリーを理解する,"関屋, 昇,関屋曻 著",三輪書店,"Thu, 3 Oct 2024 00:57:31 +0900",https://www.lib.sophia.ac.jp/opac/opac_openurl?ncid=BD08607287,
4480684611,体育がきらい ４３７ (ちくまプリマー新書),坂本拓弥／本文,筑摩書房,20231006,https://www.lib.sophia.ac.jp/opac/opac_openurl?ncid=BD04190231,
4334038638,教育という病 : 子どもと先生を苦しめる「教育リスク」 760 (光文社新書),"内田,良",光文社,201506,https://www.lib.sophia.ac.jp/opac/opac_openurl?ncid=BB18865433,
4873119235,ハンズオンNode.js,"今村,謙士",オーム社,202011,https://www.lib.sophia.ac.jp/opac/opac_openurl?ncid=BC03828474,
4334103804,まったく新しいアカデミック・ライティングの教科書,阿部幸大,光文社,,https://www.lib.sophia.ac.jp/opac/opac_openurl?ncid=BD07847398,
4535540438,因果推論の計量経済学,川口康平 澤田真行,日本評論社,,https://www.lib.sophia.ac.jp/opac/opac_openurl?ncid=BD0857886X,
4758918228,形式意味論入門 27 (開拓社叢書),"田中,拓郎",開拓社,201609,https://www.lib.sophia.ac.jp/opac/opac_openurl?ncid=BB22032012,
4121028147,吾妻鏡ー鎌倉幕府「正史」の虚実 (中公新書 ； 2814),藪本勝治,中央公論新社,,https://www.lib.sophia.ac.jp/opac/opac_openurl?ncid=BD07945568,
4627062311,定理のつくりかた = How to Make a Theorem,"竹山,美宏",森北出版,201802,https://www.lib.sophia.ac.jp/opac/opac_openurl?ncid=BB25769881,
4480076409,歴史学はこう考える １８１５ (ちくま新書),松沢裕作／本文,筑摩書房,20240911,https://www.lib.sophia.ac.jp/opac/opac_openurl?ncid=BD08538694,
4562074663,古代ギリシア・ローマの魔術のある日常,フィリップ・マティザック 上京恵 藤村シシン,原書房,,https://www.lib.sophia.ac.jp/opac/opac_openurl?ncid=BD08851200,
4297141574,TCP/IP技術入門 : プロトコルスタックの基礎×実装 : HTTP/3 QUIC モバイル Wi-Fi IoT (Tech×Books plus),"中山,悠 丸田,一輝",技術評論社,202405,https://www.lib.sophia.ac.jp/opac/opac_openurl?ncid=BD07089176,
4784216162,着衣する身体と女性の周縁化,"武田,佐知子,1948-",思文閣出版,201204,https://www.lib.sophia.ac.jp/opac/opac_openurl?ncid=BB09174690,
4814400853,Binary Hacks Rebooted : 低レイヤの世界を探検するテクニック89選,河田旺 小池悠生 渡邉慶一 佐伯学哉 荒田実樹,,,https://www.lib.sophia.ac.jp/opac/opac_openurl?ncid=BD08563738,
4764907070,統計学再入門ー科学哲学から探る統計思考の原点ー (統計スポットライト・シリーズ　 ； 第7巻),森元良太,近代科学社,,https://www.lib.sophia.ac.jp/opac/opac_openurl?ncid=BD08558771,
4910292020,言語学者、外の世界へ羽ばたく : ラッパー・声優・歌手とのコラボからプリキュア・ポケモン名の分析まで 2 (リベラルアーツコトバ双書),"川原,繁人,1980-",教養検定会議,202204,https://www.lib.sophia.ac.jp/opac/opac_openurl?ncid=BC14677574,
462130898X,ネットワーク科学入門 : Pythonで学ぶデータ分析とモデリング,"Menczer,Filippo Fortunato,Santo Davis,ClaytonA ほか",丸善出版,202312,https://www.lib.sophia.ac.jp/opac/opac_openurl?ncid=BD05165444,
406512476X,コンパクトデータ構造 : 実践的アプローチ,"Navarro,Gonzalo,1969- 定兼,邦彦,1971-",講談社,202307,https://www.lib.sophia.ac.jp/opac/opac_openurl?ncid=BD03221544,
4339013722,音楽情報処理 = Music Information Processing 2 (メディアテクノロジーシリーズ),"後藤,真孝 北原,鉄朗 深山,覚 竹川,佳成 吉井,和佳",コロナ社,202309,https://www.lib.sophia.ac.jp/opac/opac_openurl?ncid=BD03805104,
4320017382,これなら分かる応用数学教室 : 最小二乗法からウェーブレットまで,"金谷,健一,1947-",共立出版,200306,https://www.lib.sophia.ac.jp/opac/opac_openurl?ncid=BA62447424,
4297137690,ビジュアルでわかる 信号処理入門,井澤裕司／著,技術評論社,20231018,https://www.lib.sophia.ac.jp/opac/opac_openurl?ncid=BD04383745,
4336075514,ナポレオン時代の犯罪,ジャン・チュラール 辻谷泰志,国書刊行会,,https://www.lib.sophia.ac.jp/opac/opac_openurl?ncid=BD07157050,
4065356350,暗号の理論と技術 = Theory and Practice of Cryptography : 量子時代のセキュリティ理解のために,"国広,昇 安田,雅哉",講談社,202405,https://www.lib.sophia.ac.jp/opac/opac_openurl?ncid=BD06987711,
4826902131,事実はなぜ人の意見を変えられないのか : 説得力と影響力の科学,"Sharot,Tali 上原,直子",白揚社,201908,https://www.lib.sophia.ac.jp/opac/opac_openurl?ncid=BB28705455,
491125601X,絶望からの新聞論,南彰／著,地平社,20240430,https://www.lib.sophia.ac.jp/opac/opac_openurl?ncid=BD06825629,
462205051X,ロビンソン変形譚小史 : 物語の漂流 (みすずライブラリー),"岩尾,竜太郎,1952-2010",みすず書房,200003,https://www.lib.sophia.ac.jp/opac/opac_openurl?ncid=BA45944863,
4000612468,社会科学のためのデータ分析入門. 下,"今井,耕介 粕谷,祐子,1968- 原田,勝孝 久保,浩樹",岩波書店,201804,https://www.lib.sophia.ac.jp/opac/opac_openurl?ncid=BB25765042,
400061245X,社会科学のためのデータ分析入門. 上,"今井,耕介 粕谷,祐子,1968- 原田,勝孝",岩波書店,201803,https://www.lib.sophia.ac.jp/opac/opac_openurl?ncid=BB25765042,
4863135939,地球史マップ : 誕生・進化・流転の全記録,"Grataloup,Christian 藤村,奈緒美 瀧下,哉代 辻森,樹,1972-",日経BPマーケティング,202401,https://www.lib.sophia.ac.jp/opac/opac_openurl?ncid=BD05186557,
4065221382,統計力学入門 = Introduction to Statistical Mechanics : 愚問からのアプローチ,"高橋,康,1923-2013",講談社,202104,https://www.lib.sophia.ac.jp/opac/opac_openurl?ncid=BC06949704,
4000298968,テキストアナリティクスの基礎と実践 1 (テキストアナリティクス),"金,明哲,1954- 金,明哲,1954-",岩波書店,202103,https://www.lib.sophia.ac.jp/opac/opac_openurl?ncid=BC06431783,
4309421121,日本怪奇物語 と13-1 (河出文庫),"富岡,直方",河出書房新社,202406,https://www.lib.sophia.ac.jp/opac/opac_openurl?ncid=BD07213978,
479520120X,数論を学ぶ人のための相互法則入門 18 (数理情報科学シリーズ),"平松,豊一,1937-",星雲社,199805,https://www.lib.sophia.ac.jp/opac/opac_openurl?ncid=BA35679868,
4535559473,地域データ分析入門 = Introduction to Regional Data Analysis : すぐに役立つEBPM実践ガイドブック,"林,宜嗣,1951- 林,亮輔,1983- 高林,喜久生,1953- 林,勇貴,1988- ほか",日本評論社,202112,https://www.lib.sophia.ac.jp/opac/opac_openurl?ncid=BC11791427,
4627078919,数論幾何入門,三枝洋一,森北出版,,https://www.lib.sophia.ac.jp/opac/opac_openurl?ncid=BD07163439,
4297141922,Rustで作るプログラミング言語 —— コンパイラ／インタプリタの基礎からプログラミング言語の新潮流まで,佐久田昌博,技術評論社,,https://www.lib.sophia.ac.jp/opac/opac_openurl?ncid=BD07372654,
4048931164,関数型ドメインモデリング : ドメイン駆動設計とF#でソフトウェアの複雑さに立ち向かおう,"Wlaschin,Scott 猪股,健太郎,1975-",KADOKAWA,202406,https://www.lib.sophia.ac.jp/opac/opac_openurl?ncid=BD07594714,
4254122128,基礎からのベイズ統計学 : ハミルトニアンモンテカルロ法による実践的入門,"豊田,秀樹,1961-",朝倉書店,201506,https://www.lib.sophia.ac.jp/opac/opac_openurl?ncid=BB18938264,
4814400799,脳に収まるコードの書き方 : 複雑さを避け持続可能にするための経験則とテクニック,"Seemann,Mark 吉羽,龍太郎 原田,騎郎",オーム社,202406,https://www.lib.sophia.ac.jp/opac/opac_openurl?ncid=BD07378220,
4771036543,聖家族の終焉とおじさんの逆襲 = Das Ende der Heiligen Familie und der Gegenangriff des Onkels : 両大戦間期ドイツ児童文学の世界,"佐藤,文彦,1973-",晃洋書房,202212,https://www.lib.sophia.ac.jp/opac/opac_openurl?isbn=4771036543,
427423116X,Pythonで学ぶ効果検証入門 = Learn Impact Evaluation With Python,"安井,翔太 伊藤,寛武 金子,雄祐",オーム社,202405,https://www.lib.sophia.ac.jp/opac/opac_openurl?ncid=BD07209154,
4320124960,機械学習 : ベイズと最適化の観点から,"Theodoridis,Sergios,1951- 岩野,和生 中島,秀之,1952-",共立出版,202212,https://www.lib.sophia.ac.jp/opac/opac_openurl?ncid=BC18912508,
4065225493,これならわかる機械学習入門 = Understanding Machine Learning from Scratch,"富谷,昭夫",講談社,202103,https://www.lib.sophia.ac.jp/opac/opac_openurl?isbn=4065225493,
4297111179,効果検証入門 : 正しい比較のための因果推論/計量経済学の基礎,"安井,翔太 ホクソエム",技術評論社,202001,https://www.lib.sophia.ac.jp/opac/opac_openurl?ncid=BB29538290,
4758121214,基礎から学ぶ統計学,"中原,治,1966-",羊土社,202209,https://www.lib.sophia.ac.jp/opac/opac_openurl?ncid=BC16787507,
4807920294,データサイエンスと機械学習 : 理論からPythonによる実装まで (DIGITAL FOREST),"Kroese,DirkP Botev,ZdravkoI.,1982- Taimre,Thomas,1983- ほか",東京化学同人,202212,https://www.lib.sophia.ac.jp/opac/opac_openurl?ncid=BC18727710,
4254114850,固有値問題30講 10 (数学30講シリーズ),"志賀,浩二,1930-",朝倉書店,199104,,https://mathlib-sophia.opac.jp/opac/Advanced_search/search?isbn=9784254114850&mtl1=1&mtl2=1&mtl3=1&mtl4=1&mtl5=1
4627097034,ベイズデータ解析,"Gelman,Andrew Carlin,JohnB Stern,HalSteven ほか",森北出版,202406,https://www.lib.sophia.ac.jp/opac/opac_openurl?ncid=BD07649394,
4903814874,時系列分析と状態空間モデルの基礎 = Foundations of Time Series Analysis and State Space Models : RとStanで学ぶ理論と実装,"馬場,真哉,1990-",プレアデス出版,201803,https://www.lib.sophia.ac.jp/opac/opac_openurl?ncid=BB25542434,
4334044689,日本の少子化対策はなぜ失敗したのか? : 結婚・出産が回避される本当の原因 1067 (光文社新書),"山田,昌弘,1957-",光文社,202005,https://www.lib.sophia.ac.jp/opac/opac_openurl?ncid=BB30607674,
4065347823,グラフニューラルネットワーク = Graph Neural Networks (機械学習プロフェッショナルシリーズ),"佐藤,竜馬,1996- 杉山,将",講談社,202404,https://www.lib.sophia.ac.jp/opac/opac_openurl?ncid=BD0659685X,
4535540284,定量的マクロ経済学と数値計算,北尾早霧 砂川武貴 山田知明,日本評論社,,https://www.lib.sophia.ac.jp/opac/opac_openurl?ncid=BD07376881,
4798157775,最強囲碁AIアルファ碁解体新書 : 深層学習、モンテカルロ木探索、強化学習から見たその仕組み,"大槻,知史 三宅,陽一郎,1975-",翔泳社,201807,https://www.lib.sophia.ac.jp/opac/opac_openurl?ncid=BB26440462,
4121101480,日本の小説の翻訳にまつわる特異な問題 : 文化の架橋者たちがみた「あいだ」 147 (中公選書),"片岡,真伊,1987-",中央公論新社,202402,https://www.lib.sophia.ac.jp/opac/opac_openurl?ncid=BD05608002,
4320125797,量子情報科学入門 第2版,石坂智 小川朋宏 河内亮周 木村元 林正人,,,https://www.lib.sophia.ac.jp/opac/opac_openurl?ncid=BD07209223,
4535789614,線形代数と数え上げ,"高崎,金久,1956-",日本評論社,202112,https://www.lib.sophia.ac.jp/opac/opac_openurl?ncid=BC11558400,
4764906457,ストラング:教養の線形代数 (世界標準MIT教科書),"Strang,Gilbert 松崎,公紀 平鍋,健児",近代科学社,202303,https://www.lib.sophia.ac.jp/opac/opac_openurl?ncid=BD01153840,
4764904055,ストラング:線形代数イントロダクション (世界標準MIT教科書),"Strang,Gilbert 松崎,公紀 新妻,弘,1946-",近代科学社,201512,https://www.lib.sophia.ac.jp/opac/opac_openurl?ncid=BB20319753,
4816372466,パワーエレクトロニクス = POWER ELECTRONICS : カラー徹底図解 : パワーエレクトロニクスの基本と本質をつかむために最適の一冊!,"赤津,観,1972-",ナツメ社,202208,https://www.lib.sophia.ac.jp/opac/opac_openurl?ncid=BC1584082X,
4560049173,レトリカ : 比喩表現事典,"榛谷,泰明,1935-2014",白水社,199401,https://www.lib.sophia.ac.jp/opac/opac_openurl?ncid=BN10348727,
4780608600,現代数理統計学 = Modern Mathematical STATISTICS,"竹村,彰通,1952-",学術図書出版社,202011,https://www.lib.sophia.ac.jp/opac/opac_openurl?ncid=BC04123055,
4106109697,ドーパミン中毒 969 (新潮新書),"Lembke,Anna,1967- 恩蔵,絢子",新潮社,202210,https://www.lib.sophia.ac.jp/opac/opac_openurl?ncid=BC17153897,
4480017925,漫画家が見た　百年前の西洋 ２７３ (筑摩選書),和田博文／本文,筑摩書房,20240216,https://www.lib.sophia.ac.jp/opac/opac_openurl?ncid=BD05673150,
4861827116,ヴィクトリア朝怪異譚,ウィルキー・コリンズ／著 ジョージ・エリオット／著 メアリ・エリザベス・ブラッドン／著 ほか,作品社,20180829,https://www.lib.sophia.ac.jp/opac/opac_openurl?ncid=BB26839166,
4315523402,犯罪学 (サイエンス超簡潔講座),"Newburn,Tim 岡邊,健,1975- 大庭,有美 林,カオリ",ニュートンプレス,202103,https://www.lib.sophia.ac.jp/opac/opac_openurl?ncid=BC0558096X,
4087213080,カレー移民の謎 : 日本を制覇する「インネパ」 1208. ノンフィクション (集英社新書),"室橋,裕和,1974-",集英社,202403,https://www.lib.sophia.ac.jp/opac/opac_openurl?ncid=BD06080518,
4326103353,人工知能の哲学入門,"鈴木,貴之,1973-",勁草書房,202402,https://www.lib.sophia.ac.jp/opac/opac_openurl?ncid=BD05889579,
4254111290,数論〈未解決問題〉の事典,"Guy,RichardK,1916- 金光,滋",朝倉書店,201011,https://www.lib.sophia.ac.jp/opac/opac_openurl?ncid=BB03840982,https://mathlib-sophia.opac.jp/opac/Advanced_search/search?isbn=9784254111293&mtl1=1&mtl2=1&mtl3=1&mtl4=1&mtl5=1
478060852X,統計学実践ワークブック,,学術図書出版社,202005,https://www.lib.sophia.ac.jp/opac/opac_openurl?isbn=478060852X,
4003117530,酒道楽 (岩波文庫),"村井,弦斎,1863-1927",岩波書店,200612,https://www.lib.sophia.ac.jp/opac/opac_openurl?ncid=BA79707836,
4562074043,読めない人が「読む」世界 : 読むことの多様性,"Rubery,Matthew 片桐,晶",原書房,202403,https://www.lib.sophia.ac.jp/opac/opac_openurl?ncid=BD05975025,
4000058428,はじめての統計的因果推論,"林,岳彦,1974-",岩波書店,202402,https://www.lib.sophia.ac.jp/opac/opac_openurl?ncid=BD05898241,
4087213129,なぜ働いていると本が読めなくなるのか 1212 (集英社新書),"三宅,香帆,1994-",集英社,202404,https://www.lib.sophia.ac.jp/opac/opac_openurl?ncid=BD06546920,
4480074996,日本の中絶 １６７７ (ちくま新書),塚原久美／著,筑摩書房,20220808,https://www.lib.sophia.ac.jp/opac/opac_openurl?ncid=BC16256271,
4627614713,実用メカニズム事典 = Mechanism Encyclopedia : 機械設計の発想力を鍛える機構101選,"岩本,太郎",森北出版,202002,https://www.lib.sophia.ac.jp/opac/opac_openurl?ncid=BB29727395,
4535540489,データ駆動型回帰分析 : 計量経済学と機械学習の融合,"末石,直也",日本評論社,202404,https://www.lib.sophia.ac.jp/opac/opac_openurl?ncid=BD06593647,
4254161395,Pythonによる気象・気候データ解析. 2,"神山,翼",朝倉書店,202405,https://www.lib.sophia.ac.jp/opac/opac_openurl?ncid=BD06757289,
4254161387,Pythonによる気象・気候データ解析. 1,"神山,翼",朝倉書店,202405,https://www.lib.sophia.ac.jp/opac/opac_openurl?ncid=BD06757074,
4535788987,楕円積分と楕円関数 : おとぎの国の歩き方,"武部,尚志",日本評論社,201909,https://www.lib.sophia.ac.jp/opac/opac_openurl?ncid=BB28917012,
4627061714,よくわかるトポロジー,"山本,修身",森北出版,201504,https://www.lib.sophia.ac.jp/opac/opac_openurl?ncid=BB18534265,
4062573962,制御工学の考え方 : 産業革命は「制御」からはじまった (ブルーバックス),"木村,英紀,1941-",講談社,200212,https://www.lib.sophia.ac.jp/opac/opac_openurl?ncid=BA60067160,
4274231534,Pythonによる制御工学入門,"南,裕樹,1982-",オーム社,202401,https://www.lib.sophia.ac.jp/opac/opac_openurl?ncid=BD05301360,
4065301211,はじめての現代制御理論 = A 1st Course in Modern Control Theory,"佐藤,和也,制御工学 下本,陽一 熊澤,典良",講談社,202212,https://www.lib.sophia.ac.jp/opac/opac_openurl?ncid=BC18846334,
4065137470,はじめての制御工学 = A 1st Course in Control Engineering,"佐藤,和也,制御工学 平元,和彦 平田,研二",講談社,201811,https://www.lib.sophia.ac.jp/opac/opac_openurl?ncid=BB27287087,
4274224309,実践ロボット制御 : 基礎から動力学まで,"細田,耕,1965-",オーム社,201911,https://www.lib.sophia.ac.jp/opac/opac_openurl?ncid=BB29197702,
4065146852,"線形性・固有値・テンソル = Linearity,Eigenvalue,Tensor : 〈線形代数〉応用への最短コース","原,啓介,1968-",講談社,201902,https://www.lib.sophia.ac.jp/opac/opac_openurl?ncid=BB27796579,
4903342611,整数の分割,G.アンドリュース／著 Ｋ．エリクソン／著 佐藤文広／訳,数学書房,20060531,https://www.lib.sophia.ac.jp/opac/opac_openurl?ncid=BA77062795,
4087211169,著作権とは何か : 文化と創造のゆくえ 1016 (集英社新書),"福井,健策,1965-",集英社,202003,https://www.lib.sophia.ac.jp/opac/opac_openurl?ncid=BB29891774,
4320125673,データ分析失敗事例集 = Data Analytics Nightmare : 失敗から学び、成功を手にする,"尾花山,和哉 ホクソエム",共立出版,202308,https://www.lib.sophia.ac.jp/opac/opac_openurl?ncid=BD03280226,
4535559961,医療の経済学 = Health Economics : 経済学の視点で日本の医療政策を考える,"河口,洋行",日本評論社,202012,https://www.lib.sophia.ac.jp/opac/opac_openurl?ncid=BC04610566,
4320113845,実解析の助け舟 : 証明の理解に必要なすべてのツール,"Grinberg,Raffi,1990- 蟹江,幸博,1948-",共立出版,201909,https://www.lib.sophia.ac.jp/opac/opac_openurl?ncid=BB28977240,
4062576201,高校数学でわかるボルツマンの原理 : 熱力学と統計力学を理解しよう B-1620 (ブルーバックス),"竹内,淳,1960-",講談社,200811,https://www.lib.sophia.ac.jp/opac/opac_openurl?ncid=BA8792734X,
4062575450,高校数学でわかる半導体の原理 : 電子の動きを知って理解しよう B-1545 (ブルーバックス),"竹内,淳,1960-",講談社,200703,https://www.lib.sophia.ac.jp/opac/opac_openurl?ncid=BA81239209,
4062574705,高校数学でわかるシュレディンガー方程式 : 量子力学を学びたい人、ほんとうに理解したい人へ (ブルーバックス),"竹内,淳,1960-",講談社,200503,https://www.lib.sophia.ac.jp/opac/opac_openurl?ncid=BA71291064,
4621309048,アルゴリズム設計マニュアル. 下,"Skiena,StevenS 平田,富夫,1949-",丸善出版,202401,https://www.lib.sophia.ac.jp/opac/opac_openurl?isbn=4621309048,
462130903X,アルゴリズム設計マニュアル. 上,"Skiena,StevenS 平田,富夫,1949-",丸善出版,202401,https://www.lib.sophia.ac.jp/opac/opac_openurl?isbn=462130903X,
4339013730,"可視化と科学・文化・社会 = Visualization for Science,Digital Humanities,and Sociology 3 (メディアテクノロジーシリーズ)","竹島,由里子 伊藤,貴之 宮地,英生 田中,覚",コロナ社,202310,https://www.lib.sophia.ac.jp/opac/opac_openurl?ncid=BD04191303,
4339013749,ゲームグラフィックス表現技法 = Creative Techniques for Game Graphics 4 (メディアテクノロジーシリーズ),"金久保,哲也",コロナ社,202402,https://www.lib.sophia.ac.jp/opac/opac_openurl?ncid=BD05523486,
4492313702,現代マクロ経済学講義 : 動学的一般均衡モデル入門,"加藤,涼",東洋経済新報社,200701,https://www.lib.sophia.ac.jp/opac/opac_openurl?ncid=BA79826584,
4627852614,"超高速グラフ列挙アルゴリズム : 〈フカシギの数え方〉が拓く,組合せ問題への新アプローチ","湊,真一 科学技術振興機構",森北出版,201504,https://www.lib.sophia.ac.jp/opac/opac_openurl?ncid=BB18406210,
4478113408,Science Fictionsあなたが知らない科学の真実,"Ritchie,Stuart(StuartJ.) 矢羽野,薫,1969-",ダイヤモンド社,202401,https://www.lib.sophia.ac.jp/opac/opac_openurl?ncid=BD05519988,
4274224473,マスタリングTCP/IP 入門編,"井上,直也,1974- 村山,公保,1967- 竹下,降史,1965-",オーム社,201911,https://www.lib.sophia.ac.jp/opac/opac_openurl?ncid=BB29290741,
4782706863,大学の化学への招待,"井上,亨,1947- 川田,知,1960- 栗原,寬人,1933-",三共出版,201303,https://www.lib.sophia.ac.jp/opac/opac_openurl?ncid=BB1254993X,
4585390340,今昔物語集の怪異を読む : 巻第二十七「霊鬼」,"森,正人,1948-",勉誠社,202312,https://www.lib.sophia.ac.jp/opac/opac_openurl?ncid=BD05140126,
4589043041,無作為抽出ウェブ調査の挑戦,"杉野,勇 平沢,和司,1962-",法律文化社,202401,https://www.lib.sophia.ac.jp/opac/opac_openurl?ncid=BD0518488X,
4863544332,改訂新版 インフラエンジニアの教科書,佐野裕／著,シーアンドアール研究所,20231114,https://www.lib.sophia.ac.jp/opac/opac_openurl?ncid=BD04616628,
4480857745,王を殺した豚王が愛した象 : 歴史に名高い動物たち,"Pastoureau, Michel, 1947-,松村, 恵理, 1962-,松村, 剛, 1960-,ミシェル・パストゥロー 著,松村恵理, 松村剛 訳",筑摩書房,"Mon, 7 Jul 2003 20:02:08 +0900",https://www.lib.sophia.ac.jp/opac/opac_openurl?ncid=BA62111842,
4431727388,統計のための行列代数 下,"Harville, David A,伊理, 正夫, 1933-2018,井上, 玄定,D.A.ハーヴィル 著,伊理正夫 監訳,井上玄定 訳",シュプリンガー・ジャパン,"Fri, 17 Aug 2018 07:06:38 +0900",https://www.lib.sophia.ac.jp/opac/opac_openurl?ncid=BA82363225,https://mathlib-sophia.opac.jp/opac/Advanced_search/search?isbn=9784431727385&mtl1=1&mtl2=1&mtl3=1&mtl4=1&mtl5=1
443172737X,統計のための行列代数 上,"Harville,DavidA 伊理,正夫,1933-2018 井上,玄定",シュプリンガー・ジャパン,200706,https://www.lib.sophia.ac.jp/opac/opac_openurl?ncid=BA82363225,https://mathlib-sophia.opac.jp/opac/Advanced_search/search?isbn=9784431727378&mtl1=1&mtl2=1&mtl3=1&mtl4=1&mtl5=1
4431709398,楽器の物理学,"Fletcher,NevilleHorner Rossing,ThomasD,1929- ほか",シュプリンガー・フェアラーク東京,200210,https://www.lib.sophia.ac.jp/opac/opac_openurl?ncid=BA59191071,
4560026386,ヨーロッパ中世象徴史,"Pastoureau,Michel,1947- 篠田,勝英,1948-",白水社,200810,https://www.lib.sophia.ac.jp/opac/opac_openurl?ncid=BA87276401,
4320114558,組合せ論の発見 : 古代から現代へ,"Wilson,RobinJ.,1943- Watkins,JohnJ 高瀬,正仁,1951- ほか",共立出版,202106,https://www.lib.sophia.ac.jp/opac/opac_openurl?ncid=BC08170024,
4785315652,複素関数論の基礎,"山本,直樹,1976-",裳華房,201511,https://www.lib.sophia.ac.jp/opac/opac_openurl?ncid=BB20060491,
432745317X,読解のための上級英文法,,研究社,202312,https://www.lib.sophia.ac.jp/opac/opac_openurl?ncid=BD0515357X,
4627083416,代数学入門 = Introduction to Algebra : 群・環・体の基礎とガロワ理論,"永井,保成",森北出版,202401,https://www.lib.sophia.ac.jp/opac/opac_openurl?ncid=BD05430363,
4785322497,マクスウェル方程式から始める電磁気学,"小宮山,進,1947- 竹川,敦",裳華房,201511,https://www.lib.sophia.ac.jp/opac/opac_openurl?ncid=BB24133575,
4759814752,コンピュータ・シミュレーションの基礎 : 分子のミクロな性質を解明するために,"岡崎,進,1954- 吉井,範行",化学同人,201107,https://www.lib.sophia.ac.jp/opac/opac_openurl?ncid=BB06301088,
4320115589,組合せゲーム理論の世界 = The World of Combinatorial Game Theory : 数学で解き明かす必勝法,"安福,智明 坂井,公,1953- 末續,鴻輝",共立出版,202402,https://www.lib.sophia.ac.jp/opac/opac_openurl?ncid=BD05886479,
4873117852,アルゴリズムクイックリファレンス,"Heineman,GeorgeT Pollice,Gary Selkow,Stanley ほか",オーム社,201612,https://www.lib.sophia.ac.jp/opac/opac_openurl?ncid=BB22781676,
184816310X,Science Research Writing for Non-Native Speakers of English,Hilary Glasman-deal,ICP,2009-12-18,https://www.lib.sophia.ac.jp/opac/opac_openurl?isbn=184816310X,
4867930083,痛風の文化史,ロイ・ポーター／著 G・S・ルソー／著 石塚久郎／監修・編集 青柳伸子／翻訳,作品社,20231207,https://www.lib.sophia.ac.jp/opac/opac_openurl?isbn=4867930083,
4910612025,線形代数から始める多変量解析 : 直交射影と固有値分解によるデータの分解,"高橋,敬子,1952-",プレアデス出版,202205,https://www.lib.sophia.ac.jp/opac/opac_openurl?ncid=BC14613505,
4535540500,次世代の実証経済学 = Next Generation of Empirical Research in Economics,"大塚,啓二郎,1948- 黒崎,卓,1964- 澤田,康幸,1967- 園部,哲史,1960-",日本評論社,202306,https://www.lib.sophia.ac.jp/opac/opac_openurl?ncid=BD02804285,
4044003505,カクレキリシタン : 現代に生きる民俗信仰 [J123-1] ([角川ソフィア文庫]),"宮崎,賢太郎,1950-",KADOKAWA,201802,https://www.lib.sophia.ac.jp/opac/opac_openurl?ncid=BB25615301,
4535559996,大学生のための経済学の実証分析,"千田,亮吉,1955- 加藤,久和,1958- 本田,圭市郎 萩原,里紗",日本評論社,202302,https://www.lib.sophia.ac.jp/opac/opac_openurl?ncid=BD00530236,
4065164044,データ分析のためのデータ可視化入門 (実践Data Scienceシリーズ),"Healy,KieranJoseph,1973- 瓜生,真也,1989- 江口,哲史 ほか",講談社,202101,https://www.lib.sophia.ac.jp/opac/opac_openurl?ncid=BC05081336,
4766414896,現代語訳　特命全権大使米欧回覧実記（普及版） 第4巻　ヨーロッパ大陸編　中,久米邦武／企画 水澤周／翻訳 米欧亜回覧の会／イラスト,慶應義塾大学出版会,20080601,https://www.lib.sophia.ac.jp/opac/opac_openurl?ncid=BA86186722,
476641490X,現代語訳　特命全権大使米欧回覧実記（普及版） 第５巻　ヨーロッパ大陸編　下　附 帰航日程,久米邦武／企画 水澤周／翻訳 米欧亜回覧の会／イラスト,慶應義塾大学出版会,20080601,https://www.lib.sophia.ac.jp/opac/opac_openurl?ncid=BA86186722,
4766414888,現代語訳　特命全権大使米欧回覧実記（普及版） 第3巻　ヨーロッパ大陸編　上,久米邦武／企画 水澤周／翻訳 米欧亜回覧の会／イラスト,慶應義塾大学出版会,20080601,https://www.lib.sophia.ac.jp/opac/opac_openurl?ncid=BA86186722,
476641487X,現代語訳　特命全権大使米欧回覧実記（普及版） 第2巻　イギリス編,久米邦武／企画 水澤周／翻訳 米欧亜回覧の会／イラスト,慶應義塾大学出版会,20080601,https://www.lib.sophia.ac.jp/opac/opac_openurl?ncid=BA86186722,
4766414861,現代語訳　特命全権大使米欧回覧実記（普及版） 第1巻　アメリカ編,久米邦武／企画 水澤周／翻訳 米欧亜回覧の会／イラスト,慶應義塾大学出版会,20080601,https://www.lib.sophia.ac.jp/opac/opac_openurl?ncid=BA86186722,
4320122356,メタヒューリスティクスの数理,"久保,幹雄,1963- Pedroso,JoãoPedro",共立出版,200905,https://www.lib.sophia.ac.jp/opac/opac_openurl?ncid=BA89986066,
4627077416,"幾何学と代数系 = Geometric Algebra : ハミルトン,グラスマン,クリフォード","金谷,健一,1947-",森北出版,201407,https://www.lib.sophia.ac.jp/opac/opac_openurl?ncid=BB16172560,
4814400586,Rustの練習帳 : コマンドラインツールの作成を通してRustを学ぶ,"Youens-Clark,Ken 中山,光樹,1991-",オーム社,202401,https://www.lib.sophia.ac.jp/opac/opac_openurl?ncid=BD0545973X,
4480075941,ブッダという男 初期仏典を読みとく １７６３ (ちくま新書),清水俊史／本文,筑摩書房,20231207,https://www.lib.sophia.ac.jp/opac/opac_openurl?ncid=BD04784713,
4588022180,最古の料理 (りぶらりあ選書),J.ボテロ／著 松島英子／訳,法政大学出版局,20031201,https://www.lib.sophia.ac.jp/opac/opac_openurl?ncid=BA6470446X,
4560028729,悪魔の布 : 縞模様の歴史,"Pastoureau,Michel,1947- 松村,剛,1960- 松村,恵理,1962-",白水社,199305,https://www.lib.sophia.ac.jp/opac/opac_openurl?ncid=BN09184462,
4622087936,測りすぎ : なぜパフォーマンス評価は失敗するのか?,"Muller,JerryZ.,1954- 松本,裕",みすず書房,201904,https://www.lib.sophia.ac.jp/opac/opac_openurl?ncid=BB28158909,
4305708795,SP盤落語レコードがひらく近代日本語研究,金澤裕之・矢島正浩／編集,笠間書院,20190902,https://www.lib.sophia.ac.jp/opac/opac_openurl?ncid=BB28869678,
4562053151,悪魔と悪魔学の事典,"Guiley,Rosemary 金井,美子 木村,浩美 白須,清美,1969-",原書房,201604,https://www.lib.sophia.ac.jp/opac/opac_openurl?ncid=BB21257334,
4814400411,ルールズ・オブ・プログラミング : より良いコードを書くための21のルール,"Zimmerman,Chris 久富木,隆一",オーム社 (発売),202308,https://www.lib.sophia.ac.jp/opac/opac_openurl?ncid=BD03546979,
4862761593,フェアトレードのおかしな真実 : 僕は本当に良いビジネスを探す旅に出た,"Woodman,Conor 松本,裕",英治出版,201308,https://www.lib.sophia.ac.jp/opac/opac_openurl?ncid=BB13308032,
406527978X,Pythonではじめるベイズ機械学習入門 = Introduction to Bayesian Machine Learning with Python,"森賀,新 木田,悠歩 須山,敦志",講談社,202205,https://www.lib.sophia.ac.jp/opac/opac_openurl?ncid=BC14834901,
4065337631,Pythonでスラスラわかるベイズ推論「超」入門 = A super basic introduction to Bayesian inference in Python,"赤石,雅典 須山,敦志",講談社,202311,https://www.lib.sophia.ac.jp/opac/opac_openurl?ncid=BD04699793,
4780607892,線形代数学,"溝畑,潔 多久和,英樹 浦部,治一郎,1950-",学術図書出版社,201912,https://www.lib.sophia.ac.jp/opac/opac_openurl?ncid=BB29573597,
4065212707,しっかり学ぶ数理最適化 : モデルからアルゴリズムまで,"梅谷,俊治",講談社,202010,https://www.lib.sophia.ac.jp/opac/opac_openurl?ncid=BC03460184,
4336065772,怪異の表象空間 : メディア・オカルト・サブカルチャー,"一柳,広孝,1959-",国書刊行会,202003,https://www.lib.sophia.ac.jp/opac/opac_openurl?ncid=BB3010595X,
4865283838,セミコロン　かくも控えめであまりにもやっかいな句読点,セシリア・ワトソン／著 萩澤大輝／翻訳 倉林秀男／翻訳,左右社,20230830,https://www.lib.sophia.ac.jp/opac/opac_openurl?ncid=BD03572367,
4768705251,アントンのやさしい線型代数,"Anton, Howard,山下, 純一, 1948-,H.アントン 著,山下純一 訳",現代数学社,"Mon, 10 Feb 2020 18:58:14 +0900",https://www.lib.sophia.ac.jp/opac/opac_openurl?ncid=BB29664546,
4297123835,アートで魅せる数学の世界 = THE WORLD OF MATHEMATICS FASCINATED WITH ART,"岡本,健太郎,1990-",技術評論社,202111,https://www.lib.sophia.ac.jp/opac/opac_openurl?ncid=BC1065565X,
4062577380,物理数学の直観的方法 : 理工系で学ぶ数学「難所突破」の特効薬 B-1738 (ブルーバックス),"長沼,伸一郎,1961-",講談社,201109,https://www.lib.sophia.ac.jp/opac/opac_openurl?ncid=BB0677041X,
448084323X,当事者は嘘をつく,小松原織香／著,筑摩書房,20220131,https://www.lib.sophia.ac.jp/opac/opac_openurl?ncid=BC12468110,
4588200313,からくり 3 (ものと人間の文化史),立川昭二／著,法政大学出版局,19690601,https://www.lib.sophia.ac.jp/opac/opac_openurl?ncid=BN00802380,
4320114973,測度論からの数理統計学,綿森葉子／著 田中秀和／著 田中潮／著,共立出版,20230928,https://www.lib.sophia.ac.jp/opac/opac_openurl?ncid=BD04057796,
4802613199,統計学入門 : データ分析に必須の知識・考え方 : 仮説検定から統計モデリングまで重要トピックを完全網羅,"阿部,真人,1984-",ソシム,202112,https://www.lib.sophia.ac.jp/opac/opac_openurl?ncid=BC11258644,
4874249582,言語教育における多読,I.S.P.Nation／著 RobWaring／著 MitsueTabata-Sandom／監修 ほか,くろしお出版,20231025,https://www.lib.sophia.ac.jp/opac/opac_openurl?isbn=4874249582,
4588200615,結び 6 (ものと人間の文化史),額田巌／著,法政大学出版局,19720301,https://www.lib.sophia.ac.jp/opac/opac_openurl?ncid=BN00927615,
4254111371,美しい不等式の世界 : 数学オリンピックの問題を題材として,"BulajichManfrino,Radmila／著 GómezOrtega,JoséAntonio／著 ほか",朝倉書店,2013-01,https://www.lib.sophia.ac.jp/opac/opac_openurl?ncid=BB11424983,
4627097212,確率的シミュレーション,"大久保,潤",森北出版,202312,https://www.lib.sophia.ac.jp/opac/opac_openurl?ncid=BD05018235,
4431712143,解析教程 下,"Hairer,Ernst Wanner,Gerhard 蟹江,幸博,1948-",シュプリンガー・ジャパン,200610,https://www.lib.sophia.ac.jp/opac/opac_openurl?ncid=BA78859114,
4431712135,解析教程 上,"Hairer,Ernst Wanner,Gerhard 蟹江,幸博,1948-",シュプリンガー・ジャパン,200610,https://www.lib.sophia.ac.jp/opac/opac_openurl?ncid=BA78859114,
4492312986,経済学・経営学のための数学,"岡田,章,1954-",東洋経済新報社,200110,https://www.lib.sophia.ac.jp/opac/opac_openurl?ncid=BA53609740,
4130230808,歴史学の作法,池上俊一／著,東京大学出版会,20221226,https://www.lib.sophia.ac.jp/opac/opac_openurl?ncid=BC18932378,
4791765370,魔術師たちのルネサンス : 錬金術からコスモロジーへ,"沢井,繁男,1954-",青土社,201003,https://www.lib.sophia.ac.jp/opac/opac_openurl?ncid=BB01613050,
4254116063,講座数学の考え方 13,"飯高,茂,1942- 川又,雄二郎,1952- 森田,茂之,1946- 谷島,賢二,1948-",朝倉書店,201504,https://www.lib.sophia.ac.jp/opac/opac_openurl?ncid=BB18502939,https://mathlib-sophia.opac.jp/opac/Advanced_search/search?isbn=9784254116069&mtl1=1&mtl2=1&mtl3=1&mtl4=1&mtl5=1
4802612494,データ分析のための数理モデル入門 : 本質をとらえた分析のために,"江崎,貴裕",ソシム,202005,https://www.lib.sophia.ac.jp/opac/opac_openurl?ncid=BB30526175,
4582768717,江戸の読書会 : 会読の思想史 871 (平凡社ライブラリー),"前田,勉,1956-",平凡社,201809,https://www.lib.sophia.ac.jp/opac/opac_openurl?ncid=BB2679424X,
4861007836,ビジュアル・コンプレキシティ : 情報パターンのマッピング,"Lima,Manuel,1978- 奥,いずみ,1973- 久保田,晃弘,1960-",ビー・エヌ・エヌ新社,201203,https://www.lib.sophia.ac.jp/opac/opac_openurl?ncid=BB08684578,
481440042X,ポートスキャナ自作ではじめるペネトレーションテスト : Linux環境で学ぶ攻撃者の思考,株式会社ステラセキュリティ小竹泰一／著,オライリー・ジャパン,20230920,https://www.lib.sophia.ac.jp/opac/opac_openurl?ncid=BD03912465,
4320114450,入門情報幾何 = Introduction to Information Geometry : 統計的モデルをひもとく微分幾何学,"藤岡,敦",共立出版,202104,https://www.lib.sophia.ac.jp/opac/opac_openurl?ncid=BC07070283,https://mathlib-sophia.opac.jp/opac/Advanced_search/search?isbn=9784320114456&mtl1=1&mtl2=1&mtl3=1&mtl4=1&mtl5=1
4297136333,大規模言語モデル入門 = Introduction to Large Language Models,"山田,育矢 鈴木,正敏ソフトウェアエンジニア 山田,康輔 李,凌寒",技術評論社,202308,https://www.lib.sophia.ac.jp/opac/opac_openurl?ncid=BD03194521,
4781911463,応用のための関数解析 : その考え方と技法 M2 (SGC books),"吉田,善章,1958-",サイエンス社,200610,https://www.lib.sophia.ac.jp/opac/opac_openurl?ncid=BA78762034,https://mathlib-sophia.opac.jp/opac/Advanced_search/search?isbn=9784781911465&mtl1=1&mtl2=1&mtl3=1&mtl4=1&mtl5=1
4274227332,人工知能が俳句を詠む : AI一茶くんの挑戦,"川村,秀憲,1973- 山下,倫央 横山,想一郎",オーム社,202107,https://www.lib.sophia.ac.jp/opac/opac_openurl?ncid=BC08482989,
4274229629,仕事ですぐに使える!DaVinci Resolveによる動画編集,"小寺,信良,1963-",オーム社,202211,https://www.lib.sophia.ac.jp/opac/opac_openurl?ncid=BC18312544,
4764906635,ベイズ最適化 = Bayesian Optimization : 適応的実験計画の基礎と実践,"今村,秀明 松井,孝太",近代科学社,202308,https://www.lib.sophia.ac.jp/opac/opac_openurl?ncid=BD03544113,
4274230104,Optunaによるブラックボックス最適化,"佐野,正太郎,ソフトウェアエンジニア 秋葉,拓哉 今村,秀明 太田,健 水野,尚人 ほか",オーム社,202302,https://www.lib.sophia.ac.jp/opac/opac_openurl?ncid=BD00752431,
4274227782,スモールデータ解析と機械学習,"藤原,幸一",オーム社,202202,https://www.lib.sophia.ac.jp/opac/opac_openurl?ncid=BC12822785,
4480093583,情報理論,甘利俊一／著,筑摩書房,20110401,https://www.lib.sophia.ac.jp/opac/opac_openurl?ncid=BB05323551,
4320114981,証明の読み方・考え方〔原著第6版〕 : 数学的思考過程への手引き,DanielSolow／著 西村康一／翻訳 服部久美子／翻訳,共立出版,20231125,https://www.lib.sophia.ac.jp/opac/opac_openurl?ncid=BD04685915,
4759823522,殺人は容易ではない : アガサ・クリスティーの法科学,"Valentine,Carla,解剖病理技師 久保,美代子,翻訳家",化学同人,202312,https://www.lib.sophia.ac.jp/opac/opac_openurl?ncid=BD04950459,
400006973X,データ解析のための統計モデリング入門 : 一般化線形モデル・階層ベイズモデル・MCMC (確率と情報の科学),"久保,拓弥,1969- 甘利,俊一,1936- 麻生,英樹,1958- 伊庭,幸人,1959-",岩波書店,201205,https://www.lib.sophia.ac.jp/opac/opac_openurl?ncid=BB09194745,
4320115511,データ解析のための数理統計入門,久保川達也／著,共立出版,20231012,https://www.lib.sophia.ac.jp/opac/opac_openurl?ncid=BD04282351,
4065245532,新しい電気回路 = A New Approach to Electrical Circuits 下,"松澤,昭",講談社,202109,https://www.lib.sophia.ac.jp/opac/opac_openurl?isbn=4065245532,
4065232708,新しい電気回路 = A New Approach to Electrical Circuits. 上,"松澤,昭1952-",講談社,202105,https://www.lib.sophia.ac.jp/opac/opac_openurl?isbn=4065232708,
4535787654,CGは数学でできている = CG:Your view into math! : 映像数学の展望,"安生,健一",日本評論社,202308,https://www.lib.sophia.ac.jp/opac/opac_openurl?ncid=BD03304969,
4320114949,計算トポロジー入門,"Edelsbrunner,Herbert Harer,John 荒井,迅 竹内,博志",共立出版,202309,https://www.lib.sophia.ac.jp/opac/opac_openurl?ncid=BD03706306,
4790703428,神秘主義を学ぶ人のために,"久野,昭,1930-",世界思想社,198901,https://www.lib.sophia.ac.jp/opac/opac_openurl?ncid=BN02881402,
4814400004,Pythonではじめるオープンエンドな進化的アルゴリズム : 発散型の機械学習による多様な解の探索,"岡,瑞起 齊藤,拓己,エンジニア 嶋田,健志",オーム社,202310,https://www.lib.sophia.ac.jp/opac/opac_openurl?ncid=BD04318539,
4622090511,儀式をゲーム理論で考える : 協調問題、共通知識とは,"Chwe,MichaelSuk-Young,1965- 安田,雪,1963-",みすず書房,202206,https://www.lib.sophia.ac.jp/opac/opac_openurl?ncid=BC15202244,
4339026026,アルゴリズムの自動微分と応用 3 (現代非線形科学シリーズ),"久保田,光一,1960- 伊理,正夫,1933-2018",コロナ社,199807,https://www.lib.sophia.ac.jp/opac/opac_openurl?ncid=BA36098157,
4041083265,ゴーストリイ・フォークロア = ghostly folklore : 17世紀～20世紀初頭の英国怪異譚,"南条,竹則,1958-",KADOKAWA,202001,https://www.lib.sophia.ac.jp/opac/opac_openurl?ncid=BB2960018X,
4274230899,ゲーム理論からの社会ネットワーク分析 = Social Network Analysis through Game Theory,"藤山,英樹",オーム社,202310,https://www.lib.sophia.ac.jp/opac/opac_openurl?ncid=BD04504034,
4798140996,その理屈、証明できますか? : 正しく命題にたどり着くための手法と思考の学び方,"Velleman,DanielJ.,1954- 神林,靖,1958-",翔泳社,201611,https://www.lib.sophia.ac.jp/opac/opac_openurl?ncid=BB2259476X,
4320115007,偏微分方程式の計算数理,齊藤宣一／著,共立出版,20231025,https://www.lib.sophia.ac.jp/opac/opac_openurl?ncid=BD04524053,
4764906007,ストラング:線形代数とデータサイエンス (世界標準MIT教科書),"Strang,Gilbert 松崎,公紀",近代科学社,202110,https://www.lib.sophia.ac.jp/opac/opac_openurl?ncid=BC10710871,
4274231089,"機械学習のための確率過程入門 = An Introduction to stochastic processes for machine learning : 確率微分方程式からベイズモデル,拡散モデルまで","内山,祐介",オーム社,202309,https://www.lib.sophia.ac.jp/opac/opac_openurl?ncid=BD04065295,
4642084355,古記録入門,"高橋,秀樹,1964-",吉川弘文館,202307,https://www.lib.sophia.ac.jp/opac/opac_openurl?ncid=BD0276166X,
4791109880,発達障害の精神病理 1,"鈴木,国文,1952- 内海,健,1955- 清水,光恵,1967-",星和書店,201809,https://www.lib.sophia.ac.jp/opac/opac_openurl?isbn=4791109880,
4791111168,発達障害の精神病理 4,"内海,健,1955- 兼本,浩祐,1957-",星和書店,202306,https://www.lib.sophia.ac.jp/opac/opac_openurl?isbn=4791111168,
4260024086,自閉症スペクトラムの精神病理 : 星をつぐ人たちのために,"内海,健,1955-",医学書院,201511,https://www.lib.sophia.ac.jp/opac/opac_openurl?ncid=BB20254148,
448009489X,『日本文学史序説』補講,加藤周一／著,筑摩書房,20120901,https://www.lib.sophia.ac.jp/opac/opac_openurl?ncid=BB10128544,
4320124006,ENIAC : 現代計算技術のフロンティア,"Haigh,Thomas,1972- Priestley,PeterMark Rope,Crispin ほか",共立出版,201606,https://www.lib.sophia.ac.jp/opac/opac_openurl?ncid=BB21398369,
4002710807,検証ナチスは「良いこと」もしたのか? No.1080 (岩波ブックレット),"小野寺,拓也,1975- 田野,大輔,1970-",岩波書店,202307,https://www.lib.sophia.ac.jp/opac/opac_openurl?ncid=BD02875057,
450246371X,デジタル技術の進展と会計情報,"奥村,雅史",中央経済グループパブリッシング (発売),202307,https://www.lib.sophia.ac.jp/opac/opac_openurl?ncid=BD02940217,
4764903881,コンピュータ・ジオメトリ : 計算幾何学:アルゴリズムと応用,"Berg, Mark de,Cheong, Otfried,Kreveld, Marc van,浅野, 哲夫, 1949-,M.ドバーグ, O.チョン, M.ファン・クリベルド, M.オーバマーズ 著,浅野哲夫 訳",近代科学社,"Fri, 26 Mar 2010 00:14:09 +0900",https://www.lib.sophia.ac.jp/opac/opac_openurl?ncid=BB01245591,
4320094700,なぜ壁のシミが顔に見えるのか : パレイドリアとアニマシーの認知心理学 10 (越境する認知科学),日本認知科学会／編集 高橋康介／著,共立出版,20230912,https://www.lib.sophia.ac.jp/opac/opac_openurl?ncid=BD03747314,
4785322799,理工系学生のための量子力学・統計力学入門,"小鍋,哲,1979-",裳華房,202307,https://www.lib.sophia.ac.jp/opac/opac_openurl?ncid=BD0328174X,
4815809798,ヨーロッパ中世の想像界,池上俊一／著,名古屋大学出版会,20200305,https://www.lib.sophia.ac.jp/opac/opac_openurl?ncid=BB29850110,
4585303022,共振するデジタル人文学とデジタルアーカイブ (デジタルアーカイブ・ベーシックス),"鈴木,親彦,1980-",勉誠社,202307,https://www.lib.sophia.ac.jp/opac/opac_openurl?ncid=BD03075409,
4873117283,ヘルシープログラマ : プログラミングを楽しく続けるための健康Hack,"Kutner,Joe 玉川,竜司,1964-",オーム社,201507,https://www.lib.sophia.ac.jp/opac/opac_openurl?ncid=BB19178847,
4798918431,企業が求める〈主体性〉とは何か : 教育と労働をつなぐ〈主体性〉言説の分析,"武藤,浩子",東信堂,202304,https://www.lib.sophia.ac.jp/opac/opac_openurl?ncid=BD02131650,
4903966364,ホガースの時代 : 版画で読むイギリス,"中村, 隆, 1961-,中村隆 著",山形大学出版会,"Sat, 13 May 2023 06:29:24 +0900",https://www.lib.sophia.ac.jp/opac/opac_openurl?ncid=BD01853376,
4634591340,将棋の日本史 : 日本将棋はどのように生まれたのか,"永井,晋,1959-",山川出版社,202306,https://www.lib.sophia.ac.jp/opac/opac_openurl?ncid=BD02763960,
453560844X,xのx乗のはなし 5 (はじめよう数学),"土基,善文,1965- 上野,健爾,1945- 浪川,幸彦,1945- 高橋,陽一郎,1946-",日本評論社,200207,https://www.lib.sophia.ac.jp/opac/opac_openurl?ncid=BA57451998,https://mathlib-sophia.opac.jp/opac/Advanced_search/search?isbn=9784535608443&mtl1=1&mtl2=1&mtl3=1&mtl4=1&mtl5=1
4787292749,怪談の仕掛け,伊藤龍平／著,青弓社,20230620,https://www.lib.sophia.ac.jp/opac/opac_openurl?ncid=BD02729441,
425420163X,"「かわいい」工学 = ""KAWAII"" Engineering","大倉,典子,1953-",朝倉書店,201703,https://www.lib.sophia.ac.jp/opac/opac_openurl?ncid=BB2341504X,
481440039X,RustとWebAssemblyによるゲーム開発 : 安全・高速・プラットフォーム非依存のWebアプリ開発入門,"Smith,Eric 中田,秀基,1967-",オーム社 (発売),202307,https://www.lib.sophia.ac.jp/opac/opac_openurl?ncid=BD02922022,
4641150044,金融のエッセンス = THE ESSENCE OF BANKING & FINANCE (有斐閣ストゥディア),"川西,諭 山崎,福寿,1954-",有斐閣,201312,https://www.lib.sophia.ac.jp/opac/opac_openurl?ncid=BB14311338,
4872596447,アーカイブズとアーキビスト 76 (阪大リーブル),大阪大学アーカイブズ／編 高橋明男／著 菅真城／著 三阪佳弘／著 矢切努／著 三輪宗弘／著 ほか,大阪大学出版会,20210410,https://www.lib.sophia.ac.jp/opac/opac_openurl?ncid=BC06512105,
4814400225,プログラミング文体練習 : Pythonで学ぶ40のプログラミングスタイル,"Lopes,CristinaVideira 菊池,彰",オーム社 (発売),202306,https://www.lib.sophia.ac.jp/opac/opac_openurl?ncid=BD02610154,
4622095556,デジタル時代のアーカイブ系譜学,"柳,与志夫,1954- 加藤,諭,1978- 宮本,隆史,1979-",みすず書房,202212,https://www.lib.sophia.ac.jp/opac/opac_openurl?ncid=BC18724483,
4326000481,デジタルアーカイブの理論と政策 : デジタル文化資源の活用に向けて,"柳,与志夫,1954-",勁草書房,202001,https://www.lib.sophia.ac.jp/opac/opac_openurl?isbn=4326000481,
4883673790,デジタルアーカイブの理論と実践 : デジタルアーキビスト入門,"日本デジタルアーキビスト資格認定機構 井上,透,1952- 大井,将生 細川,季穂",樹村房,202304,https://www.lib.sophia.ac.jp/opac/opac_openurl?ncid=BD0179071X,
4130502077,メディア考古学とは何か？,ユッシパリッカ／著 梅田拓也／翻訳 大久保遼／翻訳 近藤和都／翻訳 光岡寿郎／翻訳,東京大学出版会,20230725,https://www.lib.sophia.ac.jp/opac/opac_openurl?ncid=BD03076445,
4758925992,イギリス哲学者の英語 : 通時的研究 99 (開拓社言語・文化選書),"秋元,実治,1941-",開拓社,202305,https://www.lib.sophia.ac.jp/opac/opac_openurl?ncid=BD02133973,
4422701274,コンスピリチュアリティ入門 : スピリチュアルな人は陰謀論を信じやすいか 03 (叢書パルマコン・ミクロス),"横山,茂雄,1954- 竹下,節子,1951- 清,義明,1967- 堀江,宗正,1969- ほか",創元社,202303,https://www.lib.sophia.ac.jp/opac/opac_openurl?ncid=BD01487755,
4797681217,亜宗教 : オカルト、スピリチュアル、疑似科学から陰謀論まで 121 (インターナショナル新書),"中村,圭志,1958-",集英社 (発売),202304,https://www.lib.sophia.ac.jp/opac/opac_openurl?ncid=BD01630156,
4339027979,CGによるシミュレーションと可視化 = Simulation and Visualization with Computer Graphics 11 (メディア学大系),"菊池,司 竹島,由里子",コロナ社,202304,https://www.lib.sophia.ac.jp/opac/opac_openurl?ncid=BD01566512,
4339029092,キャラクタアニメーションの数理とシステム = Mathematical Models and Systems for Character Animation : 3次元ゲームにおける身体運動生成と人工知能,"向井,智彦 川地,克明 三宅,陽一郎,1975-",コロナ社,202008,https://www.lib.sophia.ac.jp/opac/opac_openurl?ncid=BB31575890,
4339013714,3DCGの数理と応用 = Mathematics and Applications of 3DCG 1 (メディアテクノロジーシリーズ),"三谷,純,1975- 高山,健志 土橋,宜典,1969- 向井,智彦 藤澤,誠",コロナ社,202307,https://www.lib.sophia.ac.jp/opac/opac_openurl?ncid=BD02679842,
4087212610,「イクメン」を疑え! 1161 (集英社新書),"関口,洋平,1980-",集英社,202304,https://www.lib.sophia.ac.jp/opac/opac_openurl?ncid=BD0165720X,
4812222133,経済学史入門 : 経済学方法論からのアプローチ,"久保,真 中澤,信彦,1968-",昭和堂,202304,https://www.lib.sophia.ac.jp/opac/opac_openurl?ncid=BD01480235,
406530993X,物理のためのデータサイエンス入門 = Introduction to Data Science for Physics,"植村,誠,1977-",講談社,202303,https://www.lib.sophia.ac.jp/opac/opac_openurl?ncid=BD01470399,
4489022212,研究計画書デザイン : 大学院入試から修士論文完成まで,"細川,英雄,1949-",東京図書,201510,https://www.lib.sophia.ac.jp/opac/opac_openurl?ncid=BB19698381,
4788518007,６歳と３歳のおまけシール騒動,麻生武／著,新曜社,20230313,https://www.lib.sophia.ac.jp/opac/opac_openurl?ncid=BD01111534,
4326250720,伝えるための心理統計 : 効果量・信頼区間・検定力,"大久保,街亜 岡田,謙介,1981-",勁草書房,201201,https://www.lib.sophia.ac.jp/opac/opac_openurl?ncid=BB08158418,
476642803X,地下出版のメディア史,大尾侑子／著,慶應義塾大学出版会,20220325,https://www.lib.sophia.ac.jp/opac/opac_openurl?ncid=BC13628482,
4003101308,"飯待つ間 : 正岡子規随筆選 (岩波文庫, 緑(31)-013-0)","正岡,子規 阿部,昭",岩波書店,198503,https://www.lib.sophia.ac.jp/opac/opac_openurl?ncid=BN00239543,
4794226144,映画を追え : フィルムコレクター歴訪の旅,"山根,貞男,1939-2023",草思社,202302,https://www.lib.sophia.ac.jp/opac/opac_openurl?ncid=BD00519674,
4588151320,人文学・社会科学の社会的インパクト,加藤泰史／編 松塚ゆかり／編,法政大学出版局,20230327,https://www.lib.sophia.ac.jp/opac/opac_openurl?ncid=BD01341636,
4641166099,研究開発支援の経済学 (単行本),岡室博之／著・文・その他 西村淳一／著・文・その他,有斐閣,20221219,https://www.lib.sophia.ac.jp/opac/opac_openurl?isbn=4641166099,
4130120522,哲学　原典資料集,山本巍／著 ほか／著,東京大学出版会,19930201,https://www.lib.sophia.ac.jp/opac/opac_openurl?ncid=BN08692333,
4326852003,絵本のなかの動物はなぜ一列に歩いているのか : 空間の絵本学,"矢野,智司,1954- 佐々木,美砂",勁草書房,202302,https://www.lib.sophia.ac.jp/opac/opac_openurl?ncid=BD00794147,
4797393165,体系的に学ぶ安全なWebアプリケーションの作り方 = Developing Secure Web Applications : 脆弱性が生まれる原理と対策の実践,"徳丸,浩",SBクリエイティブ,201806,https://www.lib.sophia.ac.jp/opac/opac_openurl?ncid=BB26358383,
4320036190,社会物理学 = Sociophysics : モデルでひもとく社会の構造とダイナミクス,"小田垣,孝,1945- 佐野,幸恵 山崎,義弘 山本,健,数理物理",共立出版,202210,https://www.lib.sophia.ac.jp/opac/opac_openurl?ncid=BC17289811,
4065277086,世界鉄道文化史 2718 (講談社学術文庫),"小島,英俊,1939-",講談社,202205,https://www.lib.sophia.ac.jp/opac/opac_openurl?ncid=BC14549199,
4498229282,統合失調症当事者の症状論,"村松, 太郎,林, 公一,村松太郎 編著,林公一 著",中外医学社,"Mon, 1 Mar 2021 22:54:10 +0900",https://www.lib.sophia.ac.jp/opac/opac_openurl?ncid=BC05495714,
429713232X,Pythonで学ぶ衛星データ解析基礎 : 環境変化を定量的に把握しよう,"田中,康平,pub.2022 田村,賢哉 玉置,慎吾 宮﨑,浩之",技術評論社,202212,https://www.lib.sophia.ac.jp/opac/opac_openurl?ncid=BC1887794X,
4295012270,Pythonで学ぶ音声合成 = Text-to-speech with Python (機械学習実践シリーズ),"山本,龍一 高道,慎之介",インプレス,202108,https://www.lib.sophia.ac.jp/opac/opac_openurl?ncid=BC0920631X,
4862152368,まじなひの研究 : 考古資料と古記録・呪法書,"水野,正好,1934-2015",高志書院,202305,https://www.lib.sophia.ac.jp/opac/opac_openurl?ncid=BD02337033,
4867350400,中国神話史,袁珂／著 佐々木猛／翻訳,集広舎,20230710,https://www.lib.sophia.ac.jp/opac/opac_openurl?ncid=BD0278479X,
4314011971,眠りつづける少女たち : 脳神経科医は〈謎の病〉を調査する旅に出た,"O'Sullivan,Suzanne 高橋,洋,1960-",紀伊國屋書店,202305,https://www.lib.sophia.ac.jp/opac/opac_openurl?ncid=BD01878413,
4797386479,ふつうのLinuxプログラミング : Linuxの仕組みから学べるgccプログラミングの王道,"青木,峰郎",SBクリエイティブ,201709,https://www.lib.sophia.ac.jp/opac/opac_openurl?ncid=BB24446344,
4121020561,日本語作文術 : 伝わる文章を書くために 2056 (中公新書),"野内,良三,1944-",中央公論新社,201005,https://www.lib.sophia.ac.jp/opac/opac_openurl?ncid=BB02066543,
487502553X,キルヒャーの世界図鑑 : よみがえる普遍の夢,"Godwin,Joscelyn,1945- 川島,昭夫,1950-2020",工作舎,202303,https://www.lib.sophia.ac.jp/opac/opac_openurl?isbn=487502553X,
481580916X,胃袋の近代 食と人びとの日常史,湯澤規子／著,名古屋大学出版会,20180627,https://www.lib.sophia.ac.jp/opac/opac_openurl?ncid=BB26359036,
4810530116,楽譜の校訂術,ジェイムズ・グリーア／著 高久桂／翻訳,道和書院,20230428,https://www.lib.sophia.ac.jp/opac/opac_openurl?ncid=BD01900636,
4788517981,２ちゃん化する世界,石井大智／編著 清義明／著 安田峰俊／著 藤倉善郎／著,新曜社,20230222,https://www.lib.sophia.ac.jp/opac/opac_openurl?ncid=BD00749029,
4326303247,質的研究アプローチの再検討 : 人文・社会科学からEBPsまで,"井頭,昌彦",勁草書房,202303,https://www.lib.sophia.ac.jp/opac/opac_openurl?ncid=BD01484054,
4320114892,証明作法 = The Practice of Proof Writing : 論理の初歩から証明の実践へ,"石原,哉",共立出版,202303,https://www.lib.sophia.ac.jp/opac/opac_openurl?ncid=BD01337796,
4766422031,現代の事例から学ぶサイエンスコミュニケーション,ジョン・K・ギルバート／監訳 スーザン（またはスー）・ストックルマイヤー／著・編集 ほか,慶應義塾大学出版会,20150408,https://www.lib.sophia.ac.jp/opac/opac_openurl?ncid=BB18419609,
4335359349,Liberty2.0 : 自由論のバージョン・アップはありうるのか?,"駒村,圭吾,1960-",弘文堂,202302,https://www.lib.sophia.ac.jp/opac/opac_openurl?ncid=BD00752522,
446921258X,ことばはどこで育つか,"藤永,保,1926-2016",大修館書店,200102,https://www.lib.sophia.ac.jp/opac/opac_openurl?ncid=BA50711263,
4771036934,就活の社会学 : 大学生と「やりたいこと」,"妹尾,麻美,1988-",晃洋書房,202301,https://www.lib.sophia.ac.jp/opac/opac_openurl?ncid=BD00522952,
4422215450,奇妙な国境や境界の世界地図,"Nikolić,Zoran,1975- 松田,和也,1963-",創元社,202301,https://www.lib.sophia.ac.jp/opac/opac_openurl?ncid=BD00395050,
4873119650,Googleのソフトウェアエンジニアリング : 持続可能なプログラミングを支える技術、文化、プロセス,"Winters,Titus Manshreck,Tom Wright,Hyrum 竹辺,靖昭 ほか",オーム社 (発売),202111,https://www.lib.sophia.ac.jp/opac/opac_openurl?ncid=BC11277660,
448068431X,私たちはどう学んでいるのか ４０３ (ちくまプリマー新書),鈴木宏昭／著,筑摩書房,20220609,https://www.lib.sophia.ac.jp/opac/opac_openurl?ncid=BC15107287,
4334035086,難解な本を読む技術 406 (光文社新書),"高田,明典,1961-",光文社,200905,https://www.lib.sophia.ac.jp/opac/opac_openurl?ncid=BA90034954,
415050251X,火星の人類学者 : 脳神経科医と7人の奇妙な患者 (ハヤカワ文庫 : NF),"Sacks,Oliver,1933-2015 吉田,利子,1946-",早川書房,200104,https://www.lib.sophia.ac.jp/opac/opac_openurl?ncid=BA52241761,
400006343X,拡散モデル = Diffusion Models : データ生成技術の数理,"岡野原,大輔,1982-",岩波書店,202302,https://www.lib.sophia.ac.jp/opac/opac_openurl?ncid=BD00778548,
4622089513,患者の話は医師にどう聞こえるのか : 診察室のすれちがいを科学する,"Ofri,Danielle,1965- 原井,宏明 勝田,さよ",みすず書房,202011,https://www.lib.sophia.ac.jp/opac/opac_openurl?isbn=4622089513,
4320035763,実践計算物理学 = Computational Physics Practical Use of Python for Studying Physics : 物理を理解するためのPython活用法 22 (フロー式物理演習シリーズ),"野本,拓也 是常,隆 有田,亮太郎 須藤,彰三 岡,真,1953-",共立出版,202301,https://www.lib.sophia.ac.jp/opac/opac_openurl?ncid=BD00251119,
4627077319,科学者・技術者のための基礎線形代数と固有値問題,"柴田,正和",森北出版,201312,https://www.lib.sophia.ac.jp/opac/opac_openurl?ncid=BB14336736,https://mathlib-sophia.opac.jp/opac/Advanced_search/search?isbn=9784627077317&mtl1=1&mtl2=1&mtl3=1&mtl4=1&mtl5=1
4883842266,はじめての人のための経済学史 (経済学叢書Introductory),"江頭,進,1966-",サイエンス社,201506,https://www.lib.sophia.ac.jp/opac/opac_openurl?ncid=BB18904830,
4562071990,ポワロと私 : デビッド・スーシェ自伝,"Suchet,David,1946- Wansell,Geoffrey,1945- ほか",原書房,202210,https://www.lib.sophia.ac.jp/opac/opac_openurl?ncid=BC17297933,
4814000480,科学論文の英語用法百科　第２編,グレン・パケット／著,京都大学学術出版会,20161017,https://www.lib.sophia.ac.jp/opac/opac_openurl?ncid=BB2221665X,
4535787603,学んでみよう!記号論理,"高崎,金久,1956-",日本評論社,201408,https://www.lib.sophia.ac.jp/opac/opac_openurl?ncid=BB1644619X,
4788508427,神、人を喰う : 人身御供の民俗学,"六車,由実,1970-",新曜社,200303,https://www.lib.sophia.ac.jp/opac/opac_openurl?ncid=BA61847518,
4641163642,比較制度分析・入門 (単行本),中林真幸／編集 石黒真吾／編集,有斐閣,20101223,https://www.lib.sophia.ac.jp/opac/opac_openurl?ncid=BB0432979X,
4896944712,図説数の文化史 : 世界の数字と計算法,"Menninger,Karl,1898-1963 内林,政夫,1930-",八坂書房,200104,https://www.lib.sophia.ac.jp/opac/opac_openurl?ncid=BA51768812,
4641165483,実証のための計量時系列分析 (単行本),ウォルター・エンダース（Walter／著 新谷元嗣／翻訳 藪友良／翻訳,有斐閣,20191212,https://www.lib.sophia.ac.jp/opac/opac_openurl?ncid=BB29344647,
425412841X,経済・ファイナンスのためのカルマンフィルター入門 (統計ライブラリー),"森平,爽一郎,1947-",朝倉書店,201902,https://www.lib.sophia.ac.jp/opac/opac_openurl?ncid=BB27703782,https://mathlib-sophia.opac.jp/opac/Advanced_search/search?isbn=9784254128413&mtl1=1&mtl2=1&mtl3=1&mtl4=1&mtl5=1
4002710521,「私物化」される国公立大学 No.1052 (岩波ブックレット),"駒込,武,1962-",岩波書店,202109,https://www.lib.sophia.ac.jp/opac/opac_openurl?ncid=BC09664223,
4774407763,調べる技術,小林昌樹／著,皓星社,20221209,https://www.lib.sophia.ac.jp/opac/opac_openurl?ncid=BD07928365,
4274229181,Pythonで始める機器分析データの解析とケモメトリックス = Chemometrics Starting with Python,"森田,成昭",オーム社,202209,https://www.lib.sophia.ac.jp/opac/opac_openurl?ncid=BC16891021,
4910612041,大学院・大学編入のための応用数学 : 基本事項の整理と問題演習および入試問題研究,"桜井,基晴",プレアデス出版,202209,https://www.lib.sophia.ac.jp/opac/opac_openurl?ncid=BC16505365,
453554042X,経済論文の書き方 = The Craft of Economic Research Writing,日本評論社,日本評論社,202209,https://www.lib.sophia.ac.jp/opac/opac_openurl?ncid=BC16683024,
4627083114,数理人口学入門 = Introduction to Mathematical Demography,"稲葉,寿,1957-",森北出版,202209,https://www.lib.sophia.ac.jp/opac/opac_openurl?ncid=BC16799969,
4121027221,陰謀論 : 民主主義を揺るがすメカニズム 2722 (中公新書),"秦,正樹,1988-",中央公論新社,202210,https://www.lib.sophia.ac.jp/opac/opac_openurl?ncid=BC17273571,
4563010081,リスク・セオリーの基礎 : 不確実性に対処するための数理,"岩沢,宏和",培風館,201002,https://www.lib.sophia.ac.jp/opac/opac_openurl?ncid=BB0106478X,https://mathlib-sophia.opac.jp/opac/Advanced_search/search?isbn=9784563010089&mtl1=1&mtl2=1&mtl3=1&mtl4=1&mtl5=1
4320115317,数学ソフトウェアの作り方 = Developing Mathematical Software (コンピュータと数学の織りなす革新),"高山,信毅,1959- 野呂,正行,1960- 小原,功任,1970- 藤本,光史,1968- ほか",共立出版,202210,https://www.lib.sophia.ac.jp/opac/opac_openurl?ncid=BC17146326,
4000256696,歴史を学ぶ人々のために : 現在をどう生きるか,東京歴史科学研究会,岩波書店,201703,https://www.lib.sophia.ac.jp/opac/opac_openurl?ncid=BB23337911,
4826902433,情報セキュリティの敗北史 : 脆弱性はどこから来たのか,"Stewart,Andrew,1975- 小林,啓倫",白揚社,202210,https://www.lib.sophia.ac.jp/opac/opac_openurl?ncid=BC17169999,
4873118654,Raspberry Piで学ぶコンピュータアーキテクチャ (Make : PROJECTS),"Upton,Eben Duntemann,Jeff Roberts,Ralph,1945- ほか",オーム社,201909,https://www.lib.sophia.ac.jp/opac/opac_openurl?ncid=BB28852846,
4623094332,はじめて学ぶ西洋古代史,"長谷川,岳男,1959-",ミネルヴァ書房,202210,https://www.lib.sophia.ac.jp/opac/opac_openurl?ncid=BC17102058,
4003751337,サラゴサ手稿. 上 37-519-1 (岩波文庫),"Potocki,Jan,1761-1815 畑,浩一郎",岩波書店,202209,https://www.lib.sophia.ac.jp/opac/opac_openurl?isbn=4003751337,
429713148X,試して理解Linuxのしくみ : 実験と図解で学ぶOS、仮想マシン、コンテナの基礎知識,"武内,覚",技術評論社,202210,https://www.lib.sophia.ac.jp/opac/opac_openurl?ncid=BC1716361X,
4796702792,ファッションの文化社会学,"Finkelstein,Joanne 成実,弘至,1964-",せりか書房,200709,https://www.lib.sophia.ac.jp/opac/opac_openurl?ncid=BA83156554,
4274228991,Pythonではじめる音のプログラミング = Sound Programming with Python : コンピュータミュージックの信号処理,"青木,直史",オーム社,202209,https://www.lib.sophia.ac.jp/opac/opac_openurl?ncid=BC16633536,
429712811X,ディープラーニングを支える技術 2 (Tech×Books plus),"岡野原,大輔,1982-",技術評論社,202205,https://www.lib.sophia.ac.jp/opac/opac_openurl?ncid=BC14081687,
4297125609,ディープラーニングを支える技術 : 「正解」を導くメカニズム〈技術基礎〉 (Tech×Books plus),"岡野原,大輔,1982-",技術評論社,202201,https://www.lib.sophia.ac.jp/opac/opac_openurl?ncid=BC14376501,
462209083X,ソーシャルメディア・プリズム : SNSはなぜヒトを過激にするのか?,"Bail,Christopher 松井,信彦",みすず書房,202206,https://www.lib.sophia.ac.jp/opac/opac_openurl?ncid=BC15059537,
4274227855,世界を一枚の紙の上に : 歴史を変えたダイアグラムと主題地図の誕生,"大田,暁雄,1981-",オーム社,202112,https://www.lib.sophia.ac.jp/opac/opac_openurl?ncid=BC11784738,
4274227170,縫うコンピュータグラフィックス : ぬいぐるみから学ぶ3DCGとシミュレーション,"五十嵐,悠紀,1982-",オーム社,202105,https://www.lib.sophia.ac.jp/opac/opac_openurl?ncid=BC07621489,
4896943309,魔法の門(ポルタ・マジカ) : ローマに遺された錬金術象徴の秘密,"Gabriele,Mino 大橋,喜之,1955-",八坂書房,202206,https://www.lib.sophia.ac.jp/opac/opac_openurl?ncid=BC15400168,
4623084108,よくわかる哲学・思想 (やわらかアカデミズム・〈わかる〉シリーズ),"納富,信留,1965- 檜垣,立哉,1964- 柏端,達也,1965-",ミネルヴァ書房,201904,https://www.lib.sophia.ac.jp/opac/opac_openurl?ncid=BB27975487,
4061489771,哲学の歴史 : 哲学は何を問題にしてきたか (講談社現代新書),"新田,義弘,1929-2020",講談社,198912,https://www.lib.sophia.ac.jp/opac/opac_openurl?ncid=BN0414356X,
4004310083,西洋哲学史 : 近代から現代へ (岩波新書),"熊野,純彦,1958-",岩波書店,200609,https://www.lib.sophia.ac.jp/opac/opac_openurl?ncid=BA78401229,
4004310075,西洋哲学史 : 古代から中世へ (岩波新書),"熊野,純彦,1958-",岩波書店,200604,https://www.lib.sophia.ac.jp/opac/opac_openurl?ncid=BA76504173,
4121021878,物語哲学の歴史 : 自分と世界を考えるために 2187 (中公新書),"伊藤,邦武,1949-",中央公論新社,201210,https://www.lib.sophia.ac.jp/opac/opac_openurl?ncid=BB10516521,
4575317365,"セックスロボットと人造肉 : テクノロジーは性、食、生、死を""征服""できるか","Kleeman,Jenny 安藤,貴子",双葉社,202208,https://www.lib.sophia.ac.jp/opac/opac_openurl?ncid=BC16518163,
4909658874,古典教育をオーバーホールする,菊野雅之／著,文学通信,20220926,https://www.lib.sophia.ac.jp/opac/opac_openurl?ncid=BC16984100,
4065133327,深層学習 = Deep Learning (機械学習プロフェッショナルシリーズ),"岡谷,貴之 杉山,将",講談社,202201,https://www.lib.sophia.ac.jp/opac/opac_openurl?ncid=BC12180349,
448009654X,増補　八月十五日の神話,佐藤卓己／著,筑摩書房,20141201,https://www.lib.sophia.ac.jp/opac/opac_openurl?ncid=BB17487217,
4585060634,天皇皇族歴史伝説大事典,"志村,有弘,1941-",勉誠出版,200812,https://www.lib.sophia.ac.jp/opac/opac_openurl?ncid=BA88442936,
4061596845,諸子百家 (講談社学術文庫),"浅野,裕一,1946-",講談社,200411,https://www.lib.sophia.ac.jp/opac/opac_openurl?ncid=BA69442203,
4787220942,妖怪の誕生,廣田龍平／著,青弓社,20220527,https://www.lib.sophia.ac.jp/opac/opac_openurl?ncid=BC14828330,
4000292080,学童集団疎開 : 受入れ地域から考える 108 (岩波現代全書),"一條,三子,1955-",岩波書店,201710,https://www.lib.sophia.ac.jp/opac/opac_openurl?ncid=BB24683248,
4320111796,数・学・探・検・共立講座 6,"新井,仁之,1959- 小林,俊行,1962- 斎藤,毅,1961- 山崎,隆雄,1972-",共立出版,201505,https://www.lib.sophia.ac.jp/opac/opac_openurl?ncid=BB18660918,https://mathlib-sophia.opac.jp/opac/Advanced_search/search?isbn=9784320111790&mtl1=1&mtl2=1&mtl3=1&mtl4=1&mtl5=1
432011180X,数・学・探・検・共立講座 7,"新井,仁之,1959- 小林,俊行,1962- 斎藤,毅,1961- 河野,俊丈,1955-",共立出版,201506,https://www.lib.sophia.ac.jp/opac/opac_openurl?ncid=BB18929762,https://mathlib-sophia.opac.jp/opac/Advanced_search/search?isbn=9784320111806&mtl1=1&mtl2=1&mtl3=1&mtl4=1&mtl5=1
4320111745,数・学・探・検・共立講座 1,"新井,仁之,1959- 小林,俊行,1962- 斎藤,毅 吉田,伸生",共立出版,201709,https://www.lib.sophia.ac.jp/opac/opac_openurl?ncid=BB24393168,https://mathlib-sophia.opac.jp/opac/Advanced_search/search?isbn=9784320111745&mtl1=1&mtl2=1&mtl3=1&mtl4=1&mtl5=1
4320111761,数・学・探・検・共立講座 3,"新井,仁之,1959- 小林,俊行,1962- 斎藤,毅,1961- 石川,剛郎,1957-",共立出版,201512,https://www.lib.sophia.ac.jp/opac/opac_openurl?ncid=BB20257157,https://mathlib-sophia.opac.jp/opac/Advanced_search/search?isbn=9784320111769&mtl1=1&mtl2=1&mtl3=1&mtl4=1&mtl5=1
4623065596,ヨーロッパ史のなかの裁判事例 : ケースから学ぶ西洋法制史,"Falk,Ulrich,1957- Luminati,Michele,1960- Schmoeckel,Mathias,1963- ほか",ミネルヴァ書房,201404,https://www.lib.sophia.ac.jp/opac/opac_openurl?ncid=BB15349165,
4642082735,日本史を学ぶための古文書・古記録訓読法,"苅米,一志,1968- 日本史史料研究会",吉川弘文館,201503,https://www.lib.sophia.ac.jp/opac/opac_openurl?ncid=BB18200601,
4642080937,日本近代史を学ぶための文語文入門 : 漢文訓読体の地平,"古田島,洋介,1957-",吉川弘文館,201309,https://www.lib.sophia.ac.jp/opac/opac_openurl?ncid=BB1317707X,
412101216X,理科系のための英文作法 : 文章をなめらかにつなぐ四つの法則 (中公新書),"杉原,厚吉,1948-",中央公論社,199411,https://www.lib.sophia.ac.jp/opac/opac_openurl?ncid=BN11626610,
4326504927,経済学の哲学入門 : 選好、価値、選択、および厚生,"Hausman,DanielM.,1947- 橋本,努,1967- ニキ,リンコ,1965-",勁草書房,202205,https://www.lib.sophia.ac.jp/opac/opac_openurl?ncid=BC14555103,
4000059416,ファインマン計算機科学,"Feynman,RichardPhillips,1918-1988 Hey,AnthonyJ.G ほか",岩波書店,199901,https://www.lib.sophia.ac.jp/opac/opac_openurl?ncid=BA39756439,
4492313605,政策評価ミクロモデル 15 (経済政策分析シリーズ),"金本,良嗣,1950- 蓮池,勝人 藤原,徹 経済産業研究所",東洋経済新報社,200603,https://www.lib.sophia.ac.jp/opac/opac_openurl?ncid=BA76203075,
4274223132,Rによる計量政治学,"浅野,正彦 矢内,勇生,1982-",オーム社,201812,https://www.lib.sophia.ac.jp/opac/opac_openurl?ncid=BB27460647,
4140912723,論文の教室 : レポートから卒論まで 1272 (NHKブックス),"戸田山,和久,1958-",NHK出版,202201,https://www.lib.sophia.ac.jp/opac/opac_openurl?ncid=BC1224809X,
4320111397,確率的グラフィカルモデル = Probabilistic Graphical Model,"鈴木,譲 植野,真臣",共立出版,201607,https://www.lib.sophia.ac.jp/opac/opac_openurl?ncid=BB21721985,
4254122144,はじめての統計データ分析 : ベイズ的〈ポストp値時代〉の統計学,"豊田,秀樹,1961-",朝倉書店,201605,https://www.lib.sophia.ac.jp/opac/opac_openurl?ncid=BB21318144,
4254295405,入門ベイズ統計学 10 (ファイナンス・ライブラリー),"中妻,照雄,1968-",朝倉書店,200706,https://www.lib.sophia.ac.jp/opac/opac_openurl?ncid=BA82118516,
4254122209,実践ベイズモデリング : 解析技法と認知モデル,"豊田,秀樹,1961-",朝倉書店,201701,https://www.lib.sophia.ac.jp/opac/opac_openurl?ncid=BB22963061,
4320113446,ゲームで大学数学入門 = A Glimpse into University Math Through Games : スプラウトからオイラー・ゲッターまで,"安田,健彦",共立出版,201812,https://www.lib.sophia.ac.jp/opac/opac_openurl?ncid=BB27463918,
4434042408,素因数分解と素数判定,"Bressoud,DavidM,1950- 玉井,浩",星雲社,200403,https://www.lib.sophia.ac.jp/opac/opac_openurl?ncid=BA66395683,
4641053855,計量経済学 (New Liberal Arts Selection),西山慶彦／著・文・その他 新谷元嗣／著・文・その他 川口大司／著・文・その他 奥井亮／著・文・その他,有斐閣,20190729,https://www.lib.sophia.ac.jp/opac/opac_openurl?ncid=BB28617132,
490965819X,デジタル学術空間の作り方,下田正弘／編著 永﨑研宣／編著,文学通信,20191218,https://www.lib.sophia.ac.jp/opac/opac_openurl?ncid=BB29506669,
4759821678,理工系のAI英作文術 : 誰でも簡単に正確な英文が書ける,"西山,聖久",化学同人,202205,https://www.lib.sophia.ac.jp/opac/opac_openurl?ncid=BC14827236,
439329162X,魔法少女はなぜ変身するのか : ポップカルチャーのなかの宗教,"石井,研士,1954-",春秋社,202206,https://www.lib.sophia.ac.jp/opac/opac_openurl?ncid=BC15273694,
4750352861,現代日本のエリートの平等観,竹中佳彦／編 山本英弘／編 濱本真輔／編,明石書店,20211227,https://www.lib.sophia.ac.jp/opac/opac_openurl?ncid=BC11964922,
4562071818,緯度を測った男たち : 18世紀、世界初の国際科学遠征隊の記録,"Crane,Nicholas,1954- 上京,恵",原書房,202205,https://www.lib.sophia.ac.jp/opac/opac_openurl?ncid=BC14825977,
4562071826,古代ワインの謎を追う : ワインの起源と幻の味をめぐるサイエンス・ツアー,"Begos,Kevin(KevinPaul) 矢沢,聖子,1951-",原書房,202206,https://www.lib.sophia.ac.jp/opac/opac_openurl?ncid=BC14825988,
4335358857,情報刑法 1,"鎮目,征樹,1973- 西貝,吉晃,1981- 北條,孝佳 荒木,泰貴 遠藤,聡太 ほか",弘文堂,202206,https://www.lib.sophia.ac.jp/opac/opac_openurl?ncid=BC14845318,
4760154426,攻撃される知識の歴史 : なぜ図書館とアーカイブは破壊され続けるのか,"Ovenden,Richard 五十嵐,加奈子",柏書房,202205,https://www.lib.sophia.ac.jp/opac/opac_openurl?ncid=BC14388409,
4254163584,地図の事典,"森田,喬,1946- 日本地図学会(2013年)",朝倉書店,202111,https://www.lib.sophia.ac.jp/opac/opac_openurl?ncid=BC1086554X,
4623093891,政策にエビデンスは必要なのか : EBPMと政治のあいだ 251 (MINERVA人文・社会科学叢書),"杉谷,和哉,1990-",ミネルヴァ書房,202203,https://www.lib.sophia.ac.jp/opac/opac_openurl?ncid=BC14121657,
4254122675,標準ベイズ統計学,"Hoff,PeterD 入江,薫,1987- 菅澤,翔之助,1990- 橋本,真太郎,1987-",朝倉書店,202206,https://www.lib.sophia.ac.jp/opac/opac_openurl?ncid=BC15047731,
4814003013,学術書を読む,鈴木哲也／著,京都大学学術出版会,20201010,https://www.lib.sophia.ac.jp/opac/opac_openurl?ncid=BC03010199,
4472406012,サブカルチャーを消費する,貞包英之／著,玉川大学出版部,20211201,https://www.lib.sophia.ac.jp/opac/opac_openurl?ncid=BC11286515,
4588011227,肥満男子の身体表象 1122 (叢書・ウニベルシタス),サンダー・Ｌ・ギルマン／著 小川公代／訳 小澤央／訳,法政大学出版局,20200928,https://www.lib.sophia.ac.jp/opac/opac_openurl?ncid=BC02849231,
4815809445,質的研究の考え方,大谷尚／著,名古屋大学出版会,20190403,https://www.lib.sophia.ac.jp/opac/opac_openurl?ncid=BB27930842,
4812221250,コロナ禍を生きる大学生 : 留学中のパンデミック経験を語り合う,"北野,真帆 内藤,直樹,1974-",昭和堂,202205,https://www.lib.sophia.ac.jp/opac/opac_openurl?ncid=BC14196612,
4873119790,Pythonからはじめるアルゴリズムトレード : 自動売買の基礎と機械学習の本格導入に向けたPythonプログラミング,"Hilpisch,YvesJ 村上,振一郎",オーム社 (発売),202204,https://www.lib.sophia.ac.jp/opac/opac_openurl?ncid=BC13887538,
4792414962,伝承文学を学ぶ,"小川,直之,1953- 大石,泰夫,1959- 服部,比呂美 飯倉,義之,1975-",清文堂出版,202112,https://www.lib.sophia.ac.jp/opac/opac_openurl?ncid=BC12912593,
4621045938,いかにして問題をとくか,"Pólya,George,1887-1985 柿内,賢信,1913-1995",丸善,1954-01,https://www.lib.sophia.ac.jp/opac/opac_openurl?ncid=BA68198479,https://mathlib-sophia.opac.jp/opac/Advanced_search/search?isbn=9784621045930&mtl1=1&mtl2=1&mtl3=1&mtl4=1&mtl5=1
4152093854,国家はなぜ衰退するのか : 権力・繁栄・貧困の起源 下,"Acemoglu,Daron,1967- Robinson,JamesA.,1960- ほか",早川書房,201306,https://www.lib.sophia.ac.jp/opac/opac_openurl?ncid=BB12774120,
4152093846,国家はなぜ衰退するのか : 権力・繁栄・貧困の起源 上,"Acemoglu,Daron,1967- Robinson,JamesA.,1960- ほか",早川書房,201306,https://www.lib.sophia.ac.jp/opac/opac_openurl?ncid=BB12774120,
4065178029,統計モデルと推測 = Statistical Model and Inference (データサイエンス入門シリーズ),"松井,秀俊 小泉,和之 竹村,彰通,1952-",講談社,201911,https://www.lib.sophia.ac.jp/opac/opac_openurl?ncid=BB2925786X,
462106231X,確率論的リスク解析,"Bedford, T.,Cooke, Roger,金野, 秀敏,T. ベッドフォード",丸善出版,"Wed, 27 May 2020 09:00:00 +0900",,https://mathlib-sophia.opac.jp/opac/Advanced_search/search?isbn=9784621062319&mtl1=1&mtl2=1&mtl3=1&mtl4=1&mtl5=1
4787234528,趣味とジェンダー,神野由紀／編著 辻泉／編著 飯田豊／編著,青弓社,20190618,https://www.lib.sophia.ac.jp/opac/opac_openurl?ncid=BB2833261X,
4065280869,基礎からわかる論文の書き方 2660 (講談社現代新書),"小熊,英二,1962-",講談社,202205,https://www.lib.sophia.ac.jp/opac/opac_openurl?ncid=BC14601765,
4130802569,記号と再帰　新装版,田中久美子／著,東京大学出版会,20170401,https://www.lib.sophia.ac.jp/opac/opac_openurl?ncid=BB23562780,
4757143605,古典の中の地球儀 : 海外から見た日本文学 4 (人文知の復興),"荒木,浩,1959-",NTT出版,202203,https://www.lib.sophia.ac.jp/opac/opac_openurl?ncid=BC13499266,
4393332385,知能低下の人類史 : 忍び寄る現代文明クライシス,"Dutton,Edward,1980- WoodleyofMenie,MichaelA.,1984- ほか",春秋社,202110,https://www.lib.sophia.ac.jp/opac/opac_openurl?ncid=BC1058003X,
4863134894,愛書狂の本棚 : 異能と夢想が生んだ奇書・偽書・稀覯書 (NATIONAL GEOGRAPHIC),"Brooke-Hitching,Edward 髙作,自子",日経BPマーケティング (発売),202203,https://www.lib.sophia.ac.jp/opac/opac_openurl?ncid=BC13427083,
4326152176,合理的な愚か者 : 経済学=倫理学的探究,"Sen,Amartya,1933- 大庭,健,1946-2018 川本,隆史,1951-",勁草書房,198904,https://www.lib.sophia.ac.jp/opac/opac_openurl?ncid=BN0331051X,
4327453072,英語学習の科学 : Q&A,"中田,達也 鈴木,祐一",研究社,202204,https://www.lib.sophia.ac.jp/opac/opac_openurl?ncid=BC14183100,
4480091998,贈与論,マルセル・モース／著 吉田禎吾／翻訳 江川純一／翻訳,筑摩書房,20090201,https://www.lib.sophia.ac.jp/opac/opac_openurl?ncid=BA89082450,
4532324483,ANTHRO VISION : 人類学的思考で視るビジネスと世界,"Tett,Gillian,1967- 土方,奈美",日経BPマーケティング,202201,https://www.lib.sophia.ac.jp/opac/opac_openurl?ncid=BC12402473,
4560097305,大学教授のように小説を読む方法,"Foster,ThomasC 矢倉,尚子,1951-",白水社,201911,https://www.lib.sophia.ac.jp/opac/opac_openurl?ncid=BB29127536,
4779514614,「趣味に生きる」の文化論 : シリアスレジャーから考える,"宮入,恭平 杉山,昂平",ナカニシヤ出版,202104,https://www.lib.sophia.ac.jp/opac/opac_openurl?ncid=BC06739698,
4130633740,数理は世界を創造できるか,横倉祐貴／著 ジェフリフォーセット／著 土井琢身／著 瀧雅人／著 初田哲男／編集 坪井俊／編集,東京大学出版会,20210601,https://www.lib.sophia.ac.jp/opac/opac_openurl?ncid=BC07548265,
4622090376,刑務所の精神科医 : 治療と刑罰のあいだで考えたこと,"野村,俊明",みすず書房,202109,https://www.lib.sophia.ac.jp/opac/opac_openurl?ncid=BC09728257,
4622088169,専門知は、もういらないのか : 無知礼賛と民主主義,"Nichols,ThomasM.,1960- 高里,ひろ",みすず書房,201907,https://www.lib.sophia.ac.jp/opac/opac_openurl?ncid=BB28556741,
4790716244,新プラトン主義を学ぶ人のために,"水地,宗明,1928- 山口,義久,1949- 堀江,聡,1958-",世界思想社,201405,https://www.lib.sophia.ac.jp/opac/opac_openurl?ncid=BB15431095,
4065142601,オカルティズム : 非理性のヨーロッパ 690 (講談社選書メチエ),"大野,英士,1956-",講談社,201812,https://www.lib.sophia.ac.jp/opac/opac_openurl?ncid=BB27366580,
479071229X,フランス中世文学を学ぶ人のために,"原野,昇,1943-",世界思想社,200702,https://www.lib.sophia.ac.jp/opac/opac_openurl?ncid=BA79849149,
4326102160,文化系統学への招待 = An Introduction to Cultural Phylogenetics : 文化の進化パターンを探る,"中尾,央,1982- 三中,信宏,1958-",勁草書房,201205,https://www.lib.sophia.ac.jp/opac/opac_openurl?ncid=BB09272113,
4896942787,「聖女」の誕生 : テューリンゲンの聖エリーザベトの列聖と崇敬,"三浦, 麻美, 1978-,三浦麻美 著",八坂書房,"Thu, 19 Nov 2020 22:28:15 +0900",https://www.lib.sophia.ac.jp/opac/opac_openurl?isbn=4896942787,
4562059095,図説魔女の文化史,"DuChéné,Céline 蔵持,不三也,1946-",原書房,202104,https://www.lib.sophia.ac.jp/opac/opac_openurl?ncid=BC06202367,
4526077259,メカ屋のための脳科学入門 続,"高橋,宏知,1975-",日刊工業新聞社,201707,https://www.lib.sophia.ac.jp/opac/opac_openurl?ncid=BB2096429X,
4873119693,実用Go言語 : システム開発の現場で知っておきたいアドバイス,"渋川,よしき 辻,大志郎,1990- 真野,隼記,1986-",オーム社 (発売),202204,https://www.lib.sophia.ac.jp/opac/opac_openurl?ncid=BC14200050,
4873119820,ソフトウェアアーキテクチャの基礎 : エンジニアリングに基づく体系的アプローチ,"Richards,Mark(W.Mark) Ford,Neal 島田,浩二",オーム社 (発売),202203,https://www.lib.sophia.ac.jp/opac/opac_openurl?ncid=BC13216190,
4535558167,計量経済学 : ミクロデータ分析へのいざない,"末石,直也,1979-",日本評論社,201507,https://www.lib.sophia.ac.jp/opac/opac_openurl?ncid=BB19125614,
4065274850,現代思想入門 2653 (講談社現代新書),"千葉,雅也",講談社,202203,https://www.lib.sophia.ac.jp/opac/opac_openurl?ncid=BC13481227,
4535789576,代数学のレッスン = Lessons in Algebra : 計算体験を重視する入門,"雪田,修一,1954-",日本評論社,202204,https://www.lib.sophia.ac.jp/opac/opac_openurl?ncid=BC14135877,
4582763294,日本奥地紀行 (平凡社ライブラリー),"Bird,IsabellaLucy,1831-1904 高梨,健吉,1919-2010",平凡社,200002,https://www.lib.sophia.ac.jp/opac/opac_openurl?isbn=4582763294,
4790716368,現代文化を学ぶ人のために,"井上,俊,1938-",世界思想社,201408,https://www.lib.sophia.ac.jp/opac/opac_openurl?ncid=BB16206979,
4787233289,ひとはなぜ乳房を求めるのか (青弓社ライブラリー　70),山崎明子／著 黒田加奈子／著 池川玲子／著 新保淳乃／著 千葉慶／著,青弓社,20110820,https://www.lib.sophia.ac.jp/opac/opac_openurl?ncid=BB06493105,
4909658149,ネット文化資源の読み方・作り方,岡田一祐／著,文学通信,20190810,https://www.lib.sophia.ac.jp/opac/opac_openurl?ncid=BB28729533,
4862464505,AlphaZero深層学習・強化学習・探索 人工知能プログラミング実践入門,"布留川,英一,1975-",ボーンデジタル,201906,https://www.lib.sophia.ac.jp/opac/opac_openurl?ncid=BB28462987,
4627856512,Pythonで学ぶ解析表現文法と構文解析 = Parsing Expression Grammar and Syntax Analysis,"倉光,君郎",森北出版,202202,https://www.lib.sophia.ac.jp/opac/opac_openurl?ncid=BC13001682,
4535787719,線型代数 = Linear Algebra,"長谷川,浩司,1963-",日本評論社,201503,https://www.lib.sophia.ac.jp/opac/opac_openurl?isbn=4535787719,
4768704727,入門入門群論 : 代数的構造への第一歩,"石谷,茂,1913-",現代数学社,201706,https://www.lib.sophia.ac.jp/opac/opac_openurl?ncid=BB23969653,
4320110390,計算で身につくトポロジー = Introduction to Topology,"阿原,一志",共立出版,201307,https://www.lib.sophia.ac.jp/opac/opac_openurl?ncid=BB13023972,https://mathlib-sophia.opac.jp/opac/Advanced_search/search?isbn=9784320110397&mtl1=1&mtl2=1&mtl3=1&mtl4=1&mtl5=1
4535787557,数学ビギナーズマニュアル : これだけは知っておきたい,"佐藤,文広,1949-",日本評論社,201402,https://www.lib.sophia.ac.jp/opac/opac_openurl?ncid=BB15032497,
4563011029,ヴィジュアル複素解析,"Needham,Tristan 今吉,洋一,1947-",培風館,200201,https://www.lib.sophia.ac.jp/opac/opac_openurl?ncid=BA55251262,
4490210639,迷宮と迷路の文化史,"Matthews,W.H.,1882-1948 和泉,雅人,1951- 宇沢,美子,1958-",東京堂出版,202202,https://www.lib.sophia.ac.jp/opac/opac_openurl?ncid=BC12656212,
4327452831,文芸翻訳教室,"越前,敏弥,1961-",研究社,201804,https://www.lib.sophia.ac.jp/opac/opac_openurl?ncid=BB26048036,
4627054513,逆数学 : 定理から公理を「証明」する,"Stillwell,John 田中,一之,1955- 川辺,治之",森北出版,201902,https://www.lib.sophia.ac.jp/opac/opac_openurl?ncid=BB27733604,
4560098883,『その他の外国文学』の翻訳者,白水社,白水社,202202,https://www.lib.sophia.ac.jp/opac/opac_openurl?ncid=BC12988981,
4336072779,オカルトタロットの歴史 : 1870-1970年,"Decker,Ronald,1943- Dummett,Michael,1925-2011 ほか",国書刊行会,202201,https://www.lib.sophia.ac.jp/opac/opac_openurl?ncid=BC13153771,
4562059818,船の食事の歴史物語 : 丸木舟、ガレー船、戦艦から豪華客船まで,"Spalding,Simon 大間知,知子",原書房,202112,https://www.lib.sophia.ac.jp/opac/opac_openurl?ncid=BC11788557,
456205980X,鉄道の食事の歴史物語 : 蒸気機関車、オリエント急行から新幹線まで,"Quinzio,Jeri 大槻,敦子",原書房,202112,https://www.lib.sophia.ac.jp/opac/opac_openurl?ncid=BC11788477,
4562059826,空と宇宙の食事の歴史物語 : 気球、旅客機からスペースシャトルまで,"Foss,Richard 浜本,隆三,1979- 藤原,崇,1980-",原書房,202202,https://www.lib.sophia.ac.jp/opac/opac_openurl?ncid=BC12402790,
4334044654,搾取される研究者たち : 産学共同研究の失敗学 1055 (光文社新書),"山田,剛志,1965-",光文社,202003,https://www.lib.sophia.ac.jp/opac/opac_openurl?ncid=BB29887686,
4004314844,エピジェネティクス : 新しい生命像をえがく 1484 (岩波新書 新赤版),"仲野,徹,1957-",岩波書店,201405,https://www.lib.sophia.ac.jp/opac/opac_openurl?ncid=BB15543496,
4044005664,身体の大衆文化 : 描く・着る・歌う,"安井,眞奈美,1967- HernándezHernández,ÁlvaroDavid,1983-",KADOKAWA,202111,https://www.lib.sophia.ac.jp/opac/opac_openurl?ncid=BC10924900,
4065250455,なぜオナニーはうしろめたいのか 199 (星海社新書),"赤川,学,1967- 小堀,善友,1975- シオリーヌ,1991- 典雅",講談社 (発売),202110,https://www.lib.sophia.ac.jp/opac/opac_openurl?ncid=BC10723432,
4863542755,組込みエンジニアの教科書 = The textbook of the Embedded engineer,"渡辺,登,pub.2019 牧野,進二",シーアンドアール研究所,201904,https://www.lib.sophia.ac.jp/opac/opac_openurl?ncid=BB2814003X,
4750515183,性表現規制の文化史,白田秀彰／著,亜紀書房,20170724,https://www.lib.sophia.ac.jp/opac/opac_openurl?ncid=BB24128859,
4000298739,松坂和夫数学入門シリーズ = Kazuo Matsuzaka's Introduction to Mathematics. 3,"松坂,和夫,1927-2012",岩波書店,201811,https://www.lib.sophia.ac.jp/opac/opac_openurl?ncid=BB27181144,
4785312092,ルベーグ積分と測度 (数学のとびら),"山上,滋,1955-",裳華房,202202,https://www.lib.sophia.ac.jp/opac/opac_openurl?ncid=BC13003269,
4297125218,問題解決のための「アルゴリズム×数学」が基礎からしっかり身につく本,"米田,優峻,2002-",技術評論社,202201,https://www.lib.sophia.ac.jp/opac/opac_openurl?ncid=BC11838746,
4627856415,コンピュータサイエンスにおける様相論理 = Modal Logics in Computer Science,"鹿島,亮",森北出版,202201,https://www.lib.sophia.ac.jp/opac/opac_openurl?ncid=BC12324744,
4535067554,佐藤隆三著作集 = The Selected Works of Ryuzo Sato 第5巻,"佐藤,隆三,1931-",日本評論社,201611,https://www.lib.sophia.ac.jp/opac/opac_openurl?ncid=BB22622774,
4106038757,怪異猟奇ミステリー全史 (新潮選書),"風間,賢二,1953-",新潮社,202201,https://www.lib.sophia.ac.jp/opac/opac_openurl?ncid=BC12480488,
4760151710,ユダヤ神話・呪術・神秘思想事典,"Dennis,GeoffreyW 木村,光二,1949-",柏書房,202002,https://www.lib.sophia.ac.jp/opac/opac_openurl?ncid=BB29619246,
4326504331,ダメな統計学 : 悲惨なほど完全なる手引書,"Reinhart,Alex,1991- 西原,史暁,1985-",勁草書房,201701,https://www.lib.sophia.ac.jp/opac/opac_openurl?ncid=BB22900913,
478531592X,手を動かしてまなぶε-δ論法 = Epsilon-Delta Method,"藤岡,敦",裳華房,202112,https://www.lib.sophia.ac.jp/opac/opac_openurl?ncid=BC11951217,
4489021291,入門確率解析とルベーグ積分,"森,真,1948-",東京図書,201206,https://www.lib.sophia.ac.jp/opac/opac_openurl?ncid=BB09394642,
4004319102,民俗学入門 1910 (岩波新書 新赤版),"菊地,暁,1969-",岩波書店,202201,https://www.lib.sophia.ac.jp/opac/opac_openurl?ncid=BC12229007,
4758910235,現代高等英文法 = An Advanced Grammar of Present-day English : 学習文法から科学文法へ,"八木,克正,1944-",開拓社,202110,https://www.lib.sophia.ac.jp/opac/opac_openurl?ncid=BC10102989,
4320015541,線形代数 2 (共立講座21世紀の数学),"佐武,一郎,1927-2014",共立出版,199704,https://www.lib.sophia.ac.jp/opac/opac_openurl?ncid=BA30139466,https://mathlib-sophia.opac.jp/opac/Advanced_search/search?isbn=9784320015548&mtl1=1&mtl2=1&mtl3=1&mtl4=1&mtl5=1
4297108216,動かしてわかるCPUの作り方10講,"井澤,裕司",技術評論社,201909,https://www.lib.sophia.ac.jp/opac/opac_openurl?ncid=BB28696831,
4320122674,計算科学講座 = Computational Science and Engineering. 2(第1部計算科学の基盤),"金田,行雄,1949- 笹井,理生 張,紹良,1962-",共立出版,202201,https://www.lib.sophia.ac.jp/opac/opac_openurl?ncid=BC12116929,
4254280041,数理計画入門,"福島,雅夫,1950-",朝倉書店,201102,https://www.lib.sophia.ac.jp/opac/opac_openurl?ncid=BB04975808,
4766422538,数理経済学の源流と展開,武藤功／編著 花薗誠／著・編集,慶應義塾大学出版会,20150827,https://www.lib.sophia.ac.jp/opac/opac_openurl?ncid=BB19417132,
453555997X,計算経済学 = Computational Economics,"釜,国男,1948-",日本評論社,202102,https://www.lib.sophia.ac.jp/opac/opac_openurl?ncid=BC05960541,
4000297074,学術出版の来た道 307 (岩波科学ライブラリー),"有田,正規,1971-",岩波書店,202110,https://www.lib.sophia.ac.jp/opac/opac_openurl?ncid=BC1028015X,
4297104636,数学から創るジェネラティブアート : Processingで学ぶかたちのデザイン,"巴山, 竜来, 1982-,巴山竜来 著",技術評論社,"Tue, 4 Jun 2019 20:29:37 +0900",https://www.lib.sophia.ac.jp/opac/opac_openurl?ncid=BB28076746,
4764925095,信号解析入門 7 (電子・情報基礎シリーズ),"越川,常治",近代科学社,199212,https://www.lib.sophia.ac.jp/opac/opac_openurl?ncid=BN08449528,
462707641X,工学系学生のための複素関数攻略への一本道,"板垣,正文",森北出版,200901,https://www.lib.sophia.ac.jp/opac/opac_openurl?ncid=BA88933825,
4627870019,超巨大リスクの定量的評価,"Garrick,B.John,-2020 山口,彰",森北出版,202110,https://www.lib.sophia.ac.jp/opac/opac_openurl?ncid=BC10307405,
4791774191,データ視覚化の人類史 : グラフの発明から時間と空間の可視化まで,"Friendly,Michael Wainer,Howard 飯嶋,貴子,1967-",青土社,202111,https://www.lib.sophia.ac.jp/opac/opac_openurl?ncid=BC10584110,
4627852916,はじめて学ぶオートマトンと言語理論,"藤原,暁宏",森北出版,201507,https://www.lib.sophia.ac.jp/opac/opac_openurl?ncid=BB19183767,
4896942647,中世紋章史,"Scheibelreiter,Georg,1943- 津山,拓也,1962-",八坂書房,201908,https://www.lib.sophia.ac.jp/opac/opac_openurl?ncid=BB28770810,
4422215329,〈図説〉紋章学事典,"Slater,Stephen 朝治,啓三,1948-",創元社,201909,https://www.lib.sophia.ac.jp/opac/opac_openurl?ncid=BB28947239,
4627856318,はじめての神経回路シミュレーション = INTRODUCTION TO SPIKING NETWORK SIMULATION : 1ニューロンからヒト全脳モデルまで,"山﨑,匡 五十嵐,潤",森北出版,202112,https://www.lib.sophia.ac.jp/opac/opac_openurl?ncid=BC11691772,
4320114469,ヘンテコ関数雑記帳 = Miscellaneous Note of Strange Functions : 解析学へ誘う隠れた名優たち,"佐々木,浩宣",共立出版,202106,https://www.lib.sophia.ac.jp/opac/opac_openurl?ncid=BC07854658,
4790704297,交換の民族誌 : あるいは犬好きのための人類学入門 (Sekaishiso seminar),"中川,敏,1953-",世界思想社,199206,https://www.lib.sophia.ac.jp/opac/opac_openurl?ncid=BN07675587,
4787713205,無形民俗文化財が被災するということ : 東日本大震災と宮城県沿岸部地域社会の民俗誌,"高倉,浩樹,1968- 滝澤,克彦,1975-",新泉社,201401,https://www.lib.sophia.ac.jp/opac/opac_openurl?ncid=BB14572863,
4326653930,日常に侵入する自己啓発 : 生き方・手帳術・片づけ,"牧野,智和,1980-",勁草書房,201504,https://www.lib.sophia.ac.jp/opac/opac_openurl?ncid=BB18412869,
4326653728,自己啓発の時代 : 「自己」の文化社会学的探究,"牧野,智和,1980-",勁草書房,201203,https://www.lib.sophia.ac.jp/opac/opac_openurl?ncid=BB08665890,
4000614061,歴史学の思考法 : 東大連続講義,東京大学教養学部,岩波書店,202004,https://www.lib.sophia.ac.jp/opac/opac_openurl?ncid=BB30433744,
4000241796,なぜ歴史を学ぶのか,"Hunt,Lynn,1945- 長谷川,貴彦",岩波書店,201910,https://www.lib.sophia.ac.jp/opac/opac_openurl?ncid=BB29042058,
4004130018,歴史とは何か,Ｅ．Ｈ．カー,岩波書店,1962-01,https://www.lib.sophia.ac.jp/opac/opac_openurl?isbn=4004130018,
4526075361,メカ屋のための脳科学入門 : 脳をリバースエンジニアリングする,"高橋,宏知,1975-",日刊工業新聞社,201603,https://www.lib.sophia.ac.jp/opac/opac_openurl?ncid=BB2096429X,
4627851618,計算論的神経科学 : 脳の運動制御・感覚処理機構の理論的理解へ,"田中,宏和,pub.2019",森北出版,201906,https://www.lib.sophia.ac.jp/opac/opac_openurl?ncid=BB28349496,
432625131X,計算論的精神医学 : 情報処理過程から読み解く精神障害,"国里,愛彦,1983- 片平,健太郎,1979- 沖村,宰,1972-",勁草書房,201901,https://www.lib.sophia.ac.jp/opac/opac_openurl?ncid=BB27595103,
4335358334,AI時代の法学入門 = Introduction to law in the age of artificial intelligence : 学際的アプローチ,"太田,勝造,1957- 笠原,毅彦,1957- 佐藤,健 西貝,吉晃,1981- 新田,克己 ほか",弘文堂,202007,https://www.lib.sophia.ac.jp/opac/opac_openurl?ncid=BB31576554,
4422390058,フィールド言語学者、巣ごもる。,"吉岡,乾",創元社,202106,https://www.lib.sophia.ac.jp/opac/opac_openurl?ncid=BC0802655X,
4320009304,神経美学 = Neuroaesthetics : 美と芸術の脳科学 30 (共立スマートセレクション),"石津,智大",共立出版,201908,https://www.lib.sophia.ac.jp/opac/opac_openurl?ncid=BB28810788,
4061975978,新約聖書外典 (講談社文芸文庫),"荒井,献,1930-",講談社,199712,https://www.lib.sophia.ac.jp/opac/opac_openurl?ncid=BA34100225,
4121101200,日本の私立大学はなぜ生き残るのか : 人口減少社会と同族経営:1992-2030 120 (中公選書),"Breaden,Jeremy,1973- Goodman,Roger,1960- 石澤,麻子,1989-",中央公論新社,202109,https://www.lib.sophia.ac.jp/opac/opac_openurl?ncid=BC09702060,
4320096398,経済物理学,"青山,秀明,1954- 家富,洋 池田,裕一",共立出版,200810,https://www.lib.sophia.ac.jp/opac/opac_openurl?ncid=BA87633655,
4151201009,地下鉄道 100 (ハヤカワepi文庫),"Whitehead,Colson,1969- 谷崎,由依",早川書房,202010,https://www.lib.sophia.ac.jp/opac/opac_openurl?isbn=4151201009,
4314010827,誤差論,"Gauss,CarlFriedrich 飛田,武幸 石川,耕春",紀伊國屋書店,198105,https://www.lib.sophia.ac.jp/opac/opac_openurl?ncid=BN00447427,
4909783806,親の手で病気にされる子どもたち,南部さおり／著,学芸みらい社,20210618,https://www.lib.sophia.ac.jp/opac/opac_openurl?ncid=BC08034208,
4750351334,大図鑑　コードの秘密,ポール・ルンダ／編 浜口稔／訳,明石書店,20210318,https://www.lib.sophia.ac.jp/opac/opac_openurl?ncid=BC06203836,
4000614835,アカデミアを離れてみたら : 博士、道なき道をゆく,岩波書店,岩波書店,202108,https://www.lib.sophia.ac.jp/opac/opac_openurl?ncid=BC09081564,
4492314970,行動経済学入門,"筒井,義郎,1950- 佐々木,俊一郎,1973- 山根,承子,1984-",東洋経済新報社,201705,https://www.lib.sophia.ac.jp/opac/opac_openurl?ncid=BB2362781X,
4787234781,アニメと声優のメディア史,石田美紀／著,青弓社,20201221,https://www.lib.sophia.ac.jp/opac/opac_openurl?ncid=BC0463354X,
4838233825,桃太郎の発生 : 世界との比較からみる日本の昔話、説話,"花部,英雄,1950-",三弥井書店,202103,https://www.lib.sophia.ac.jp/opac/opac_openurl?ncid=BC07087286,
4791773829,悪魔学大全,"Robbins,RossellHope,1912-1990 松田,和也,1963-",青土社,202105,https://www.lib.sophia.ac.jp/opac/opac_openurl?ncid=BC07554392,
4003367618,比較言語学入門 (岩波文庫),"高津,春繁,1908-1973",岩波書店,199205,https://www.lib.sophia.ac.jp/opac/opac_openurl?ncid=BN07629138,
4296000195,プログラムはなぜ動くのか : 知っておきたいプログラミングの基礎知識,"矢沢,久雄,1961-",日経BPマーケティング (発売),202105,https://www.lib.sophia.ac.jp/opac/opac_openurl?ncid=BC07290960,
4000056530,多変量解析入門 : 線形から非線形へ,"小西,貞則,1948-",岩波書店,201001,https://www.lib.sophia.ac.jp/opac/opac_openurl?ncid=BB00828710,
4336070903,「探偵小説(ディテクティヴ・ノヴェル)」の考古学 : セレンディップの三人の王子たちからシャーロック・ホームズまで,"Messac,Régis,1893-1945 石橋,正孝 池田,潤,1984- 佐々木,匠,1983- ほか",国書刊行会,202106,https://www.lib.sophia.ac.jp/opac/opac_openurl?ncid=BC08627491,
4883841405,入門統計解析,"倉田,博史,1967- 星野,崇宏",サイエンス社,200912,https://www.lib.sophia.ac.jp/opac/opac_openurl?ncid=BB00499991,
4475018722,古アイスランド語入門,"下宮, 忠雄, 1935-,下宮忠雄, 金子貞雄 著",大学書林,"Fri, 29 Jul 2022 00:23:53 +0900",https://www.lib.sophia.ac.jp/opac/opac_openurl?ncid=BA75297696,
4103137010,エッダ : 古代北欧歌謡集,V.G.ネッケル 谷口幸男,新潮社,1973-01,https://www.lib.sophia.ac.jp/opac/opac_openurl?ncid=BN02432613,
4787234919,就職と体育会系神話,束原文郎／著,青弓社,20210727,https://www.lib.sophia.ac.jp/opac/opac_openurl?ncid=BC08820720,
4480098801,西洋古典学入門 叙事詩から演劇詩へ (ちくま学芸文庫),久保正彰／著,筑摩書房,20180808,https://www.lib.sophia.ac.jp/opac/opac_openurl?ncid=BB26615431,
4880655066,ダム建設と地域住民補償,古賀邦雄／著,水曜社,20210624,https://www.lib.sophia.ac.jp/opac/opac_openurl?ncid=BC08164043,
4560509085,チェスへの招待 908 (文庫クセジュ),"Maufras,Jérôme 成相,恭二,1937- 小倉,尚子,1932-",白水社,200701,https://www.lib.sophia.ac.jp/opac/opac_openurl?ncid=BA80142666,
4560509964,セクトの宗教社会学 996 (文庫クセジュ),"Luca,Nathalie,1966- 伊達,聖伸",白水社,201411,https://www.lib.sophia.ac.jp/opac/opac_openurl?ncid=BB17236953,
4641165777,ゲーム理論 = Game Theory,"岡田,章,1954-",有斐閣,202103,https://www.lib.sophia.ac.jp/opac/opac_openurl?ncid=BC06049408,
4863134606,世界の地下都市大解剖 : 立体イラストで巡る、見えない巨大インフラ (NATIONAL GEOGRAPHIC),"Ovenden,Mark,1963- 梅田,智世 竹花,秀春",日経BPマーケティング (発売),202103,https://www.lib.sophia.ac.jp/opac/opac_openurl?ncid=BC05590373,
406522442X,〈イスラーム世界〉とは何か : 「新しい世界史」を描く 2647 (講談社学術文庫),"羽田,正,1953-",講談社,202102,https://www.lib.sophia.ac.jp/opac/opac_openurl?ncid=BC05492159,
4904575865,萌える人類学者,"馬場, 淳,平田, 晶子,森, 昭子,小西, 公大,馬場淳 編 ; 平田晶子 編 ; 森昭子 編 ; 小西公大 編",東京外国語大学出版会,"Mon, 1 Jan 1900 20:00:00 +0900",https://www.lib.sophia.ac.jp/opac/opac_openurl?ncid=BC06506656,
4903908984,うしろめたさの人類学,松村圭一郎／著,ミシマ社,20170916,https://www.lib.sophia.ac.jp/opac/opac_openurl?ncid=BB24488253,
4344983874,子どものまま中年化する若者たち : 根拠なき万能感とあきらめの心理 な-22-1 (幻冬舎新書),"鍋田,恭孝,1947-",幻冬舎,201507,https://www.lib.sophia.ac.jp/opac/opac_openurl?ncid=BB19260653,
4535601097,初等整数論 (日評数学選書),"遠山,啓",日本評論社,197202,https://www.lib.sophia.ac.jp/opac/opac_openurl?ncid=BN00574592,https://mathlib-sophia.opac.jp/opac/Advanced_search/search?isbn=9784535601093&mtl1=1&mtl2=1&mtl3=1&mtl4=1&mtl5=1
4000298313,代数への出発 (新装版数学入門シリーズ),"松坂,和夫,1927-2012",岩波書店,201503,https://www.lib.sophia.ac.jp/opac/opac_openurl?isbn=4000298313,
4000068776,代数入門 (現代数学への入門),"上野,健爾,1945-",岩波書店,200405,https://www.lib.sophia.ac.jp/opac/opac_openurl?ncid=BA66885740,https://mathlib-sophia.opac.jp/opac/Advanced_search/search?isbn=9784000068772&mtl1=1&mtl2=1&mtl3=1&mtl4=1&mtl5=1
4314011521,中古典のすすめ,"斉藤,美奈子,1956-",紀伊國屋書店,202009,https://www.lib.sophia.ac.jp/opac/opac_openurl?isbn=4314011521,
4902666383,課題解決のための専門図書館ガイドブック,"専門図書館協議会,専門図書館協議会私立図書館小委員会 編",読書工房,"Fri, 3 Nov 2023 21:00:21 +0900",https://www.lib.sophia.ac.jp/opac/opac_openurl?ncid=BC01906679,
439393038X,音楽分析の歴史 : ムシカ・ポエティカからシェンカー分析へ,"久保田,慶一,1955-",春秋社,202003,https://www.lib.sophia.ac.jp/opac/opac_openurl?isbn=439393038X,
4865280111,戦前尖端語辞典,平山亜佐子／著・編集 山田参助／絵・漫画,左右社,20210131,https://www.lib.sophia.ac.jp/opac/opac_openurl?ncid=BC05502489,
4061589962,魔術から数学へ (講談社学術文庫),"森,毅,1928-2010",講談社,199111,https://www.lib.sophia.ac.jp/opac/opac_openurl?ncid=BN06923694,
4121026055,民衆暴力 : 一揆・暴動・虐殺の日本近代 2605 (中公新書),"藤野,裕子,1976-",中央公論新社,202008,https://www.lib.sophia.ac.jp/opac/opac_openurl?ncid=BC01959959,
433403795X,テキヤはどこからやってくるのか? : 露店商いの近現代を辿る 692 (光文社新書),"厚,香苗,1975-",光文社,201404,https://www.lib.sophia.ac.jp/opac/opac_openurl?ncid=BB15377761,
4480098682,精講　漢文 (ちくま学芸文庫),前野直彬／著,筑摩書房,20180808,https://www.lib.sophia.ac.jp/opac/opac_openurl?ncid=BB26616172,
4422390031,現地嫌いなフィールド言語学者、かく語りき。,"吉岡,乾",創元社,201909,https://www.lib.sophia.ac.jp/opac/opac_openurl?ncid=BB28759782,
4639024703,齊民要術 : 現存する最古の料理書,"賈, 思勰, 後魏代,田中, 静一, 1913-,小島, 麗逸, 1934-,太田, 泰弘, 1930-,[賈思勰] [著],田中静一, 小島麗逸, 太田泰弘 編訳",雄山閣,"Wed, 31 May 2017 19:01:13 +0900",https://www.lib.sophia.ac.jp/opac/opac_openurl?ncid=BB23336883,
430922699X,マタギ聞き書き : その狩猟民俗と怪異譚,"武藤,鉄城,1896-1956",河出書房新社,201704,https://www.lib.sophia.ac.jp/opac/opac_openurl?ncid=BB23573233,
4480432841,モチーフで読む美術史２ (ちくま文庫),宮下規久朗／著,筑摩書房,20150708,https://www.lib.sophia.ac.jp/opac/opac_openurl?ncid=BB12939854,
4480028188,路上観察学入門,赤瀬川原平／著 藤森照信／著 南伸坊／編集,筑摩書房,19930101,https://www.lib.sophia.ac.jp/opac/opac_openurl?isbn=4480028188,
4750349267,アーカイブズ論 記録のちからと現代社会,スー・マケミッシュ／編 マイケル・ピゴット／編 バーバラ・リード／編 フランク・アップウォード／編 ほか,明石書店,20191225,https://www.lib.sophia.ac.jp/opac/opac_openurl?isbn=4750349267,
4816919813,入門・アーカイブズの世界 : 記憶と記録を未来に : 翻訳論文集,記録管理学会 日本アーカイブズ学会,日外アソシエーツ,200606,https://www.lib.sophia.ac.jp/opac/opac_openurl?ncid=BA77324778,
4339009393,ひたすら楽して音響信号解析 = Beginning Acoustic Signal Analysis : MATLABで学ぶ基礎理論と実装,"森勢,将雅",コロナ社,202102,https://www.lib.sophia.ac.jp/opac/opac_openurl?ncid=BC05084141,
4315523275,"マス・アート : 真理,美,そして方程式","Ornes,Stephen 巴山,竜来,1982- 赤池,ともえ",ニュートンプレス,202102,https://www.lib.sophia.ac.jp/opac/opac_openurl?ncid=BC0504654X,
4865592334,踊るバロック (叢書ビブリオムジカ),赤塚健太郎／著,アルテスパブリッシング,20210225,https://www.lib.sophia.ac.jp/opac/opac_openurl?ncid=BC05590883,
4254131291,物理学者、機械学習を使う = Using Machine Learning for Physics : 機械学習・深層学習の物理学への応用,"橋本,幸士",朝倉書店,201910,https://www.lib.sophia.ac.jp/opac/opac_openurl?ncid=BB29005619,
4562059079,図説世界地下名所百科 : イスタンブールの沈没宮殿、メキシコの麻薬密輸トンネルから首都圏外郭放水路まで,"Fitch,Chris,1988- 上京,恵",原書房,202102,https://www.lib.sophia.ac.jp/opac/opac_openurl?ncid=BC05584756,
4876987971,データ同化,,京都大学学術出版会,20090820,https://www.lib.sophia.ac.jp/opac/opac_openurl?ncid=BA91090804,
430941172X,中世幻想世界への招待 い27-1 (河出文庫),"池上,俊一,1956-",河出書房新社,201209,https://www.lib.sophia.ac.jp/opac/opac_openurl?isbn=430941172X,
4873119332,計算できるもの、計算できないもの : 実践的アプローチによる計算理論入門,"MacCormick,John,1972- 松崎,公紀 長尾,高弘,1960-",オーム社 (発売),202012,https://www.lib.sophia.ac.jp/opac/opac_openurl?ncid=BC04631770,
4873119294,初めてのマルウェア解析 : Windowsマルウェアを解析するための概念、ツール、テクニックを探る,"K.A.,Monnappa 石川,朝久 北原,憲 中津留,勇",オーム社 (発売),202012,https://www.lib.sophia.ac.jp/opac/opac_openurl?ncid=BC0451372X,
4000201018,漢文入門 ２３３ (岩波全書),小川‖環樹,岩波書店,0000-01-01,https://www.lib.sophia.ac.jp/opac/opac_openurl?ncid=BN00674054,
4862852319,地獄と煉獄のはざまで : 中世イタリアの例話から心性を読む,"石坂,尚武,1947-",知泉書館,201603,https://www.lib.sophia.ac.jp/opac/opac_openurl?ncid=BB21191972,
400311521X,量子力学と私 (岩波文庫),"朝永,振一郎,1906-1979 江沢,洋,1932-",岩波書店,199701,https://www.lib.sophia.ac.jp/opac/opac_openurl?ncid=BN15718710,
4121025237,古代オリエントの神々 : 文明の興亡と宗教の起源 2523 (中公新書),"小林,登志子,1949-",中央公論新社,201901,https://www.lib.sophia.ac.jp/opac/opac_openurl?ncid=BB27551855,
4276123739,新版 音楽の科学,ホアンＧローダラー／著 髙野光司／翻訳 安藤四一／翻訳,音楽之友社,20141008,https://www.lib.sophia.ac.jp/opac/opac_openurl?ncid=BB16810157,
4276123119,楽器の音響学,安藤由典／著,音楽之友社,199602,https://www.lib.sophia.ac.jp/opac/opac_openurl?ncid=BN14012626,
4422203436,フィッシュ・アンド・チップスの歴史 : 英国の食と移民 (創元世界史ライブラリー),"Panayi,Panikos 栢木,清吾",創元社,202009,https://www.lib.sophia.ac.jp/opac/opac_openurl?ncid=BC02613814,
4004202884,読書と社会科学 (岩波新書),内田／義彦,岩波書店,1985-01,https://www.lib.sophia.ac.jp/opac/opac_openurl?ncid=BN00338432,
4260036742,研究の育て方 : ゴールとプロセスの「見える化」,"近藤,克則,1958-",医学書院,201810,https://www.lib.sophia.ac.jp/opac/opac_openurl?ncid=BB27055911,
448042587X,続・反社会学講座,パオロ・マッツァリーノ／著,筑摩書房,20090401,https://www.lib.sophia.ac.jp/opac/opac_openurl?ncid=BA82471895,
4480423567,反社会学講座,パオロ・マッツァリーノ／著,筑摩書房,20070701,https://www.lib.sophia.ac.jp/opac/opac_openurl?ncid=BA82471895,
4121026136,古代メソポタミア全史 : シュメル、バビロニアからサーサーン朝ペルシアまで 2613 (中公新書),"小林,登志子,1949-",中央公論新社,202010,https://www.lib.sophia.ac.jp/opac/opac_openurl?ncid=BC03233976,
463415062X,タロットの歴史 = THE HiSTORY OF TAROT : 西洋文化史から図像を読み解く,"井上,教子",山川出版社,201411,https://www.lib.sophia.ac.jp/opac/opac_openurl?ncid=BB17486644,
4887218222,魔術の人類史,"Greenwood,Susan 田内,志文,1974-",東洋書林,201509,https://www.lib.sophia.ac.jp/opac/opac_openurl?ncid=BB19651446,
4875253141,四元数の発見,矢野忠／著,海鳴社,20140919,https://www.lib.sophia.ac.jp/opac/opac_openurl?ncid=BB16774858,
4822283119,ネットワークはなぜつながるのか : 知っておきたいTCP/IP、LAN、光ファイバの基礎知識,"戸根,勤 日経BP",日経BP出版センター,200704,https://www.lib.sophia.ac.jp/opac/opac_openurl?ncid=BA8161483X,
4627854714,計算モデルとプログラミング,"猪股,俊光,1961- 山田,敬三",森北出版,201904,https://www.lib.sophia.ac.jp/opac/opac_openurl?ncid=BB28106825,
4560097283,〈賄賂〉のある暮らし : 市場経済化後のカザフスタン,"岡,奈津子",白水社,201911,https://www.lib.sophia.ac.jp/opac/opac_openurl?isbn=4560097283,
4750516597,地下世界をめぐる冒険 (亜紀書房翻訳ノンフィクション・シリーズⅢ-12),ウィル・ハント／著 棚橋志行／翻訳,亜紀書房,20200826,https://www.lib.sophia.ac.jp/opac/opac_openurl?ncid=BC02154262,
4022950579,日本中世への招待 749 (朝日新書),"呉座,勇一,1980-",朝日新聞出版,202002,https://www.lib.sophia.ac.jp/opac/opac_openurl?ncid=BB29630318,
476014580X,歴史好きのための古文書入門,"高尾,善希,1974-",柏書房,201505,https://www.lib.sophia.ac.jp/opac/opac_openurl?ncid=BB18523440,
4478067317,絶滅できない動物たち : 自然と科学の間で繰り広げられる大いなるジレンマ,"O'Connor,M.R.,1982- 大下,英津子",ダイヤモンド社,201809,https://www.lib.sophia.ac.jp/opac/opac_openurl?ncid=BB27044766,
4044005907,日本俗信辞典. 動物編 J132-1 (角川ソフィア文庫),"鈴木,棠三,1911-1992",KADOKAWA,202004,https://www.lib.sophia.ac.jp/opac/opac_openurl?isbn=4044005907,
4044005915,日本俗信辞典. 植物編 J132-2 (角川ソフィア文庫),"鈴木,棠三,1911-1992",KADOKAWA,202006,https://www.lib.sophia.ac.jp/opac/opac_openurl?isbn=4044005915,
4309253865,核は暴走する : アメリカ核開発と安全性をめぐる闘い 下,"Schlosser,Eric,1959- 布施,由紀子,1953-",河出書房新社,201807,https://www.lib.sophia.ac.jp/opac/opac_openurl?ncid=BB26562266,
4309253857,核は暴走する : アメリカ核開発と安全性をめぐる闘い 上,"Schlosser,Eric,1959- 布施,由紀子,1953-",河出書房新社,201807,https://www.lib.sophia.ac.jp/opac/opac_openurl?ncid=BB26562266,
4815809933,歴史家と少女殺人事件 レティシアの物語,イヴァン・ジャブロンカ／著 真野倫平／訳,名古屋大学出版会,20200703,https://www.lib.sophia.ac.jp/opac/opac_openurl?isbn=4815809933,
4760150900,コロンブスの図書館,"Wilson-Lee,Edward 五十嵐,加奈子",柏書房,202005,https://www.lib.sophia.ac.jp/opac/opac_openurl?isbn=4760150900,
4562057203,最期の言葉の村へ : 消滅危機言語タヤップを話す人々との30年,"Kulick,Don,1960- 上京,恵",原書房,202001,https://www.lib.sophia.ac.jp/opac/opac_openurl?isbn=4562057203,
4044005303,贋札の世界史 I410-1 (角川ソフィア文庫),"植村,峻,1935-",KADOKAWA,202003,https://www.lib.sophia.ac.jp/opac/opac_openurl?ncid=BB31510793,
4044005478,オノマトペ : 擬音語・擬態語の世界 [E114-1] ([角川ソフィア文庫]),"小野,正弘",KADOKAWA,201912,https://www.lib.sophia.ac.jp/opac/opac_openurl?ncid=BB29432766,
4766425197,歴史は実験できるのか,ジャレド・ダイアモンド／編著 ジェイムズ・A・ロビンソン／編著 小坂恵理／訳,慶應義塾大学出版会,20180606,https://www.lib.sophia.ac.jp/opac/opac_openurl?ncid=BB26246299,
4588622102,数学書として憲法を読む,秋葉忠利／著,法政大学出版局,20190717,https://www.lib.sophia.ac.jp/opac/opac_openurl?isbn=4588622102,
4004318351,紫外線の社会史 : 見えざる光が照らす日本 1835 (岩波新書 新赤版),"金,凡性",岩波書店,202005,https://www.lib.sophia.ac.jp/opac/opac_openurl?ncid=BB30568481,
4787210459,バラエティ化する宗教,石井研士／編著,青弓社,20101022,https://www.lib.sophia.ac.jp/opac/opac_openurl?ncid=BB03807080,
4047034363,和本の海へ : 豊饒の江戸文化 436 (角川選書),"中野,三敏,1935-2019",角川グループパブリッシング,200902,https://www.lib.sophia.ac.jp/opac/opac_openurl?ncid=BA88966212,
4422143980,初期キリスト教・ビザンティン図像学研究 = A Study in Early Christian and Byzantine Iconography,"瀧口,美香,1966-",創元社,201802,https://www.lib.sophia.ac.jp/opac/opac_openurl?ncid=BB2554346X,
483186238X,近世仏書の文化史 : 西本願寺教団の出版メディア,"万波,寿子,1977-",法藏館,201802,https://www.lib.sophia.ac.jp/opac/opac_openurl?ncid=BB25843361,
4815808171,〈驚異〉の文化史,山中由里子／編,名古屋大学出版会,20151023,https://www.lib.sophia.ac.jp/opac/opac_openurl?ncid=BB19794443,
4560095590,写本の文化誌 : ヨーロッパ中世の文学とメディア,"Brinker-vonderHeyde,Claudia,1950- 一條,麻美子",白水社,201708,https://www.lib.sophia.ac.jp/opac/opac_openurl?ncid=BB24100372,
4152091665,予想どおりに不合理 : 行動経済学が明かす「あなたがそれを選ぶわけ」,"Ariely,Dan,1967- 熊谷,淳子",早川書房,201010,https://www.lib.sophia.ac.jp/opac/opac_openurl?ncid=BB0364973X,
4150503915,予想どおりに不合理 : 行動経済学が明かす「あなたがそれを選ぶわけ」 391 (ハヤカワ文庫 NF),"Ariely,Dan,1967- 熊谷,淳子",早川書房,201308,https://www.lib.sophia.ac.jp/opac/opac_openurl?isbn=4150503915,
4582761089,日本残酷物語 4 (保障なき社会) (平凡社ライブラリー),,平凡社,199507,https://www.lib.sophia.ac.jp/opac/opac_openurl?ncid=BN13002547,
4582761046,日本残酷物語 3 (鎖国の悲劇) (平凡社ライブラリー),,平凡社,199506,https://www.lib.sophia.ac.jp/opac/opac_openurl?ncid=BN1268787X,
4582761127,日本残酷物語 5 (近代の暗黒) (平凡社ライブラリー),,平凡社,199508,https://www.lib.sophia.ac.jp/opac/opac_openurl?ncid=BN13002616,
4582760996,日本残酷物語 2 (忘れられた土地) (平凡社ライブラリー),,平凡社,199505,https://www.lib.sophia.ac.jp/opac/opac_openurl?ncid=BN12530652,
4582760953,日本残酷物語 1 (貧しき人々のむれ) (平凡社ライブラリー),,平凡社,199504,https://www.lib.sophia.ac.jp/opac/opac_openurl?ncid=BN1240734X,
448006513X,完全教祖マニュアル,架神恭介／著 辰巳一世／著,筑摩書房,20091101,https://www.lib.sophia.ac.jp/opac/opac_openurl?isbn=448006513X,
4781617417,ダークウェブ・アンダーグラウンド : 社会秩序を逸脱するネット暗部の住人たち,"木澤,佐登志,1988-",イースト・プレス,201901,https://www.lib.sophia.ac.jp/opac/opac_openurl?ncid=BB2753349X,
476490408X,"アルゴリズムイントロダクション : 世界標準MIT教科書. 総合版 (第1巻+第2巻+精選トピックス〈第1～35章,付録〉)","Cormen,ThomasH Leiserson,CharlesEric Rivest,RonaldL ほか",近代科学社,201312,https://www.lib.sophia.ac.jp/opac/opac_openurl?ncid=BB14321546,
4309224881,憑き物耳袋,"倉光,清六,1894-1963",河出書房新社,200808,https://www.lib.sophia.ac.jp/opac/opac_openurl?ncid=BA86876709,
4000111442,時空の力学 : 一般相対論の物理 4 (岩波講座物理の世界 素粒子と時空),"細谷,暁夫,1946- 佐藤,文隆,1938-",岩波書店,200204,https://www.lib.sophia.ac.jp/opac/opac_openurl?ncid=BA56416936,
4766425677,ビデオゲームの美学,松永伸司／著,慶應義塾大学出版会,20181020,https://www.lib.sophia.ac.jp/opac/opac_openurl?ncid=BB27046466,
4788516063,デジタル記号論,松本健太郎／著,新曜社,20190208,https://www.lib.sophia.ac.jp/opac/opac_openurl?ncid=BB27701696,
433902905X,1から始めるJuliaプログラミング = Learn Julia Programming from Scratch,"進藤,裕之 佐藤,建太",コロナ社,202004,https://www.lib.sophia.ac.jp/opac/opac_openurl?ncid=BB30062573,
4297105594,実践Rust入門 : 言語仕様から開発手法まで,"κeen 河野,達也 小松,礼人",技術評論社,201905,https://www.lib.sophia.ac.jp/opac/opac_openurl?ncid=BB28124281,
4873118476,作って動かすALife : 実装を通した人工生命モデル理論入門,"岡,瑞起 池上,高志,1961- Chen,Dominick,1981-",オーム社,201807,https://www.lib.sophia.ac.jp/opac/opac_openurl?ncid=BB26563542,
4792217091,誤訳の典型,"中原,道喜",聖文新社,201009,https://www.lib.sophia.ac.jp/opac/opac_openurl?ncid=BB03288802,
4799325469,越前敏弥の日本人なら必ず誤訳する英文,越前敏弥 [著],ディスカヴァー・トゥエンティワン,"Mon, 30 Sep 2019 21:59:12 +0900",https://www.lib.sophia.ac.jp/opac/opac_openurl?isbn=4799325469,
4327452327,英語のしくみと訳しかた,"真野,泰,1961-",研究社,201008,https://www.lib.sophia.ac.jp/opac/opac_openurl?ncid=BB03139358,
4627854919,"多倍長精度数値計算 : GNU MP,MPFR,QDによるプログラミング","幸谷,智紀",森北出版,201911,https://www.lib.sophia.ac.jp/opac/opac_openurl?ncid=BB29274596,
4535783616,インドラの真珠 : クラインの夢みた世界,"Mumford,David,1937- Series,Caroline,1951- ほか",日本評論社,201303,https://www.lib.sophia.ac.jp/opac/opac_openurl?ncid=BB11984092,https://mathlib-sophia.opac.jp/opac/Advanced_search/search?isbn=9784535783614&mtl1=1&mtl2=1&mtl3=1&mtl4=1&mtl5=1
4121007409,元禄御畳奉行の日記 : 尾張藩士の見た浮世 (中公新書),"神坂,次郎,1927-",中央公論社,198409,https://www.lib.sophia.ac.jp/opac/opac_openurl?ncid=BN00371030,
4000291467,古典注釈入門 : 歴史と技法 046 (岩波現代全書),"鈴木,健一,1960-",岩波書店,201410,https://www.lib.sophia.ac.jp/opac/opac_openurl?ncid=BB16865148,
4393299272,情報時代のオウム真理教,"井上,順孝,1948- 国際宗教研究所宗教情報リサーチセンター",春秋社,201107,https://www.lib.sophia.ac.jp/opac/opac_openurl?ncid=BB06367224,
4003600371,子規紀行文集 31-13-12 (岩波文庫),"正岡,子規,1867-1902 復本,一郎,1943-",岩波書店,201912,https://www.lib.sophia.ac.jp/opac/opac_openurl?ncid=BB29378514,
4003326210,"随園食単 (岩波文庫, 青(33)-262-1)","袁,枚 青木,正児",岩波書店,198001,https://www.lib.sophia.ac.jp/opac/opac_openurl?ncid=BN00770670,
4787273566,ロバート・キャパの謎 (写真叢書),吉岡栄二郎／著,青弓社,20140823,https://www.lib.sophia.ac.jp/opac/opac_openurl?ncid=BB16567048,
4794810679,ハイン地の果ての祭典 : 南米フエゴ諸島先住民セルクナムの生と死,"Chapman,Anne,1922-2010 大川,豪司,1961-",新評論,201704,https://www.lib.sophia.ac.jp/opac/opac_openurl?ncid=BB23659984,
4327452920,英文解体新書 : 構造と論理を読み解く英文解釈,,研究社,201907,https://www.lib.sophia.ac.jp/opac/opac_openurl?isbn=4327452920,
4320113837,1足す1から現代数論へ : モジュラー形式への誘い,"Ash,Avner,1949- Gross,Robert,1959- 新妻,弘,1946-",共立出版,201907,https://www.lib.sophia.ac.jp/opac/opac_openurl?ncid=BB2866410X,
4788515350,セミオトポス 12　「美少女」の記号論,日本記号学会／編集,新曜社,20170831,https://www.lib.sophia.ac.jp/opac/opac_openurl?ncid=BB24387642,
4106108208,ケーキの切れない非行少年たち 820 (新潮新書),"宮口,幸治",新潮社,201907,https://www.lib.sophia.ac.jp/opac/opac_openurl?ncid=BB28553379,
4327472360,グロリアーナの祝祭 : エリザベス一世の文学的表象,"竹村,はるみ,1968-",研究社,201808,https://www.lib.sophia.ac.jp/opac/opac_openurl?ncid=BB26654171,
4309416837,グレン・グールド よ11-4 (河出文庫),"吉田,秀和,1913-2012",河出書房新社,201905,https://www.lib.sophia.ac.jp/opac/opac_openurl?ncid=BB28112078,
0582237521,Longman Dictionary of Common Errors New Edition,N Turton,Longman,1996-07-29,https://www.lib.sophia.ac.jp/opac/opac_openurl?isbn=0582237521,
4582415288,共同研究ポルノグラフィー,"大浦,康介,1951-",平凡社,201104,https://www.lib.sophia.ac.jp/opac/opac_openurl?ncid=BB05482872,
478727340X,戦後日本の聴覚文化 音楽・物語・身体,広瀬正浩／著,青弓社,20130920,https://www.lib.sophia.ac.jp/opac/opac_openurl?ncid=BB13671564,
479176496X,指紋論 : 心霊主義から生体認証まで,"橋本,一径",青土社,201011,https://www.lib.sophia.ac.jp/opac/opac_openurl?ncid=BB03761649,
4130101404,イメージ学の現在,坂本泰宏／編集 田中純／編集 竹峰義和／編集,東京大学出版会,20190501,https://www.lib.sophia.ac.jp/opac/opac_openurl?ncid=BB28116567,
4787233211,サブカルで読むセクシュアリティ,谷川建司／編著 王向華／編著 呉咏梅／編著,青弓社,20101122,https://www.lib.sophia.ac.jp/opac/opac_openurl?ncid=BB04115377,
4815807302,アニメ・マシーン,トーマス・ラマール／訳 藤木秀朗／監修 大﨑晴美／翻訳,名古屋大学出版会,20130501,https://www.lib.sophia.ac.jp/opac/opac_openurl?ncid=BB1248497X,
4887218184,黒の文化史,"Harvey,JohnRobert,1942- 富岡,由美",東洋書林,201407,https://www.lib.sophia.ac.jp/opac/opac_openurl?ncid=BB16294251,
456205669X,失われた芸術作品の記憶,"Charney,Noah 服部,理佳",原書房,201906,https://www.lib.sophia.ac.jp/opac/opac_openurl?isbn=456205669X,
4065162629,ディープラーニングと物理学 = DEEP LEARNING AND PHYSICS : 原理がわかる、応用ができる,"田中,章詞 富谷,昭夫 橋本,幸士",講談社,201906,https://www.lib.sophia.ac.jp/opac/opac_openurl?ncid=BB28386200,
4873118816,Python計算機科学新教本 : 新定番問題を解決する探索アルゴリズム、k平均法、ニューラルネットワーク,"Kopec,David 黒川,利明,1948-",オーム社,201906,https://www.lib.sophia.ac.jp/opac/opac_openurl?ncid=BB2842988X,
4385365326,ビジュアル音声学,"川原,繁人,1980-",三省堂,201807,https://www.lib.sophia.ac.jp/opac/opac_openurl?ncid=BB26350734,
4320113802,動く曲線の数値計算 = Numerical computation of moving plane curves,"矢崎,成俊",共立出版,201907,https://www.lib.sophia.ac.jp/opac/opac_openurl?isbn=4320113802,
4909710051,いかにしてアーサー王は日本で受容されサブカルチャー界に君臨したか = How the noble Kyng Arthure was receyued in Japan & was crowned emperour of pop culture : 変容する中世騎士道物語,"岡本,広毅,1984- 小宮,真樹子,1979-",みずき書林,201903,https://www.lib.sophia.ac.jp/opac/opac_openurl?ncid=BB27953145,
4163910174,世にも危険な医療の世界史,"Kang,Lydia Pedersen,Nate 福井,久美子",文藝春秋,201904,https://www.lib.sophia.ac.jp/opac/opac_openurl?ncid=BB28150747,
4582513352,10万個の子宮 : あの激しいけいれんは子宮頸がんワクチンの副反応なのか,"村中,璃子",平凡社,201802,https://www.lib.sophia.ac.jp/opac/opac_openurl?ncid=BB25525763,
4861826500,夢と幽霊の書,アンドルー・ラング／著 ないとうふみこ／翻訳 吉田篤弘／解説,作品社,20170821,https://www.lib.sophia.ac.jp/opac/opac_openurl?ncid=BB24258231,
4802510705,円環大全 : 知の輪郭を体系化するインフォグラフィックス,"Lima,Manuel,1978- 三中,信宏,1958- 手嶋,由美子",ビー・エヌ・エヌ新社,201802,https://www.lib.sophia.ac.jp/opac/opac_openurl?ncid=BB25833856,
4896942612,鐘の本 : ヨーロッパの音と祈りの民俗誌,"Sartori, Paul, 1857-1936,吉田, 孝夫, 1968-,パウル・ザルトーリ [著],吉田孝夫 訳",八坂書房,"Tue, 18 Jun 2019 18:15:33 +0900",https://www.lib.sophia.ac.jp/opac/opac_openurl?ncid=BB28066684,
4896942523,西欧中世宝石誌の世界 : アルベルトゥス・マグヌス『鉱物書』を読む,"Albertus, 1193?-1280,大槻, 真一郎, 1926-2016,澤元, 亙, 1965-,アルベルトゥス・マグヌス [著],大槻真一郎 著,澤元亙 編",八坂書房,"Wed, 12 Sep 2018 07:10:39 +0900",https://www.lib.sophia.ac.jp/opac/opac_openurl?ncid=BB26857849,
4896942337,ピカトリクス : 中世星辰魔術集成,"大橋,喜之,1955-",八坂書房,201704,https://www.lib.sophia.ac.jp/opac/opac_openurl?ncid=BB23575749,
4105067060,性の歴史 3,"Foucault,Michel,1926-1984",新潮社,198704,https://www.lib.sophia.ac.jp/opac/opac_openurl?ncid=BN01003699,
4105067052,性の歴史 2,"Foucault,Michel,1926-1984",新潮社,198610,https://www.lib.sophia.ac.jp/opac/opac_openurl?ncid=BN00561207,
4105067044,性の歴史 1,"Foucault,Michel,1926-1984",新潮社,198609,https://www.lib.sophia.ac.jp/opac/opac_openurl?ncid=BN00482202,
456050931X,フェティシズム 931 (文庫クセジュ),"Assoun,Paul-Laurent,1948- 西尾,彰泰 守谷,てるみ",白水社,200812,https://www.lib.sophia.ac.jp/opac/opac_openurl?ncid=BA8822579X,
4894348241,快楽の歴史,"Corbin,Alain,1936- 尾河,直哉,1958-",藤原書店,201110,https://www.lib.sophia.ac.jp/opac/opac_openurl?ncid=BB07235014,
4756602746,ポルノグラフィの発明,リン・ハント／編著 正岡和恵／訳 末廣幹／訳,ありな書房,20020801,https://www.lib.sophia.ac.jp/opac/opac_openurl?ncid=BA58464463,
4753103471,フェティッシュとは何か,ウィリアム・ピーツ／著 杉本隆司／翻訳,以文社,20180816,https://www.lib.sophia.ac.jp/opac/opac_openurl?ncid=BB2672780X,
4759818146,性倒錯者 : だれもが秘める愛の逸脱,"Bering,Jesse,1975- 鈴木,光太郎,1954-",化学同人,201601,https://www.lib.sophia.ac.jp/opac/opac_openurl?ncid=BB20578332,
4887217927,ニューヨーク地下都市の歴史,"Solis,Julia 綿倉,実香",東洋書林,201107,https://www.lib.sophia.ac.jp/opac/opac_openurl?ncid=BB06454373,
4887217935,ベルリン地下都市の歴史,"Arnold,Dietmar,1964- Arnold,Ingmar,1967- Salm,Frieder,1962- ほか",東洋書林,201109,https://www.lib.sophia.ac.jp/opac/opac_openurl?ncid=BB06972163,
4887217730,パリ地下都市の歴史,"Liehr,Günter,1949- Faÿ,Olivier,1966- 古川,まり,1962-",東洋書林,200909,https://www.lib.sophia.ac.jp/opac/opac_openurl?ncid=BA91531852,
4896941683,図説西洋護符大全 : 魔法・呪術・迷信の博物誌,"Kriss-Rettenbeck,Lenz,1923-2005 Hansmann,Liselotte,1917- ほか",八坂書房,201405,https://www.lib.sophia.ac.jp/opac/opac_openurl?ncid=BB15581462,
4562056010,赤の歴史文化図鑑,"Pastoureau,Michel,1947- 蔵持,不三也,1946- 城谷,民世",原書房,201810,https://www.lib.sophia.ac.jp/opac/opac_openurl?ncid=BB26944466,
4309227686,黒の服飾史,"徳井,淑子,1949-",河出書房新社,201905,https://www.lib.sophia.ac.jp/opac/opac_openurl?ncid=BB28211127,
4839965366,ARの教科書,"Schmalstieg,Dieter Höllerer,Tobias,1970- 池田,聖 ほか",マイナビ出版,201807,https://www.lib.sophia.ac.jp/opac/opac_openurl?ncid=BB26535401,
4894347326,身体の歴史 1,"Corbin,Alain,1936- Courtine,Jean-Jacques Vigarello,Georges,1941- ほか",藤原書店,201003,https://www.lib.sophia.ac.jp/opac/opac_openurl?ncid=BB01562914,
4890134670,異常心理学大事典,"Seligman, Martin E. P, 1942-,Walker, Elaine F,Rosenhan, David L,上里, 一郎, 1933-2011,瀬戸, 正弘, 1966-,三浦, 正江, 1969-,M.E.P.セリグマン, E.F.ウォーカー, D.L.ローゼンハン 著,上里一郎, 瀬戸正弘, 三浦正江 監訳",西村書店,"Fri, 9 Sep 2016 00:45:24 +0900",https://www.lib.sophia.ac.jp/opac/opac_openurl?ncid=BB21922863,
4784219676,説話研究を拓く : 説話文学と歴史史料の間に,"倉本,一宏,1958-",思文閣出版,201902,https://www.lib.sophia.ac.jp/opac/opac_openurl?ncid=BB27944574,
4480081976,英文翻訳術,安西徹雄／著,筑摩書房,19950101,https://www.lib.sophia.ac.jp/opac/opac_openurl?ncid=BN12502351,
4794215185,訴えられた遊女ネアイラ : 古代ギリシャのスキャンダラスな裁判騒動,"Hamel,Debra 藤川,芳朗,1944-",草思社,200608,https://www.lib.sophia.ac.jp/opac/opac_openurl?ncid=BA78198930,
4791771419,記号とシンボルの事典 : 知ってそうで知らなかった100のはなし,"Webb,Stephen,1963- 松浦,俊輔,1956-",青土社,201902,https://www.lib.sophia.ac.jp/opac/opac_openurl?ncid=BB27687030,
4896948181,西洋シンボル事典 : キリスト教美術の記号とイメージ,"Heinz-Mohr,Gerd,1913-1989 野村,太郎,1927- 小林,頼子,1948-",八坂書房,200306,https://www.lib.sophia.ac.jp/opac/opac_openurl?ncid=BA62887813,
4562051256,英国の幽霊伝説 : フォト・ストーリー : ナショナル・トラストの建物と怪奇現象,"Evans,Siân 村上,リコ 田口,未和",原書房,201501,https://www.lib.sophia.ac.jp/opac/opac_openurl?ncid=BB1794831X,
4480095349,数学で何が重要か,志村五郎／著,筑摩書房,20130501,https://www.lib.sophia.ac.jp/opac/opac_openurl?ncid=BB12393422,
4480094393,数学の好きな人のために : 続・数学をいかに使うか / ちくま学芸文庫 ; シ20-3. [Math & science],"志村, 五郎, 1930-2019,志村五郎 著",筑摩書房,"Thu, 16 May 2019 07:07:39 +0900",https://www.lib.sophia.ac.jp/opac/opac_openurl?ncid=BB08282144,https://mathlib-sophia.opac.jp/opac/Advanced_search/search?isbn=9784480094391&mtl1=1&mtl2=1&mtl3=1&mtl4=1&mtl5=1
4480093257,数学をいかに使うか,志村五郎／著,筑摩書房,20101201,https://www.lib.sophia.ac.jp/opac/opac_openurl?ncid=BB04212431,https://mathlib-sophia.opac.jp/opac/Advanced_search/search?isbn=9784480093257&mtl1=1&mtl2=1&mtl3=1&mtl4=1&mtl5=1
4805753293,続　　剣と愛と 中世ロマニアの文学 40 (中央大学人文科学研究所研究叢書),中央大学人文科学研究所／編,中央大学出版部,20061109,https://www.lib.sophia.ac.jp/opac/opac_openurl?ncid=BA68316713,
4807909312,狂気の科学 : 真面目な科学者たちの奇態な実験. 続,"Schneider,RetoU.,1963- 石浦,章一,1950- 大塚,仁子,1958- ほか",東京化学同人,201803,https://www.lib.sophia.ac.jp/opac/opac_openurl?ncid=BB18708741,
