title,url
2.5次元の誘惑,https://ja.wikipedia.org/?curid=4090737
2b2t,https://ja.wikipedia.org/?curid=4284458
3Blue1Brown,https://ja.wikipedia.org/?curid=4818754
3DCGソフトウェアの歴史,https://ja.wikipedia.org/?curid=3539235
7つのヴェールの踊り,https://ja.wikipedia.org/?curid=3540958
87CLOCKERS,https://ja.wikipedia.org/?curid=2556649
Archive Team,https://ja.wikipedia.org/?curid=3922041
BDSMの一覧,https://ja.wikipedia.org/?curid=4257915
Beowulf,https://ja.wikipedia.org/?curid=5934
Berkeley Open Infrastructure for Network Computing,https://ja.wikipedia.org/?curid=258799
BlackArch Linux,https://ja.wikipedia.org/?curid=4095197
D3.js,https://ja.wikipedia.org/?curid=2911450
Damsel in distress,https://ja.wikipedia.org/?curid=775832
Doxygen,https://ja.wikipedia.org/?curid=1007109
Egison,https://ja.wikipedia.org/?curid=3720570
FORTRAN 77の言語仕様,https://ja.wikipedia.org/?curid=2620136
GLSL,https://ja.wikipedia.org/?curid=1060467
GNU Wget,https://ja.wikipedia.org/?curid=1729743
Getting Things Done,https://ja.wikipedia.org/?curid=655548
HP-IL,https://ja.wikipedia.org/?curid=3046975
HP 30b,https://ja.wikipedia.org/?curid=3526699
HP 35s,https://ja.wikipedia.org/?curid=3888863
HP 39/40 シリーズ,https://ja.wikipedia.org/?curid=3526310
HP 48 シリーズ,https://ja.wikipedia.org/?curid=3520605
HP 49/50 シリーズ,https://ja.wikipedia.org/?curid=3522745
HP Prime,https://ja.wikipedia.org/?curid=3524019
HP Saturn,https://ja.wikipedia.org/?curid=3529787
HTTrack,https://ja.wikipedia.org/?curid=2873464
Heritrix,https://ja.wikipedia.org/?curid=3246614
IBM 704,https://ja.wikipedia.org/?curid=674397
IEEE 754,https://ja.wikipedia.org/?curid=355612
IOCCC,https://ja.wikipedia.org/?curid=348750
IUPAC命名法,https://ja.wikipedia.org/?curid=29903
In silico,https://ja.wikipedia.org/?curid=19946
JEL分類コード,https://ja.wikipedia.org/?curid=2094282
JSFuck,https://ja.wikipedia.org/?curid=3826871
Jam (自販機本),https://ja.wikipedia.org/?curid=3642006
LEOHEX,https://ja.wikipedia.org/?curid=4158997
Leela Zero,https://ja.wikipedia.org/?curid=4001833
Leet,https://ja.wikipedia.org/?curid=636216
Lua,https://ja.wikipedia.org/?curid=887056
MOD (ファイルフォーマット),https://ja.wikipedia.org/?curid=863752
Mathematica,https://ja.wikipedia.org/?curid=587388
My postillion has been struck by lightning,https://ja.wikipedia.org/?curid=4542253
POV-Ray,https://ja.wikipedia.org/?curid=1946
ParaView,https://ja.wikipedia.org/?curid=2204335
Peacenotwar,https://ja.wikipedia.org/?curid=4772455
RPL (プログラミング言語),https://ja.wikipedia.org/?curid=3531602
Second Life,https://ja.wikipedia.org/?curid=492163
Smart Game Format,https://ja.wikipedia.org/?curid=533768
Stockfish,https://ja.wikipedia.org/?curid=3206063
TI-84 Plus シリーズ,https://ja.wikipedia.org/?curid=3512310
TI-92シリーズ,https://ja.wikipedia.org/?curid=799776
TI-Nspireシリーズ,https://ja.wikipedia.org/?curid=2285130
Thou,https://ja.wikipedia.org/?curid=3348953
Three.js,https://ja.wikipedia.org/?curid=2911468
WebVR,https://ja.wikipedia.org/?curid=3899096
WebXRR,https://ja.wikipedia.org/?curid=4052345
WebXR Device API,https://ja.wikipedia.org/?curid=4046454
Wizard Bible事件,https://ja.wikipedia.org/?curid=3953234
Wolfram Alpha,https://ja.wikipedia.org/?curid=1794117
World Community Grid,https://ja.wikipedia.org/?curid=999420
Youtube-dl,https://ja.wikipedia.org/?curid=3914507
かて飯,https://ja.wikipedia.org/?curid=3098001
アジュール (紋章学),https://ja.wikipedia.org/?curid=1287338
アストラル投射,https://ja.wikipedia.org/?curid=263633
アッラーフの99の美名,https://ja.wikipedia.org/?curid=1608008
アトリビュート,https://ja.wikipedia.org/?curid=1303332
アナログコンピュータ,https://ja.wikipedia.org/?curid=2679544
アネクドート,https://ja.wikipedia.org/?curid=605449
アラートループ事件,https://ja.wikipedia.org/?curid=3915958
アープ・アトラス,https://ja.wikipedia.org/?curid=2765803
イギリスの死体盗掘人,https://ja.wikipedia.org/?curid=3665747
イブニングドレス,https://ja.wikipedia.org/?curid=1524669
インフラツーリズム,https://ja.wikipedia.org/?curid=3438604
インヴェンションとシンフォニア,https://ja.wikipedia.org/?curid=1004941
ウェイバックマシン,https://ja.wikipedia.org/?curid=2704707
ウェブアーカイブ,https://ja.wikipedia.org/?curid=503719
ウガリット神話,https://ja.wikipedia.org/?curid=52184
ウラジーミル・プロップ,https://ja.wikipedia.org/?curid=712213
ウル王朝のゲーム,https://ja.wikipedia.org/?curid=4709663
エリファス・レヴィ,https://ja.wikipedia.org/?curid=42996
オペラグローブ,https://ja.wikipedia.org/?curid=3095424
オペラ・グローブ,https://ja.wikipedia.org/?curid=4225155
オラショ,https://ja.wikipedia.org/?curid=79409
オン・ザ・ルーフス,https://ja.wikipedia.org/?curid=3838332
オープンフィンガーグローブ,https://ja.wikipedia.org/?curid=751392
カウンターテナー,https://ja.wikipedia.org/?curid=147547
カスタムオーダーメイド3D2,https://ja.wikipedia.org/?curid=3780259
カニングフォーク,https://ja.wikipedia.org/?curid=1611404
カバラ,https://ja.wikipedia.org/?curid=43957
カルミナ・ブラーナ,https://ja.wikipedia.org/?curid=250489
ガフの部屋,https://ja.wikipedia.org/?curid=389312
ガラテイア,https://ja.wikipedia.org/?curid=637169
キャットスーツ,https://ja.wikipedia.org/?curid=4245927
キャプチャー・ザ・フラッグ,https://ja.wikipedia.org/?curid=897159
キリスト教諸教派の一覧,https://ja.wikipedia.org/?curid=24752
ギガス写本,https://ja.wikipedia.org/?curid=2289963
クリフォト,https://ja.wikipedia.org/?curid=281408
クワイン (プログラミング),https://ja.wikipedia.org/?curid=1316731
グッバイ、レーニン!,https://ja.wikipedia.org/?curid=309402
グラフ理論,https://ja.wikipedia.org/?curid=991
グラフ電卓,https://ja.wikipedia.org/?curid=3418622
グリコレーティング,https://ja.wikipedia.org/?curid=3548604
グリム童話,https://ja.wikipedia.org/?curid=73544
グリモワール,https://ja.wikipedia.org/?curid=7415
グレブナー基底,https://ja.wikipedia.org/?curid=2031877
グレン・グールド,https://ja.wikipedia.org/?curid=85398
ゲームAI,https://ja.wikipedia.org/?curid=4808183
コア戦争,https://ja.wikipedia.org/?curid=413638
コンテンツ産業,https://ja.wikipedia.org/?curid=1530853
コンピュータオリンピアード,https://ja.wikipedia.org/?curid=2094982
コンピュータゲームにおける人工知能,https://ja.wikipedia.org/?curid=2643528
コンピュータ将棋,https://ja.wikipedia.org/?curid=1442898
ゴーストタウン,https://ja.wikipedia.org/?curid=81767
サイバーテロ,https://ja.wikipedia.org/?curid=180760
サンヘドリン,https://ja.wikipedia.org/?curid=66289
シジル (オカルト),https://ja.wikipedia.org/?curid=1571266
シュルレアリスム,https://ja.wikipedia.org/?curid=18397
シン・エヴァンゲリオン劇場版,https://ja.wikipedia.org/?curid=3816436
ジュブナイル,https://ja.wikipedia.org/?curid=74146
ジョン・ウィリー,https://ja.wikipedia.org/?curid=692279
スウィート・グウェンドリン,https://ja.wikipedia.org/?curid=692365
スタンガン,https://ja.wikipedia.org/?curid=417668
スノープス,https://ja.wikipedia.org/?curid=3703287
スパンデックス,https://ja.wikipedia.org/?curid=1878202
スーパーコンピュータ技術史,https://ja.wikipedia.org/?curid=534184
ソフトウェア・シンセサイザー,https://ja.wikipedia.org/?curid=687882
タッパーの自己言及式,https://ja.wikipedia.org/?curid=2731553
タラ・キャリコ失踪事件,https://ja.wikipedia.org/?curid=3798625
タンタンの冒険,https://ja.wikipedia.org/?curid=88101
タンポポ (映画),https://ja.wikipedia.org/?curid=153243
ターフェルムジーク,https://ja.wikipedia.org/?curid=1257735
ダフィー (歌手),https://ja.wikipedia.org/?curid=1514106
チェレスタ,https://ja.wikipedia.org/?curid=1172959
チップチューン,https://ja.wikipedia.org/?curid=42921
テキサス・インスツルメンツ署名鍵論争,https://ja.wikipedia.org/?curid=4185533
テロリズム,https://ja.wikipedia.org/?curid=1778095
テーザー銃,https://ja.wikipedia.org/?curid=1162290
テープギャグ,https://ja.wikipedia.org/?curid=1689924
デカダンス,https://ja.wikipedia.org/?curid=448314
デジタルアーカイブ,https://ja.wikipedia.org/?curid=707215
デジタルジレンマ,https://ja.wikipedia.org/?curid=2988481
デジタル・ヒューマニティーズ,https://ja.wikipedia.org/?curid=2173629
データベース消費,https://ja.wikipedia.org/?curid=2225737
ドリーム小説,https://ja.wikipedia.org/?curid=437137
ドレスフェティシズム,https://ja.wikipedia.org/?curid=1493735
ニーソックス,https://ja.wikipedia.org/?curid=144933
ハイパーハードボイルドグルメリポート,https://ja.wikipedia.org/?curid=4082775
ハイパーレクシア,https://ja.wikipedia.org/?curid=737193
ハイブリッドコンピュータ,https://ja.wikipedia.org/?curid=1340161
ハードウェア記述言語,https://ja.wikipedia.org/?curid=157449
バイブレータ (性具),https://ja.wikipedia.org/?curid=1076464
パイノパイノパイ,https://ja.wikipedia.org/?curid=327881
パイプ爆弾,https://ja.wikipedia.org/?curid=150697
パイロットランプ,https://ja.wikipedia.org/?curid=1682329
ヒト以外による選挙への立候補,https://ja.wikipedia.org/?curid=2756202
ヒュパティア,https://ja.wikipedia.org/?curid=583099
ヒューレット・パッカードの電卓,https://ja.wikipedia.org/?curid=3899365
ビリヤードボール・コンピュータ,https://ja.wikipedia.org/?curid=2030067
ピトケアン諸島少女性的暴行事件,https://ja.wikipedia.org/?curid=1604487
ピュグマリオーン,https://ja.wikipedia.org/?curid=6295
フィルターバブル,https://ja.wikipedia.org/?curid=3406936
フェアリーチェス,https://ja.wikipedia.org/?curid=4206588
フェムドム,https://ja.wikipedia.org/?curid=573415
フランスもの,https://ja.wikipedia.org/?curid=1666691
プログラミングコンテスト,https://ja.wikipedia.org/?curid=3463299
プログラミング言語一覧,https://ja.wikipedia.org/?curid=24150
プログラム電卓,https://ja.wikipedia.org/?curid=2544516
プログラ厶コンテスト,https://ja.wikipedia.org/?curid=-1
プロット・デバイス,https://ja.wikipedia.org/?curid=4443086
ヘンギストとホルサ,https://ja.wikipedia.org/?curid=4026300
ヘンリー・ダーガー,https://ja.wikipedia.org/?curid=109109
ベーシック英語,https://ja.wikipedia.org/?curid=290601
ペンタクル,https://ja.wikipedia.org/?curid=932604
ペントハウスアパートメント,https://ja.wikipedia.org/?curid=3295898
ボンデージ,https://ja.wikipedia.org/?curid=151578
ボンデージ・スーツ,https://ja.wikipedia.org/?curid=2201835
ボンデージ・モデル,https://ja.wikipedia.org/?curid=40892
ボーカルシンセサイザー,https://ja.wikipedia.org/?curid=2568856
ボードゲーム,https://ja.wikipedia.org/?curid=1489
ポモドーロ・テクニック,https://ja.wikipedia.org/?curid=4114842
マクガフィン,https://ja.wikipedia.org/?curid=254870
マグレガー・メイザース,https://ja.wikipedia.org/?curid=44023
マゴットセラピー,https://ja.wikipedia.org/?curid=1569538
マルカンドレ・アムラン,https://ja.wikipedia.org/?curid=372024
マント,https://ja.wikipedia.org/?curid=333390
ミドラーシュ,https://ja.wikipedia.org/?curid=386279
モダニズム建築,https://ja.wikipedia.org/?curid=130667
モニターグラフィックスデザイン,https://ja.wikipedia.org/?curid=2748150
ヤングアダルト,https://ja.wikipedia.org/?curid=13686
ユダヤ古代誌,https://ja.wikipedia.org/?curid=3525140
ユニケージ開発手法,https://ja.wikipedia.org/?curid=2220688
ラバーフェティシズム,https://ja.wikipedia.org/?curid=494022
ラブドール,https://ja.wikipedia.org/?curid=409757
リスニング四天王,https://ja.wikipedia.org/?curid=3899954
リトルブラックドレス,https://ja.wikipedia.org/?curid=1855448
リョナ,https://ja.wikipedia.org/?curid=3722268
ルドロジー,https://ja.wikipedia.org/?curid=1882378
ルネサンス音楽,https://ja.wikipedia.org/?curid=1335986
ルパン三世のテーマ,https://ja.wikipedia.org/?curid=853127
ルーブ・ゴールドバーグ・マシン,https://ja.wikipedia.org/?curid=560742
レディ・ジェーン・グレイの処刑,https://ja.wikipedia.org/?curid=3852933
レーション,https://ja.wikipedia.org/?curid=185692
レーベンシュタイン距離,https://ja.wikipedia.org/?curid=233068
ロゴタイプ,https://ja.wikipedia.org/?curid=451031
一松信,https://ja.wikipedia.org/?curid=1772248
三輪清宗,https://ja.wikipedia.org/?curid=1063411
世紀末芸術,https://ja.wikipedia.org/?curid=1022197
中世西洋音楽,https://ja.wikipedia.org/?curid=15710
久山道彦,https://ja.wikipedia.org/?curid=4219190
乙女戦争,https://ja.wikipedia.org/?curid=2583862
乙女戦争 ディーヴチー・ヴァールカ,https://ja.wikipedia.org/?curid=3610964
九つの薬草の呪文,https://ja.wikipedia.org/?curid=2221125
九人の魔女,https://ja.wikipedia.org/?curid=4022119
今野浩,https://ja.wikipedia.org/?curid=2272558
仮説検定,https://ja.wikipedia.org/?curid=374236
任意精度演算,https://ja.wikipedia.org/?curid=732173
伝説の生物一覧,https://ja.wikipedia.org/?curid=243258
元素の系統名,https://ja.wikipedia.org/?curid=37121
児童文学,https://ja.wikipedia.org/?curid=5464
北欧神話にみられるヴァルキュリヤの名前一覧,https://ja.wikipedia.org/?curid=2366070
十字,https://ja.wikipedia.org/?curid=78683
口笛言語,https://ja.wikipedia.org/?curid=4197237
古事談,https://ja.wikipedia.org/?curid=203523
古今著聞集,https://ja.wikipedia.org/?curid=203584
古代西洋音楽,https://ja.wikipedia.org/?curid=154788
召喚魔術,https://ja.wikipedia.org/?curid=181970
史学史,https://ja.wikipedia.org/?curid=670642
図書分類法,https://ja.wikipedia.org/?curid=826671
図書目録,https://ja.wikipedia.org/?curid=1899597
国際標準化機構が定める国際標準一覧,https://ja.wikipedia.org/?curid=2318034
地下経済,https://ja.wikipedia.org/?curid=436989
境界科学,https://ja.wikipedia.org/?curid=2749722
変則チェス,https://ja.wikipedia.org/?curid=329308
変則将棋,https://ja.wikipedia.org/?curid=1702166
大将棋,https://ja.wikipedia.org/?curid=45747
大局将棋,https://ja.wikipedia.org/?curid=39926
大橋家,https://ja.wikipedia.org/?curid=270693
大衆文学研究会,https://ja.wikipedia.org/?curid=3481446
学問の一覧,https://ja.wikipedia.org/?curid=1621912
学園都市 (とある魔術の禁書目録),https://ja.wikipedia.org/?curid=2422028
安田洋祐,https://ja.wikipedia.org/?curid=2152243
定義域の着色,https://ja.wikipedia.org/?curid=3724614
家政婦は見た!,https://ja.wikipedia.org/?curid=445363
密輸,https://ja.wikipedia.org/?curid=54787
小屋平ダム,https://ja.wikipedia.org/?curid=2027904
小林ハル,https://ja.wikipedia.org/?curid=242867
幕末百話,https://ja.wikipedia.org/?curid=552702
年代記,https://ja.wikipedia.org/?curid=172887
幻島,https://ja.wikipedia.org/?curid=4790613
幻想文学,https://ja.wikipedia.org/?curid=979965
幻想絵画,https://ja.wikipedia.org/?curid=207136
弱者男性,https://ja.wikipedia.org/?curid=4540827
形式手法,https://ja.wikipedia.org/?curid=753210
性的ロールプレイ,https://ja.wikipedia.org/?curid=743872
怪盗,https://ja.wikipedia.org/?curid=337373
怪盗レッド,https://ja.wikipedia.org/?curid=4197782
情報処理技術者試験,https://ja.wikipedia.org/?curid=114909
手袋,https://ja.wikipedia.org/?curid=165241
批判的思考,https://ja.wikipedia.org/?curid=1047459
投扇興,https://ja.wikipedia.org/?curid=483919
捕縄術,https://ja.wikipedia.org/?curid=28185
摩訶大大将棋,https://ja.wikipedia.org/?curid=45802
攻玉社中学校・高等学校,https://ja.wikipedia.org/?curid=1387696
数値解析,https://ja.wikipedia.org/?curid=13005
数字であそぼ。,https://ja.wikipedia.org/?curid=4247236
数式処理システム,https://ja.wikipedia.org/?curid=98067
文語体,https://ja.wikipedia.org/?curid=528441
料理・グルメ漫画,https://ja.wikipedia.org/?curid=22250
旗章学用語,https://ja.wikipedia.org/?curid=706657
日本酒の歴史,https://ja.wikipedia.org/?curid=630683
時代考証,https://ja.wikipedia.org/?curid=928429
暗殺,https://ja.wikipedia.org/?curid=1496685
暗殺事件の一覧,https://ja.wikipedia.org/?curid=944240
暗視装置,https://ja.wikipedia.org/?curid=319649
暴力団,https://ja.wikipedia.org/?curid=1724629
書体,https://ja.wikipedia.org/?curid=41158
書誌学,https://ja.wikipedia.org/?curid=202043
最適化問題,https://ja.wikipedia.org/?curid=10598
月と太陽のめぐり,https://ja.wikipedia.org/?curid=2303390
朝7時に湯治場で二流のオーケストラによって初見で演奏された「さまよえるオランダ人」序曲,https://ja.wikipedia.org/?curid=1360655
未発見元素の一覧,https://ja.wikipedia.org/?curid=197459
本しゅす,https://ja.wikipedia.org/?curid=186023
東方の三博士,https://ja.wikipedia.org/?curid=124170
板歩きの刑,https://ja.wikipedia.org/?curid=3696017
柳田賞,https://ja.wikipedia.org/?curid=3830356
栄光の手,https://ja.wikipedia.org/?curid=4527464
椿井文書,https://ja.wikipedia.org/?curid=4312993
機動阻止システム,https://ja.wikipedia.org/?curid=1001832
歌い骸骨,https://ja.wikipedia.org/?curid=940855
水責め,https://ja.wikipedia.org/?curid=30368
江口之隆,https://ja.wikipedia.org/?curid=490851
池上俊一,https://ja.wikipedia.org/?curid=1593493
泉 (デュシャン),https://ja.wikipedia.org/?curid=3368646
淫紋,https://ja.wikipedia.org/?curid=4020885
漫画評論,https://ja.wikipedia.org/?curid=404615
無限アラート事件,https://ja.wikipedia.org/?curid=4041442
燃える人の舞踏会,https://ja.wikipedia.org/?curid=3852239
爆縮レンズ,https://ja.wikipedia.org/?curid=105924
物理演算エンジン,https://ja.wikipedia.org/?curid=1753567
特殊奏法,https://ja.wikipedia.org/?curid=229004
猿轡,https://ja.wikipedia.org/?curid=71298
王殺し,https://ja.wikipedia.org/?curid=1646890
珍しい死の一覧,https://ja.wikipedia.org/?curid=3734883
珍地名,https://ja.wikipedia.org/?curid=713442
生命の樹,https://ja.wikipedia.org/?curid=4114277
生命の樹 (キリスト教),https://ja.wikipedia.org/?curid=4114624
生命の樹 (旧約聖書),https://ja.wikipedia.org/?curid=24735
生物兵器,https://ja.wikipedia.org/?curid=22768
田邊剛,https://ja.wikipedia.org/?curid=1573946
甲子夜話,https://ja.wikipedia.org/?curid=1893809
異端,https://ja.wikipedia.org/?curid=25735
疑存島,https://ja.wikipedia.org/?curid=1682908
皮肉記号,https://ja.wikipedia.org/?curid=4052906
相棒の登場人物,https://ja.wikipedia.org/?curid=3891398
真希波・マリ・イラストリアス,https://ja.wikipedia.org/?curid=1862341
眼閃,https://ja.wikipedia.org/?curid=2559587
着衣セックス,https://ja.wikipedia.org/?curid=968386
神取道宏,https://ja.wikipedia.org/?curid=466583
神秘学,https://ja.wikipedia.org/?curid=8905
神話学,https://ja.wikipedia.org/?curid=1377621
私の騎乗御者が雷に打たれました,https://ja.wikipedia.org/?curid=4596617
秘密基地,https://ja.wikipedia.org/?curid=815542
童貞を殺す服,https://ja.wikipedia.org/?curid=4447318
競技プログラミング,https://ja.wikipedia.org/?curid=3462643
竹内関数,https://ja.wikipedia.org/?curid=1179741
約物,https://ja.wikipedia.org/?curid=68176
紋章,https://ja.wikipedia.org/?curid=34694
紋章学,https://ja.wikipedia.org/?curid=44061
納本制度,https://ja.wikipedia.org/?curid=326607
組織犯罪,https://ja.wikipedia.org/?curid=691480
経済成長の黄金律,https://ja.wikipedia.org/?curid=3295238
絶対領域,https://ja.wikipedia.org/?curid=363234
緊縛,https://ja.wikipedia.org/?curid=28184
総説論文,https://ja.wikipedia.org/?curid=3419650
聖書の誤記,https://ja.wikipedia.org/?curid=3533343
脚フェティシズム,https://ja.wikipedia.org/?curid=98496
脱出術,https://ja.wikipedia.org/?curid=3888504
自動定理証明,https://ja.wikipedia.org/?curid=769230
自動微分,https://ja.wikipedia.org/?curid=2022346
自動推論,https://ja.wikipedia.org/?curid=822022
荒俣宏,https://ja.wikipedia.org/?curid=1151
薔薇の名前,https://ja.wikipedia.org/?curid=4562
藤村操,https://ja.wikipedia.org/?curid=8824
蛙化現象,https://ja.wikipedia.org/?curid=4659631
角川つばさ文庫,https://ja.wikipedia.org/?curid=1672998
解離性同一性障害,https://ja.wikipedia.org/?curid=549464
計算機科学,https://ja.wikipedia.org/?curid=2260
計算社会科学,https://ja.wikipedia.org/?curid=3439759
計算科学,https://ja.wikipedia.org/?curid=532919
詩的許容,https://ja.wikipedia.org/?curid=4705275
詭弁,https://ja.wikipedia.org/?curid=220698
軍隊調理法,https://ja.wikipedia.org/?curid=819364
近代魔術,https://ja.wikipedia.org/?curid=383345
追加多言語面,https://ja.wikipedia.org/?curid=1096382
通俗心理学,https://ja.wikipedia.org/?curid=301237
通信機能抑止装置,https://ja.wikipedia.org/?curid=1638534
週刊 歴史のミステリー,https://ja.wikipedia.org/?curid=1350926
銀の星,https://ja.wikipedia.org/?curid=1673410
錬金術,https://ja.wikipedia.org/?curid=5755
錬金術記号,https://ja.wikipedia.org/?curid=2584300
長老支配,https://ja.wikipedia.org/?curid=1888884
関数電卓,https://ja.wikipedia.org/?curid=211615
隠し通路,https://ja.wikipedia.org/?curid=3859889
電卓の一覧,https://ja.wikipedia.org/?curid=743051
電波ジャック,https://ja.wikipedia.org/?curid=1195142
非写実的レンダリング,https://ja.wikipedia.org/?curid=3744207
非現実の王国で,https://ja.wikipedia.org/?curid=108453
非致死性兵器,https://ja.wikipedia.org/?curid=1003450
音楽の冗談,https://ja.wikipedia.org/?curid=439966
音源モジュール,https://ja.wikipedia.org/?curid=270504
音響兵器,https://ja.wikipedia.org/?curid=328622
須川亜紀子,https://ja.wikipedia.org/?curid=4400197
類別トリック集成,https://ja.wikipedia.org/?curid=932665
首都圏外郭放水路,https://ja.wikipedia.org/?curid=283768
高性能計算,https://ja.wikipedia.org/?curid=759069
高橋直大,https://ja.wikipedia.org/?curid=2949346
魔法円,https://ja.wikipedia.org/?curid=278432
魔術,https://ja.wikipedia.org/?curid=23757
黄金の夜明け団,https://ja.wikipedia.org/?curid=4639
黒い絵,https://ja.wikipedia.org/?curid=6619
利用者:DMAEisSugar,https://ja.wikipedia.org/?curid=3902055
利用者:Daraku K./Wikipediaで使えない情報源,https://ja.wikipedia.org/?curid=3868387
利用者:Darklanlan,https://ja.wikipedia.org/?curid=1969106
利用者:Monadaisuki,https://ja.wikipedia.org/?curid=3905901
利用者:Sanctus,https://ja.wikipedia.org/?curid=436623
利用者:Stepney-I.C.I./sandbox,https://ja.wikipedia.org/?curid=3849877
利用者:Stepney-I.C.I./sandbox2,https://ja.wikipedia.org/?curid=3911941
利用者:Stepney-I.C.I./sandbox3,https://ja.wikipedia.org/?curid=3917237
利用者:Stepney-I.C.I./sandbox4,https://ja.wikipedia.org/?curid=3924989
利用者:Stepney-I.C.I./sandbox5,https://ja.wikipedia.org/?curid=3924990
利用者:Stepney-I.C.I./sandbox6,https://ja.wikipedia.org/?curid=3924995
利用者:Stepney-I.C.I./sandbox7,https://ja.wikipedia.org/?curid=3926721
利用者:Stepney-I.C.I./sandbox8,https://ja.wikipedia.org/?curid=4184250
利用者:Stepney-I.C.I./sandbox9,https://ja.wikipedia.org/?curid=4185392
利用者:さえぼー/過去ログ1,https://ja.wikipedia.org/?curid=-1
利用者:さえぼー/過去ログ2,https://ja.wikipedia.org/?curid=-1
利用者:利用者‐会話:さえぼー/過去ログ2,https://ja.wikipedia.org/?curid=-1
利用者:新規作成,https://ja.wikipedia.org/?curid=3054814
Wikipedia:Bot,https://ja.wikipedia.org/?curid=1139
Wikipedia:FAQ 翻訳,https://ja.wikipedia.org/?curid=4876
Wikipedia:HotCat,https://ja.wikipedia.org/?curid=2184836
Wikipedia:なぜウィキペディアは素晴らしくないのか,https://ja.wikipedia.org/?curid=3258
Wikipedia:ウィキプロジェクト,https://ja.wikipedia.org/?curid=10216
Wikipedia:ウィキペディア内でのコピー,https://ja.wikipedia.org/?curid=2536331
Wikipedia:ウィキペディア用語集,https://ja.wikipedia.org/?curid=292
Wikipedia:スタイルマニュアル,https://ja.wikipedia.org/?curid=1845340
Wikipedia:スタイルマニュアル/人物伝,https://ja.wikipedia.org/?curid=30102
Wikipedia:スタイルマニュアル (人物伝),https://ja.wikipedia.org/?curid=4397929
Wikipedia:スタブ,https://ja.wikipedia.org/?curid=339608
Wikipedia:ツール/WikiBlame,https://ja.wikipedia.org/?curid=2168919
Wikipedia:デーモン閣下80,https://ja.wikipedia.org/?curid=-1
Wikipedia:プロジェクト関連文書,https://ja.wikipedia.org/?curid=1463611
Wikipedia:井戸端/subj/"真夏の夜の淫夢"系統に関する記事について,https://ja.wikipedia.org/?curid=3663363
Wikipedia:信頼できる情報源,https://ja.wikipedia.org/?curid=659019
Wikipedia:修正依頼,https://ja.wikipedia.org/?curid=23513
Wikipedia:出典を明記する,https://ja.wikipedia.org/?curid=44368
Wikipedia:加筆依頼,https://ja.wikipedia.org/?curid=66977
Wikipedia:執筆・翻訳者の広場,https://ja.wikipedia.org/?curid=2699600
Wikipedia:多数の言語版にあるが日本語版にない記事,https://ja.wikipedia.org/?curid=2308124
Wikipedia:投稿ブロック依頼/Monadaisuki 20190209,https://ja.wikipedia.org/?curid=3902620
Wikipedia:検証可能性,https://ja.wikipedia.org/?curid=505855
Wikipedia:珍項目,https://ja.wikipedia.org/?curid=849784
Wikipedia:珍項目/選考,https://ja.wikipedia.org/?curid=4652850
Wikipedia:珍項目/選考/history20220902,https://ja.wikipedia.org/?curid=524421
Wikipedia:私論,https://ja.wikipedia.org/?curid=3033893
Wikipedia:翻訳のガイドライン,https://ja.wikipedia.org/?curid=1089963
Wikipedia:翻訳依頼,https://ja.wikipedia.org/?curid=4350461
Wikipedia:翻訳依頼/history20210409,https://ja.wikipedia.org/?curid=33240
Wikipedia:表記ガイド,https://ja.wikipedia.org/?curid=62630
Wikipedia:記事を執筆する,https://ja.wikipedia.org/?curid=1198266
Wikipedia:記事名の付け方,https://ja.wikipedia.org/?curid=334
ファイル:ChristianityBranches-2ja.svg,https://ja.wikipedia.org/?curid=-1
ファイル:Jre keihintohoku and yamanote dulanruning.jpg,https://ja.wikipedia.org/?curid=-1
ファイル:Mahuri.svg,https://ja.wikipedia.org/?curid=-1
ファイル:SPOTUS.png,https://ja.wikipedia.org/?curid=-1
ファイル:子供の落書き.JPG,https://ja.wikipedia.org/?curid=-1
Template:Chess piece,https://ja.wikipedia.org/?curid=4185235
Template:Citation Style documentation/cs1,https://ja.wikipedia.org/?curid=4112412
Template:Cite book,https://ja.wikipedia.org/?curid=464639
Template:Cite tweet,https://ja.wikipedia.org/?curid=3348533
Template:Cite web,https://ja.wikipedia.org/?curid=464640
Template:Efn,https://ja.wikipedia.org/?curid=2667453
Template:Efn2,https://ja.wikipedia.org/?curid=3688097
Template:HP calculators,https://ja.wikipedia.org/?curid=3869267
Template:Narrative,https://ja.wikipedia.org/?curid=2520031
Template:Unicode blocks,https://ja.wikipedia.org/?curid=3521899
Template:インターネットスラング,https://ja.wikipedia.org/?curid=3860939
Template:グノーシス主義,https://ja.wikipedia.org/?curid=4298179
Template:コメント2,https://ja.wikipedia.org/?curid=3304755
Template:サウンド・シンセシス方式,https://ja.wikipedia.org/?curid=2700292
Template:出典範囲,https://ja.wikipedia.org/?curid=4609629
Template:将棋類,https://ja.wikipedia.org/?curid=2625003
Template:心の哲学,https://ja.wikipedia.org/?curid=553695
Template:文字,https://ja.wikipedia.org/?curid=3212212
Template:未検証,https://ja.wikipedia.org/?curid=1169176
Template:標準テストアイテム,https://ja.wikipedia.org/?curid=2304331
Template:要検証,https://ja.wikipedia.org/?curid=992520
Template:返信,https://ja.wikipedia.org/?curid=2708589
Template:音声合成,https://ja.wikipedia.org/?curid=2727247
Help:出典表記形式1,https://ja.wikipedia.org/?curid=3922228
Help:利用者サンドボックス,https://ja.wikipedia.org/?curid=2667355
Help:履歴,https://ja.wikipedia.org/?curid=1050982
Help:新規ページの作成,https://ja.wikipedia.org/?curid=2611008
Help:脚注,https://ja.wikipedia.org/?curid=392865
Category:おたく,https://ja.wikipedia.org/?curid=243099
Category:アーカイブズ,https://ja.wikipedia.org/?curid=2699118
Category:カバラ,https://ja.wikipedia.org/?curid=220072
Category:キャラクター類型,https://ja.wikipedia.org/?curid=1274498
Category:ゲーム人工知能,https://ja.wikipedia.org/?curid=4140794
Category:コメントアイコンテンプレート,https://ja.wikipedia.org/?curid=1157592
Category:ストーリー類型,https://ja.wikipedia.org/?curid=1274501
Category:チャトランガ系統のゲーム,https://ja.wikipedia.org/?curid=406408
Category:フィクションのジャンル,https://ja.wikipedia.org/?curid=696871
Category:フェティシズム,https://ja.wikipedia.org/?curid=629560
Category:フェティッシュ・クロージング,https://ja.wikipedia.org/?curid=3910924
Category:ボードゲーム,https://ja.wikipedia.org/?curid=145746
Category:ヨーロッパの伝説の人物,https://ja.wikipedia.org/?curid=2226936
Category:ラテン語の成句,https://ja.wikipedia.org/?curid=862725
Category:修辞技法,https://ja.wikipedia.org/?curid=418554
Category:個別の物体,https://ja.wikipedia.org/?curid=-1
Category:写本,https://ja.wikipedia.org/?curid=546374
Category:処刑方法,https://ja.wikipedia.org/?curid=2057769
Category:利用者の私論,https://ja.wikipedia.org/?curid=1858563
Category:北欧神話の神,https://ja.wikipedia.org/?curid=209210
Category:名数,https://ja.wikipedia.org/?curid=261146
Category:呪術,https://ja.wikipedia.org/?curid=221289
Category:女性君主,https://ja.wikipedia.org/?curid=2562576
Category:女性軍人,https://ja.wikipedia.org/?curid=1800740
Category:将棋類,https://ja.wikipedia.org/?curid=251146
Category:小説のジャンル,https://ja.wikipedia.org/?curid=693458
Category:広く信じられた謬説,https://ja.wikipedia.org/?curid=3328723
Category:性的魅力,https://ja.wikipedia.org/?curid=3743748
Category:抽象戦略ゲーム,https://ja.wikipedia.org/?curid=2078877
Category:数学の分野,https://ja.wikipedia.org/?curid=4013644
Category:日本の反中感情,https://ja.wikipedia.org/?curid=3298225
Category:日本の食文化史,https://ja.wikipedia.org/?curid=4137119
Category:正教会の聖人の称号,https://ja.wikipedia.org/?curid=1639760
Category:消息不明となった人物,https://ja.wikipedia.org/?curid=2279364
Category:物語論,https://ja.wikipedia.org/?curid=1201240
Category:王朝,https://ja.wikipedia.org/?curid=1684074
Category:異常心理学,https://ja.wikipedia.org/?curid=2249242
Category:神話類型,https://ja.wikipedia.org/?curid=320411
Category:絵画のジャンル,https://ja.wikipedia.org/?curid=609467
Category:色,https://ja.wikipedia.org/?curid=232866
Category:色関連のテンプレート,https://ja.wikipedia.org/?curid=1880073
Category:芸術と裸,https://ja.wikipedia.org/?curid=1143931
Category:英語のスラング,https://ja.wikipedia.org/?curid=1937771
Category:英語の言語変種,https://ja.wikipedia.org/?curid=1937761
Category:萌え属性,https://ja.wikipedia.org/?curid=408946
Category:西洋魔術,https://ja.wikipedia.org/?curid=246507
Category:西洋魔術の文献,https://ja.wikipedia.org/?curid=3840424
Category:詩形,https://ja.wikipedia.org/?curid=1457086
Category:身元不明の人物,https://ja.wikipedia.org/?curid=2570440
Category:近接格闘術,https://ja.wikipedia.org/?curid=1840597
Category:都市伝説,https://ja.wikipedia.org/?curid=105338
Category:電子音源の合成方式,https://ja.wikipedia.org/?curid=1047535
Category:非致死性兵器,https://ja.wikipedia.org/?curid=2004405
Category:音声合成,https://ja.wikipedia.org/?curid=1258667
Category:音楽史,https://ja.wikipedia.org/?curid=244265
Category:飲食店を舞台とした作品,https://ja.wikipedia.org/?curid=2275884
