url,type
https://www.tiktok.com/@_taka_nene21/video/7373651859891899649,video
https://www.tiktok.com/@sugarcos_/video/7498644263769541896,video
https://www.tiktok.com/@sugarcos_/video/7425245258008628498,video
https://www.tiktok.com/@sugarcos_/video/7438548580807281938,video
https://www.tiktok.com/@sugarcos_/video/7438912985004920072,video
https://www.tiktok.com/@sugarcos_/video/7440024726065450248,video
https://www.tiktok.com/@sugarcos_/video/7436707525078142216,video
https://www.tiktok.com/@anevi_coser/video/7498292358178524462,video
https://www.tiktok.com/@anevi_coser/video/7499049206758296874,video
https://www.tiktok.com/@sugarcos_/video/7424113270895742226,video
https://www.tiktok.com/@mumeixxx/video/7322422712494738696,video
https://www.tiktok.com/@mumeixxx/video/7466031972544957714,video
https://www.tiktok.com/@mumeixxx/video/7467516331273751815,video
https://www.tiktok.com/@mumeixxx/video/7479762337486933266,video
https://www.tiktok.com/@atarashiikagi/video/7428102505399160072,video
https://www.tiktok.com/@scarletsaya0831/video/7443445227194486036,video
https://www.tiktok.com/@scarletsaya0831/video/7460740473632673041,video
https://www.tiktok.com/@_misha_182_/video/7418113792833260808,video
https://www.tiktok.com/@_misha_182_/video/7403662875585236231,video
https://www.tiktok.com/@sandaltelephone/video/7331366160304262418,video
https://www.tiktok.com/@sandaltelephone/video/7330989854379052306,video
https://www.tiktok.com/@sandaltelephone/video/7330240472708828434,video
https://www.tiktok.com/@sandaltelephone/video/7329868299989306632,video
https://www.tiktok.com/@sandaltelephone/video/7345431397974199559,video
https://www.tiktok.com/@anya_oo7/video/7325386635145694465,video
https://www.tiktok.com/@scarletsaya0831/photo/7138017062525455618,photo
https://www.tiktok.com/@0610tomomoto/photo/7322860796734606593,photo
https://www.tiktok.com/@meiii.yuki/video/7302446958004669729,video
https://www.tiktok.com/@meiii.yuki/video/7308624309147159841,video
https://www.tiktok.com/@meiii.yuki/video/7304412853472202016,video
https://www.tiktok.com/@meiii.yuki/video/7314993981895511328,video
https://www.tiktok.com/@meiii.yuki/video/7308621123674000673,video
https://www.tiktok.com/@4l1x_.0/video/7295537580324556065,video
https://www.tiktok.com/@yuna32m3/video/7123956889175461121,video
https://www.tiktok.com/@scarletsaya0831/video/7205534133098007809,video
https://www.tiktok.com/@yuna32m3/video/7118372391608257793,video
https://www.tiktok.com/@scarletsaya0831/video/7237528516214951170,video
https://www.tiktok.com/@xiaorouseeu1231/video/7198826207012490538,video
https://www.tiktok.com/@agawa_yumi/video/7175161134545210626,video
https://www.tiktok.com/@scarletsaya0831/video/7192170413114330369,video
https://www.tiktok.com/@mumeixxx/video/7218518639497071879,video
https://www.tiktok.com/@mumeixxx/video/7221487441784343816,video
https://www.tiktok.com/@mumeixxx/video/7237794799728790786,video
https://www.tiktok.com/@mumeixxx/video/7247463371644079362,video
https://www.tiktok.com/@mumeixxx/video/7245608347402030337,video