title,html_url
"lodashを使うとjqueryより便利なとき","https://teratail.com/questions/118806"
"クロージャについて詳しく教えてください","https://teratail.com/questions/81245"
"Binary Searchで最小値を出す手順が思いつかない","https://teratail.com/questions/362609"
"コンストラクタは返り値は不要？","https://teratail.com/questions/23939"
"非同期処理以外でのgeneratorの使い道について","https://teratail.com/questions/119940"
"ES6 Classのメソッドについて","https://teratail.com/questions/115904"
"トランポリンの仕組みを教えてください","https://teratail.com/questions/147923"
"node.jsのpuppeteerで並列？処理する方法","https://teratail.com/questions/122568"
"ユニットテストでどこまで確認するのか？","https://teratail.com/questions/278531"
"疎結合って何？","https://teratail.com/questions/70543"
"ES6をIE11でも使えるようにしたい。。。","https://teratail.com/questions/159012"
"Node.jsサーバーで1万の同時接続を処理したい","https://teratail.com/questions/179143"
"既存のリポジトリから新規リポジトリを作成したい","https://teratail.com/questions/31714"
"レンタルサーバーではなくAWSなどのクラウドを使うメリットは？","https://teratail.com/questions/214613"
"モダンなwebアプリケーション開発環境を構築したいです","https://teratail.com/questions/19877"
"【GitHub】他の人の作ったプロジェクトを改造したい","https://teratail.com/questions/66363"
"Gitでのチーム開発時の構成","https://teratail.com/questions/284459"
"python のguiライブラリを使用したソフトが見られない理由は？","https://teratail.com/questions/270873"
"webapiで大量データの取得方法","https://teratail.com/questions/184320"
"APIやJavascriptという言葉の意味について教えて欲しいです。","https://teratail.com/questions/233099"
"なぜdevise等の認証（パスワード）は非可逆なハッシュ化をしているのにログインが出来るのかが分からない","https://teratail.com/questions/222951"
"ネットゲームの通信について","https://teratail.com/questions/206498"
"WebにおけるAPIの種類？","https://teratail.com/questions/60555"
"非公開APIについて","https://teratail.com/questions/134937"
"APIの存在しないWebサービス(Pixiv)の解析方法","https://teratail.com/questions/39920"
"カーネルがC言語で書かれているということが納得できません","https://teratail.com/questions/119363"
"MacやWindows上でわざわざLinuxを使用する理由","https://teratail.com/questions/111384"
"ブランチを切らずに開発を進めるのはどういった時か","https://teratail.com/questions/189992"
"Vimで本格的に開発している人はいるのでしょうか？","https://teratail.com/questions/15548"
"C++における自作ライブラリのインストールについて","https://teratail.com/questions/175949"
"constexprクラスの利点が分からない","https://teratail.com/questions/29870"
"メタプログラミング（コードジェネレーターの作成）の使い所、やりどころがイメージできない","https://teratail.com/questions/138105"
"関数型プログラミングって、使いやすいですか？","https://teratail.com/questions/13649"
