bookmeter_url,amazon_url
https://bookmeter.com/books/383978,https://www.amazon.co.jp/dp/product/4122052424/
https://bookmeter.com/books/17453682,https://www.amazon.co.jp/dp/product/B08T6D5JJX/
https://bookmeter.com/books/14061953,https://www.amazon.co.jp/dp/product/4422390031/
https://bookmeter.com/books/12226492,https://www.amazon.co.jp/dp/product/4778315928/
https://bookmeter.com/books/11673147,https://www.amazon.co.jp/dp/product/4639024703/
https://bookmeter.com/books/80545,https://www.amazon.co.jp/dp/product/4588022180/
https://bookmeter.com/books/11650330,https://www.amazon.co.jp/dp/product/430922699X/
https://bookmeter.com/books/16029861,https://www.amazon.co.jp/dp/product/4635048861/
https://bookmeter.com/books/9763356,https://www.amazon.co.jp/dp/product/4480432841/
https://bookmeter.com/books/406619,https://www.amazon.co.jp/dp/product/4480028188/
https://bookmeter.com/books/15086490,https://www.amazon.co.jp/dp/product/4750349267/
https://bookmeter.com/books/75211,https://www.amazon.co.jp/dp/product/4816919813/
https://bookmeter.com/books/4792361,https://www.amazon.co.jp/dp/product/478776327X/
https://bookmeter.com/books/16691047,https://www.amazon.co.jp/dp/product/B08HMDM9FB/
https://bookmeter.com/books/13138915,https://www.amazon.co.jp/dp/product/B07H2SHTXP/
https://bookmeter.com/books/15543798,https://www.amazon.co.jp/dp/product/4344985842/
https://bookmeter.com/books/17196855,https://www.amazon.co.jp/dp/product/4339009393/
https://bookmeter.com/books/16997306,https://www.amazon.co.jp/dp/product/B08M5Q5PGG/
https://bookmeter.com/books/13991537,https://www.amazon.co.jp/dp/product/B07RXZLKPX/
https://bookmeter.com/books/519120,https://www.amazon.co.jp/dp/product/4480087044/
https://bookmeter.com/books/17258449,https://www.amazon.co.jp/dp/product/4315523275/
https://bookmeter.com/books/17301119,https://www.amazon.co.jp/dp/product/4863134975/
https://bookmeter.com/books/17462426,https://www.amazon.co.jp/dp/product/4865592334/
https://bookmeter.com/books/14441414,https://www.amazon.co.jp/dp/product/4254131291/
https://bookmeter.com/books/5291746,https://www.amazon.co.jp/dp/product/4404042167/
https://bookmeter.com/books/14621694,https://www.amazon.co.jp/dp/product/4274224546/
https://bookmeter.com/books/17412469,https://www.amazon.co.jp/dp/product/4562059079/
https://bookmeter.com/books/951190,https://www.amazon.co.jp/dp/product/4876987971/
https://bookmeter.com/books/5326009,https://www.amazon.co.jp/dp/product/430941172X/
https://bookmeter.com/books/17033768,https://www.amazon.co.jp/dp/product/4873119332/
https://bookmeter.com/books/14927879,https://www.amazon.co.jp/dp/product/4802612168/
https://bookmeter.com/books/16966133,https://www.amazon.co.jp/dp/product/4873119294/
https://bookmeter.com/books/13303058,https://www.amazon.co.jp/dp/product/B07K21T6V8/
https://bookmeter.com/books/152068,https://www.amazon.co.jp/dp/product/4000201018/
https://bookmeter.com/books/10926890,https://www.amazon.co.jp/dp/product/4862852319/
https://bookmeter.com/books/27535,https://www.amazon.co.jp/dp/product/400311521X/
https://bookmeter.com/books/58803,https://www.amazon.co.jp/dp/product/4480091629/
https://bookmeter.com/books/13389084,https://www.amazon.co.jp/dp/product/4121025237/
https://bookmeter.com/books/180934,https://www.amazon.co.jp/dp/product/4535606137/
https://bookmeter.com/books/8103113,https://www.amazon.co.jp/dp/product/4276123739/
https://bookmeter.com/books/1817816,https://www.amazon.co.jp/dp/product/4276123119/
https://bookmeter.com/books/5408780,https://www.amazon.co.jp/dp/product/4621063146/
https://bookmeter.com/books/16385212,https://www.amazon.co.jp/dp/product/4873119200/
https://bookmeter.com/books/16377939,https://www.amazon.co.jp/dp/product/4422203436/
https://bookmeter.com/books/499146,https://www.amazon.co.jp/dp/product/4004202884/
https://bookmeter.com/books/13226416,https://www.amazon.co.jp/dp/product/4260036742/
https://bookmeter.com/books/485114,https://www.amazon.co.jp/dp/product/448042587X/
https://bookmeter.com/books/572755,https://www.amazon.co.jp/dp/product/4480423567/
https://bookmeter.com/books/16718663,https://www.amazon.co.jp/dp/product/4844379038/
https://bookmeter.com/books/15950344,https://www.amazon.co.jp/dp/product/4299004507/
https://bookmeter.com/books/16684161,https://www.amazon.co.jp/dp/product/4121026136/
https://bookmeter.com/books/9040015,https://www.amazon.co.jp/dp/product/463415062X/
https://bookmeter.com/books/9867668,https://www.amazon.co.jp/dp/product/4887218222/
https://bookmeter.com/books/15744397,https://www.amazon.co.jp/dp/product/4309228038/
https://bookmeter.com/books/14324950,https://www.amazon.co.jp/dp/product/4336060398/
https://bookmeter.com/books/11246248,https://www.amazon.co.jp/dp/product/4873117879/
https://bookmeter.com/books/16431999,https://www.amazon.co.jp/dp/product/4297116014/
https://bookmeter.com/books/8311334,https://www.amazon.co.jp/dp/product/4875253141/
https://bookmeter.com/books/495844,https://www.amazon.co.jp/dp/product/4822283119/
https://bookmeter.com/books/10978834,https://www.amazon.co.jp/dp/product/B01DBQQ832/
https://bookmeter.com/books/505960,https://www.amazon.co.jp/dp/product/4309463037/
https://bookmeter.com/books/9814159,https://www.amazon.co.jp/dp/product/4254102739/
https://bookmeter.com/books/15680483,https://www.amazon.co.jp/dp/product/483188779X/
https://bookmeter.com/books/1800066,https://www.amazon.co.jp/dp/product/4385107564/
https://bookmeter.com/books/13634099,https://www.amazon.co.jp/dp/product/4627854714/
https://bookmeter.com/books/14428805,https://www.amazon.co.jp/dp/product/4560097283/
https://bookmeter.com/books/16369969,https://www.amazon.co.jp/dp/product/4750516597/
https://bookmeter.com/books/8128898,https://www.amazon.co.jp/dp/product/B00KAR91K8/
https://bookmeter.com/books/15278726,https://www.amazon.co.jp/dp/product/4022950579/
https://bookmeter.com/books/615252,https://www.amazon.co.jp/dp/product/4339027510/
https://bookmeter.com/books/15589058,https://www.amazon.co.jp/dp/product/4760151931/
https://bookmeter.com/books/9727475,https://www.amazon.co.jp/dp/product/476014580X/
https://bookmeter.com/books/16385104,https://www.amazon.co.jp/dp/product/4488564100/
https://bookmeter.com/books/13113041,https://www.amazon.co.jp/dp/product/4478067317/
https://bookmeter.com/books/9404106,https://www.amazon.co.jp/dp/product/4062922819/
https://bookmeter.com/books/15722269,https://www.amazon.co.jp/dp/product/4044005907/
https://bookmeter.com/books/15868170,https://www.amazon.co.jp/dp/product/4044005915/
https://bookmeter.com/books/12936897,https://www.amazon.co.jp/dp/product/4309253865/
https://bookmeter.com/books/12936896,https://www.amazon.co.jp/dp/product/4309253857/
https://bookmeter.com/books/16038376,https://www.amazon.co.jp/dp/product/4815809933/
https://bookmeter.com/books/15754880,https://www.amazon.co.jp/dp/product/4760150900/
https://bookmeter.com/books/15010544,https://www.amazon.co.jp/dp/product/4562057203/
https://bookmeter.com/books/15529796,https://www.amazon.co.jp/dp/product/4044005303/
https://bookmeter.com/books/14805725,https://www.amazon.co.jp/dp/product/4044005478/
https://bookmeter.com/books/16047824,https://www.amazon.co.jp/dp/product/448009993X/
https://bookmeter.com/books/12861658,https://www.amazon.co.jp/dp/product/4766425197/
https://bookmeter.com/books/50841,https://www.amazon.co.jp/dp/product/4140840412/
https://bookmeter.com/books/14375256,https://www.amazon.co.jp/dp/product/4389201395/
https://bookmeter.com/books/15762012,https://www.amazon.co.jp/dp/product/4839970491/
https://bookmeter.com/books/16073380,https://www.amazon.co.jp/dp/product/B0897Q71KB/
https://bookmeter.com/books/462375,https://www.amazon.co.jp/dp/product/4560073740/
https://bookmeter.com/books/16087061,https://www.amazon.co.jp/dp/product/B089NK1W9H/
https://bookmeter.com/books/14030825,https://www.amazon.co.jp/dp/product/4588622102/
https://bookmeter.com/books/15765584,https://www.amazon.co.jp/dp/product/4004318351/
https://bookmeter.com/books/669883,https://www.amazon.co.jp/dp/product/4787210459/
https://bookmeter.com/books/13116428,https://www.amazon.co.jp/dp/product/4480098844/
https://bookmeter.com/books/9285771,https://www.amazon.co.jp/dp/product/4588140051/
https://bookmeter.com/books/456215,https://www.amazon.co.jp/dp/product/4047034363/
https://bookmeter.com/books/12524641,https://www.amazon.co.jp/dp/product/4422143980/
https://bookmeter.com/books/12641220,https://www.amazon.co.jp/dp/product/483186238X/
https://bookmeter.com/books/9869972,https://www.amazon.co.jp/dp/product/4815808171/
https://bookmeter.com/books/11985396,https://www.amazon.co.jp/dp/product/4560095590/
https://bookmeter.com/books/11088818,https://www.amazon.co.jp/dp/product/4635320146/
https://bookmeter.com/books/657604,https://www.amazon.co.jp/dp/product/4152091665/
https://bookmeter.com/books/7174734,https://www.amazon.co.jp/dp/product/4150503915/
https://bookmeter.com/books/963,https://www.amazon.co.jp/dp/product/4582761089/
https://bookmeter.com/books/364715,https://www.amazon.co.jp/dp/product/4582761046/
https://bookmeter.com/books/1045,https://www.amazon.co.jp/dp/product/4582761127/
https://bookmeter.com/books/1142,https://www.amazon.co.jp/dp/product/4582760996/
https://bookmeter.com/books/240,https://www.amazon.co.jp/dp/product/4582760953/
https://bookmeter.com/books/532333,https://www.amazon.co.jp/dp/product/448006513X/
https://bookmeter.com/books/6396488,https://www.amazon.co.jp/dp/product/4621063014/
https://bookmeter.com/books/13317700,https://www.amazon.co.jp/dp/product/4781617417/
https://bookmeter.com/books/7669034,https://www.amazon.co.jp/dp/product/476490408X/
https://bookmeter.com/books/54199,https://www.amazon.co.jp/dp/product/4309224881/
https://bookmeter.com/books/1883476,https://www.amazon.co.jp/dp/product/4000111442/
https://bookmeter.com/books/12773831,https://www.amazon.co.jp/dp/product/4774197076/
https://bookmeter.com/books/14984271,https://www.amazon.co.jp/dp/product/4041080606/
https://bookmeter.com/books/14243650,https://www.amazon.co.jp/dp/product/4041080592/
https://bookmeter.com/books/13701039,https://www.amazon.co.jp/dp/product/4041080584/
https://bookmeter.com/books/15787376,https://www.amazon.co.jp/dp/product/4041091152/
https://bookmeter.com/books/13149153,https://www.amazon.co.jp/dp/product/4766425677/
https://bookmeter.com/books/13451408,https://www.amazon.co.jp/dp/product/4788516063/
https://bookmeter.com/books/12664489,https://www.amazon.co.jp/dp/product/477419607X/
https://bookmeter.com/books/15433315,https://www.amazon.co.jp/dp/product/433902905X/
https://bookmeter.com/books/13689181,https://www.amazon.co.jp/dp/product/4297105594/
https://bookmeter.com/books/12970040,https://www.amazon.co.jp/dp/product/4873118476/
https://bookmeter.com/books/15405335,https://www.amazon.co.jp/dp/product/4286210456/
https://bookmeter.com/books/647648,https://www.amazon.co.jp/dp/product/4792217091/
https://bookmeter.com/books/14290063,https://www.amazon.co.jp/dp/product/4799325469/
https://bookmeter.com/books/625402,https://www.amazon.co.jp/dp/product/4327452327/
https://bookmeter.com/books/14618059,https://www.amazon.co.jp/dp/product/4627854919/
https://bookmeter.com/books/15417722,https://www.amazon.co.jp/dp/product/4596551537/
https://bookmeter.com/books/15325337,https://www.amazon.co.jp/dp/product/4296105353/
https://bookmeter.com/books/12975630,https://www.amazon.co.jp/dp/product/B07DSJ67FG/
https://bookmeter.com/books/6397543,https://www.amazon.co.jp/dp/product/4535783616/
https://bookmeter.com/books/14776852,https://www.amazon.co.jp/dp/product/4047358533/
https://bookmeter.com/books/8345884,https://www.amazon.co.jp/dp/product/B00JMAILIC/
https://bookmeter.com/books/8224144,https://www.amazon.co.jp/dp/product/4047299111/
https://bookmeter.com/books/10878672,https://www.amazon.co.jp/dp/product/B01DBAXUQQ/
https://bookmeter.com/books/13505843,https://www.amazon.co.jp/dp/product/B07M8ZGGT5/
https://bookmeter.com/books/12979928,https://www.amazon.co.jp/dp/product/4047352888/
https://bookmeter.com/books/9861363,https://www.amazon.co.jp/dp/product/4047308048/
https://bookmeter.com/books/11172747,https://www.amazon.co.jp/dp/product/4047283169/
https://bookmeter.com/books/8233723,https://www.amazon.co.jp/dp/product/448009637X/
https://bookmeter.com/books/11124168,https://www.amazon.co.jp/dp/product/4480433600/
https://bookmeter.com/books/470334,https://www.amazon.co.jp/dp/product/4121007409/
https://bookmeter.com/books/14348990,https://www.amazon.co.jp/dp/product/4065163188/
https://bookmeter.com/books/12179621,https://www.amazon.co.jp/dp/product/4908468141/
https://bookmeter.com/books/8343326,https://www.amazon.co.jp/dp/product/4784511016/
https://bookmeter.com/books/23369,https://www.amazon.co.jp/dp/product/4061595180/
https://bookmeter.com/books/8337029,https://www.amazon.co.jp/dp/product/4000291467/
https://bookmeter.com/books/3498389,https://www.amazon.co.jp/dp/product/4393299272/
https://bookmeter.com/books/3525,https://www.amazon.co.jp/dp/product/4061598066/
https://bookmeter.com/books/11965329,https://www.amazon.co.jp/dp/product/B00U2L3MH0/
https://bookmeter.com/books/14328136,https://www.amazon.co.jp/dp/product/4150505489/
https://bookmeter.com/books/14328135,https://www.amazon.co.jp/dp/product/4150505470/
https://bookmeter.com/books/14725603,https://www.amazon.co.jp/dp/product/4166612417/
https://bookmeter.com/books/14875747,https://www.amazon.co.jp/dp/product/4003600371/
https://bookmeter.com/books/201278,https://www.amazon.co.jp/dp/product/4003326210/
https://bookmeter.com/books/417210,https://www.amazon.co.jp/dp/product/4775300350/
https://bookmeter.com/books/13699555,https://www.amazon.co.jp/dp/product/4778316681/
https://bookmeter.com/books/10166111,https://www.amazon.co.jp/dp/product/4041035511/
https://bookmeter.com/books/8162003,https://www.amazon.co.jp/dp/product/4787273566/
https://bookmeter.com/books/383451,https://www.amazon.co.jp/dp/product/4795244731/
https://bookmeter.com/books/11607851,https://www.amazon.co.jp/dp/product/4794810679/
https://bookmeter.com/books/6799235,https://www.amazon.co.jp/dp/product/4758013241/
https://bookmeter.com/books/8650417,https://www.amazon.co.jp/dp/product/4758014140/
https://bookmeter.com/books/7954842,https://www.amazon.co.jp/dp/product/4758013624/
https://bookmeter.com/books/10124703,https://www.amazon.co.jp/dp/product/4758014809/
https://bookmeter.com/books/4700299,https://www.amazon.co.jp/dp/product/4758012652/
https://bookmeter.com/books/1949365,https://www.amazon.co.jp/dp/product/4758012113/
https://bookmeter.com/books/13902252,https://www.amazon.co.jp/dp/product/4837309127/
https://bookmeter.com/books/13035418,https://www.amazon.co.jp/dp/product/4774198765/
https://bookmeter.com/books/12711165,https://www.amazon.co.jp/dp/product/4122065607/
https://bookmeter.com/books/14437665,https://www.amazon.co.jp/dp/product/4041059291/
https://bookmeter.com/books/14147129,https://www.amazon.co.jp/dp/product/4905158680/
https://bookmeter.com/books/13519974,https://www.amazon.co.jp/dp/product/4860114248/
https://bookmeter.com/books/10876976,https://www.amazon.co.jp/dp/product/4044000999/
https://bookmeter.com/books/2102156,https://www.amazon.co.jp/dp/product/4331607739/
https://bookmeter.com/books/565420,https://www.amazon.co.jp/dp/product/4062633604/
https://bookmeter.com/books/545789,https://www.amazon.co.jp/dp/product/4062632861/
https://bookmeter.com/books/265358,https://www.amazon.co.jp/dp/product/4048529080/
https://bookmeter.com/books/450957,https://www.amazon.co.jp/dp/product/4791761030/
https://bookmeter.com/books/9742919,https://www.amazon.co.jp/dp/product/4863760426/
https://bookmeter.com/books/200742,https://www.amazon.co.jp/dp/product/4903713016/
https://bookmeter.com/books/183639,https://www.amazon.co.jp/dp/product/4903713040/
https://bookmeter.com/books/371782,https://www.amazon.co.jp/dp/product/4903713008/
https://bookmeter.com/books/183640,https://www.amazon.co.jp/dp/product/4903713024/
https://bookmeter.com/books/265357,https://www.amazon.co.jp/dp/product/4903713059/
https://bookmeter.com/books/324394,https://www.amazon.co.jp/dp/product/4846008355/
https://bookmeter.com/books/9795243,https://www.amazon.co.jp/dp/product/4905033071/
https://bookmeter.com/books/14299154,https://www.amazon.co.jp/dp/product/4750348856/
https://bookmeter.com/books/13744534,https://www.amazon.co.jp/dp/product/4760150072/
https://bookmeter.com/books/13894309,https://www.amazon.co.jp/dp/product/4801303722/
https://bookmeter.com/books/12545208,https://www.amazon.co.jp/dp/product/4756250122/
https://bookmeter.com/books/14059243,https://www.amazon.co.jp/dp/product/4905033209/
https://bookmeter.com/books/14055994,https://www.amazon.co.jp/dp/product/4905033195/
https://bookmeter.com/books/13761867,https://www.amazon.co.jp/dp/product/4905033187/
https://bookmeter.com/books/12403403,https://www.amazon.co.jp/dp/product/4596550751/
https://bookmeter.com/books/14069751,https://www.amazon.co.jp/dp/product/4327452920/
https://bookmeter.com/books/13998400,https://www.amazon.co.jp/dp/product/4320113837/
https://bookmeter.com/books/14104064,https://www.amazon.co.jp/dp/product/4909658149/
https://bookmeter.com/books/10126416,https://www.amazon.co.jp/dp/product/4791769015/
https://bookmeter.com/books/12208967,https://www.amazon.co.jp/dp/product/4788515350/
https://bookmeter.com/books/502893,https://www.amazon.co.jp/dp/product/4480092781/
https://bookmeter.com/books/14025516,https://www.amazon.co.jp/dp/product/4106108208/
https://bookmeter.com/books/1243408,https://www.amazon.co.jp/dp/product/4873114772/
https://bookmeter.com/books/632747,https://www.amazon.co.jp/dp/product/4022505273/
https://bookmeter.com/books/295423,https://www.amazon.co.jp/dp/product/4022503556/
https://bookmeter.com/books/473929,https://www.amazon.co.jp/dp/product/4022502479/
https://bookmeter.com/books/500460,https://www.amazon.co.jp/dp/product/402250076X/
https://bookmeter.com/books/13064695,https://www.amazon.co.jp/dp/product/4327472360/
https://bookmeter.com/books/11819993,https://www.amazon.co.jp/dp/product/4480098003/
https://bookmeter.com/books/8705015,https://www.amazon.co.jp/dp/product/4480096523/
https://bookmeter.com/books/8330632,https://www.amazon.co.jp/dp/product/4480096515/
https://bookmeter.com/books/13738736,https://www.amazon.co.jp/dp/product/4309416837/
https://bookmeter.com/books/9088448,https://www.amazon.co.jp/dp/product/4865650075/
https://bookmeter.com/books/6794449,https://www.amazon.co.jp/dp/product/4750513105/
https://bookmeter.com/books/574875,https://www.amazon.co.jp/dp/product/4167174057/
https://bookmeter.com/books/576240,https://www.amazon.co.jp/dp/product/4101306354/
https://bookmeter.com/books/542155,https://www.amazon.co.jp/dp/product/4344410300/
https://bookmeter.com/books/558959,https://www.amazon.co.jp/dp/product/4062748851/
https://bookmeter.com/books/2265482,https://www.amazon.co.jp/dp/product/0582237521/
https://bookmeter.com/books/3089271,https://www.amazon.co.jp/dp/product/4582415288/
https://bookmeter.com/books/7086494,https://www.amazon.co.jp/dp/product/478727340X/
https://bookmeter.com/books/667551,https://www.amazon.co.jp/dp/product/479176496X/
https://bookmeter.com/books/13615247,https://www.amazon.co.jp/dp/product/4130101404/
https://bookmeter.com/books/14003669,https://www.amazon.co.jp/dp/product/4905325137/
https://bookmeter.com/books/1966114,https://www.amazon.co.jp/dp/product/4787233211/
https://bookmeter.com/books/6713779,https://www.amazon.co.jp/dp/product/4815807302/
https://bookmeter.com/books/178337,https://www.amazon.co.jp/dp/product/4003022610/
https://bookmeter.com/books/12177405,https://www.amazon.co.jp/dp/product/4768308856/
https://bookmeter.com/books/8202802,https://www.amazon.co.jp/dp/product/4887218184/
https://bookmeter.com/books/198593,https://www.amazon.co.jp/dp/product/4314000430/
https://bookmeter.com/books/13907062,https://www.amazon.co.jp/dp/product/456205669X/
https://bookmeter.com/books/501882,https://www.amazon.co.jp/dp/product/4480082344/
https://bookmeter.com/books/658958,https://www.amazon.co.jp/dp/product/4480093133/
https://bookmeter.com/books/13869788,https://www.amazon.co.jp/dp/product/4065162629/
https://bookmeter.com/books/11240573,https://www.amazon.co.jp/dp/product/404892477X/
https://bookmeter.com/books/13894825,https://www.amazon.co.jp/dp/product/4873118816/
https://bookmeter.com/books/12872370,https://www.amazon.co.jp/dp/product/4385365326/
https://bookmeter.com/books/13925325,https://www.amazon.co.jp/dp/product/4320113802/
https://bookmeter.com/books/101394,https://www.amazon.co.jp/dp/product/4320013433/
https://bookmeter.com/books/13501751,https://www.amazon.co.jp/dp/product/4909710051/
https://bookmeter.com/books/7836389,https://www.amazon.co.jp/dp/product/4758013551/
https://bookmeter.com/books/9045042,https://www.amazon.co.jp/dp/product/4758014221/
https://bookmeter.com/books/11036012,https://www.amazon.co.jp/dp/product/4758015155/
https://bookmeter.com/books/13751186,https://www.amazon.co.jp/dp/product/4758016364/
https://bookmeter.com/books/13683524,https://www.amazon.co.jp/dp/product/4163910174/
https://bookmeter.com/books/13025069,https://www.amazon.co.jp/dp/product/4815006555/
https://bookmeter.com/books/12527147,https://www.amazon.co.jp/dp/product/4582513352/
https://bookmeter.com/books/7689317,https://www.amazon.co.jp/dp/product/433605777X/
https://bookmeter.com/books/12180362,https://www.amazon.co.jp/dp/product/4861826500/
https://bookmeter.com/books/13408246,https://www.amazon.co.jp/dp/product/4802611927/
https://bookmeter.com/books/12638361,https://www.amazon.co.jp/dp/product/4802510705/
https://bookmeter.com/books/13742247,https://www.amazon.co.jp/dp/product/4896942612/
https://bookmeter.com/books/13092418,https://www.amazon.co.jp/dp/product/4896942523/
https://bookmeter.com/books/11818750,https://www.amazon.co.jp/dp/product/4896942337/
https://bookmeter.com/books/9851418,https://www.amazon.co.jp/dp/product/4774176435/
https://bookmeter.com/books/11014191,https://www.amazon.co.jp/dp/product/4861823730/
https://bookmeter.com/books/8311032,https://www.amazon.co.jp/dp
https://bookmeter.com/books/18017,https://www.amazon.co.jp/dp/product/4105067060/
https://bookmeter.com/books/18352,https://www.amazon.co.jp/dp/product/4105067052/
https://bookmeter.com/books/11421,https://www.amazon.co.jp/dp/product/4105067044/
https://bookmeter.com/books/2110227,https://www.amazon.co.jp/dp/product/4560509549/
https://bookmeter.com/books/83206,https://www.amazon.co.jp/dp/product/456050931X/
https://bookmeter.com/books/4338082,https://www.amazon.co.jp/dp/product/4894348241/
https://bookmeter.com/books/1372366,https://www.amazon.co.jp/dp/product/4756602746/
https://bookmeter.com/books/13041011,https://www.amazon.co.jp/dp/product/4753103471/
https://bookmeter.com/books/10128947,https://www.amazon.co.jp/dp/product/4759818146/
https://bookmeter.com/books/402193,https://www.amazon.co.jp/dp/product/4622015994/
https://bookmeter.com/books/20973,https://www.amazon.co.jp/dp/product/4022613440/
https://bookmeter.com/books/4016524,https://www.amazon.co.jp/dp/product/4887217927/
https://bookmeter.com/books/4196795,https://www.amazon.co.jp/dp/product/4887217935/
https://bookmeter.com/books/247457,https://www.amazon.co.jp/dp/product/4887217730/
https://bookmeter.com/books/8097552,https://www.amazon.co.jp/dp/product/4896941683/
https://bookmeter.com/books/13128779,https://www.amazon.co.jp/dp/product/4562056010/
https://bookmeter.com/books/13738741,https://www.amazon.co.jp/dp/product/4309227686/
https://bookmeter.com/books/12957422,https://www.amazon.co.jp/dp/product/4839965366/
https://bookmeter.com/books/7883296,https://www.amazon.co.jp/dp/product/4861008670/
https://bookmeter.com/books/11493919,https://www.amazon.co.jp/dp/product/410610704X/
https://bookmeter.com/books/598229,https://www.amazon.co.jp/dp/product/4894347326/
https://bookmeter.com/books/11153863,https://www.amazon.co.jp/dp/product/4890134670/
https://bookmeter.com/books/11990315,https://www.amazon.co.jp/dp/product/4484171066/
https://bookmeter.com/books/3249878,https://www.amazon.co.jp/dp/product/4873114985/
https://bookmeter.com/books/11604850,https://www.amazon.co.jp/dp/product/4873117518/
https://bookmeter.com/books/535193,https://www.amazon.co.jp/dp/product/4652077904/
https://bookmeter.com/books/13599819,https://www.amazon.co.jp/dp/product/4784219676/
https://bookmeter.com/books/4045694,https://www.amazon.co.jp/dp/product/4479750479/
https://bookmeter.com/books/12792026,https://www.amazon.co.jp/dp/product/4560096392/
https://bookmeter.com/books/419916,https://www.amazon.co.jp/dp/product/4480081976/
https://bookmeter.com/books/72476,https://www.amazon.co.jp/dp/product/4794215185/
https://bookmeter.com/books/13580328,https://www.amazon.co.jp/dp/product/4750515736/
https://bookmeter.com/books/13424399,https://www.amazon.co.jp/dp/product/4791771419/
https://bookmeter.com/books/857490,https://www.amazon.co.jp/dp/product/4896948181/
https://bookmeter.com/books/9236153,https://www.amazon.co.jp/dp/product/4562051256/
https://bookmeter.com/books/11468277,https://www.amazon.co.jp/dp/product/4837957765/
https://bookmeter.com/books/12468328,https://www.amazon.co.jp/dp/product/4837957854/
https://bookmeter.com/books/12892792,https://www.amazon.co.jp/dp/product/4576180975/
https://bookmeter.com/books/133788,https://www.amazon.co.jp/dp/product/4562040971/
https://bookmeter.com/books/574560,https://www.amazon.co.jp/dp/product/4150500797/
https://bookmeter.com/books/6751887,https://www.amazon.co.jp/dp/product/4480095349/
https://bookmeter.com/books/8222637,https://www.amazon.co.jp/dp/product/4480096302/
https://bookmeter.com/books/4608561,https://www.amazon.co.jp/dp/product/4480094393/
https://bookmeter.com/books/1021556,https://www.amazon.co.jp/dp/product/4480093257/
https://bookmeter.com/books/477133,https://www.amazon.co.jp/dp/product/4891004568/
https://bookmeter.com/books/503537,https://www.amazon.co.jp/dp/product/489100455X/
https://bookmeter.com/books/799255,https://www.amazon.co.jp/dp/product/4805753293/
https://bookmeter.com/books/7944266,https://www.amazon.co.jp/dp/product/4062922177/
https://bookmeter.com/books/11561694,https://www.amazon.co.jp/dp/product/4061399659/
https://bookmeter.com/books/11561693,https://www.amazon.co.jp/dp/product/4061399640/
https://bookmeter.com/books/13079090,https://www.amazon.co.jp/dp/product/4320124375/
https://bookmeter.com/books/209365,https://www.amazon.co.jp/dp/product/4434133632/
https://bookmeter.com/books/12645803,https://www.amazon.co.jp/dp/product/4807909312/
https://bookmeter.com/books/13242541,https://www.amazon.co.jp/dp/product/4065141974/