isbn_or_asin,book_title,author,publisher,published_date,exist_in_sophia,central_opac_link,mathlib_opac_link
4535787603,学んでみよう！　記号論理,高崎金久／著,日本評論社,20140822,Yes,https://www.lib.sophia.ac.jp/opac/opac_openurl?ncid=BB1644619X,
4788508427,神、人を喰う 人身御供の民俗学,六車由実／著,新曜社,2003-03,Yes,https://www.lib.sophia.ac.jp/opac/opac_openurl?ncid=BA61847518,
4641163642,比較制度分析・入門,中林真幸／著 石黒真吾／著,有斐閣,2010-12,Yes,https://www.lib.sophia.ac.jp/opac/opac_openurl?ncid=BB0432979X,
4896944712,図説数の文化史 : 世界の数字と計算法,"Menninger,Karl／著 内林政夫／翻訳 メニンガーK.／著",八坂書房,2001-04,Yes,https://www.lib.sophia.ac.jp/opac/opac_openurl?ncid=BA51768812,
4641165483,実証のための計量時系列分析,ウォルター・エンダース（WalterEnders）／著 新谷元嗣／翻訳 藪友良／翻訳,有斐閣,20191212,Yes,https://www.lib.sophia.ac.jp/opac/opac_openurl?ncid=BB29344647,
425412841X,経済・ファイナンスのためのカルマンフィルター入門,森平爽一郎／著,朝倉書店,20190206,Yes,https://www.lib.sophia.ac.jp/opac/opac_openurl?ncid=BB27703782,https://mathlib-sophia.opac.jp/opac/Advanced_search/search?isbn=425412841X&mtl1=1&mtl2=1&mtl3=1&mtl4=1&mtl5=1
4002710521,「私物化」される国公立大学,駒込武／著,岩波書店,20210909,Yes,https://www.lib.sophia.ac.jp/opac/opac_openurl?ncid=BC09664223,
4274229181,Pythonで始める　機器分析データの解析とケモメトリックス,森田成昭／著,オーム社,20220922,Yes,https://www.lib.sophia.ac.jp/opac/opac_openurl?ncid=BC16891021,
4910612041,大学院・大学編入のための応用数学―基本事項の整理と問題演習および入試問題研究―,桜井基晴／著,プレアデス出版,20220820,Yes,https://www.lib.sophia.ac.jp/opac/opac_openurl?ncid=BC16505365,
453554042X,経済論文の書き方,経済セミナー編集部／編集,日本評論社,20220916,Yes,https://www.lib.sophia.ac.jp/opac/opac_openurl?ncid=BC16683024,
4627083114,数理人口学入門,稲葉寿／著,森北出版,20220914,Yes,https://www.lib.sophia.ac.jp/opac/opac_openurl?ncid=BC16799969,
4121027221,陰謀論 民主主義を揺るがすメカニズム,秦正樹／著,中央公論新社,20221020,Yes,https://www.lib.sophia.ac.jp/opac/opac_openurl?ncid=BC17273571,
4563010081,リスク・セオリーの基礎 : 不確実性に対処するための数理,岩沢宏和／著,培風館,2010-02,Yes,https://www.lib.sophia.ac.jp/opac/opac_openurl?ncid=BB0106478X,https://mathlib-sophia.opac.jp/opac/Advanced_search/search?isbn=4563010081&mtl1=1&mtl2=1&mtl3=1&mtl4=1&mtl5=1
4000256696,歴史を学ぶ人々のために : 現在をどう生きるか,東京歴史科学研究会／著,岩波書店,2017-3-23,Yes,https://www.lib.sophia.ac.jp/opac/opac_openurl?ncid=BB23337911,
4873118654,Raspberry Piで学ぶコンピュータアーキテクチャ,EbenUpton／著 JeffDuntemann／著 RalphRoberts／著 ほか,オライリー・ジャパン,20190915,Yes,https://www.lib.sophia.ac.jp/opac/opac_openurl?ncid=BB28852846,
4623094332,はじめて学ぶ西洋古代史,長谷川岳男／編集,ミネルヴァ書房,20221102,Yes,https://www.lib.sophia.ac.jp/opac/opac_openurl?ncid=BC17102058,
4796702792,ファッションの文化社会学,"Finkelstein,Joanne／著 成実弘至／著 フィンケルシュタインジョアン／著",せりか書房,2007-09,Yes,https://www.lib.sophia.ac.jp/opac/opac_openurl?ncid=BA83156554,
4254116330,統計学のための数学入門30講,永田靖／著,朝倉書店,2005-03,Yes,https://www.lib.sophia.ac.jp/opac/opac_openurl?ncid=BA7172228X,https://mathlib-sophia.opac.jp/opac/Advanced_search/search?isbn=4254116330&mtl1=1&mtl2=1&mtl3=1&mtl4=1&mtl5=1
4274228991,Pythonではじめる 音のプログラミング,青木直史／著,オーム社,20220906,Yes,https://www.lib.sophia.ac.jp/opac/opac_openurl?ncid=BC16633536,
429712811X,ディープラーニングを支える技術〈2〉 ——ニューラルネットワーク最大の謎,岡野原大輔／著,技術評論社,20220421,Yes,https://www.lib.sophia.ac.jp/opac/opac_openurl?ncid=BC14081687,
4297125609,ディープラーニングを支える技術 ——「正解」を導くメカニズム［技術基礎］,岡野原大輔／著,技術評論社,20220108,Yes,https://www.lib.sophia.ac.jp/opac/opac_openurl?ncid=BC14376501,
462209083X,ソーシャルメディア・プリズム,クリス・ベイル／著 松井信彦／翻訳,みすず書房,20220603,Yes,https://www.lib.sophia.ac.jp/opac/opac_openurl?ncid=BC15059537,
4274227855,世界を一枚の紙の上に,大田暁雄／著,オーム社,20211217,Yes,https://www.lib.sophia.ac.jp/opac/opac_openurl?ncid=BC11784738,
4274227170,縫うコンピュータグラフィックス,五十嵐悠紀／著,オーム社,20210527,Yes,https://www.lib.sophia.ac.jp/opac/opac_openurl?ncid=BC07621489,
4896943309,魔法の門［ポルタ・マジカ］─ローマに遺された錬金術象徴の秘密,ミーノ・ガブリエレ／著 大橋喜之／翻訳,八坂書房,20220624,Yes,https://www.lib.sophia.ac.jp/opac/opac_openurl?ncid=BC15400168,
4623084108,よくわかる哲学・思想,納富信留／編集 檜垣立哉／編集 柏端達也／編集,ミネルヴァ書房,20190412,Yes,https://www.lib.sophia.ac.jp/opac/opac_openurl?ncid=BB27975487,
4061489771,哲学の歴史,新田義弘／著,講談社,19891218,Yes,https://www.lib.sophia.ac.jp/opac/opac_openurl?ncid=BN0414356X,
4004310083,西洋哲学史 近代から現代へ,熊野純彦／著,岩波書店,20060920,Yes,https://www.lib.sophia.ac.jp/opac/opac_openurl?ncid=BA78401229,
4004310075,西洋哲学史 古代から中世へ,熊野純彦／著,岩波書店,20060420,Yes,https://www.lib.sophia.ac.jp/opac/opac_openurl?ncid=BA76504173,
4121021878,物語哲学の歴史 : 自分と世界を考えるために,伊藤邦武／著,中央公論新社,2012-10,Yes,https://www.lib.sophia.ac.jp/opac/opac_openurl?ncid=BB10516521,
4575317365,セックスロボットと人造肉　テクノロジーは性、食、生、死を“征服”できるか,ジェニー・クリーマン／著 安藤貴子／翻訳,双葉社,20220825,Yes,https://www.lib.sophia.ac.jp/opac/opac_openurl?ncid=BC16518163,
4909658874,古典教育をオーバーホールする,菊野雅之／著,文学通信,20220926,Yes,https://www.lib.sophia.ac.jp/opac/opac_openurl?ncid=BC16984100,
4065133327,深層学習　改訂第2版,岡谷貴之／著,講談社,20220119,Yes,https://www.lib.sophia.ac.jp/opac/opac_openurl?ncid=BC12180349,
4320122992,量子情報科学入門 = Introduction to Quantum Information Science,小川朋宏／著 木村元／著 河内亮周／著 石坂智／著 林正人／著,共立,2012-06,Yes,https://www.lib.sophia.ac.jp/opac/opac_openurl?ncid=BB09394904,
4585060634,天皇皇族歴史伝説大事典,志村有弘／著,勉誠,2008-12,Yes,https://www.lib.sophia.ac.jp/opac/opac_openurl?ncid=BA88442936,
4061596845,諸子百家,浅野裕一／著,講談社,20041111,Yes,https://www.lib.sophia.ac.jp/opac/opac_openurl?ncid=BA69442203,
4787220942,妖怪の誕生,廣田龍平／著,青弓社,20220527,Yes,https://www.lib.sophia.ac.jp/opac/opac_openurl?ncid=BC14828330,
4000292080,学童集団疎開 : 受入れ地域から考える,一條三子／著,岩波書店,2017-10-18,Yes,https://www.lib.sophia.ac.jp/opac/opac_openurl?ncid=BB24683248,
4320111796,初等整数論 数論幾何への誘い,山崎隆雄／著 新井仁之／編集 小林俊行／編集 斎藤毅／編集 吉田朋広／編集,共立出版,20150527,Yes,https://www.lib.sophia.ac.jp/opac/opac_openurl?ncid=BB18660918,https://mathlib-sophia.opac.jp/opac/Advanced_search/search?isbn=4320111796&mtl1=1&mtl2=1&mtl3=1&mtl4=1&mtl5=1
432011180X,結晶群,河野俊丈／著 新井仁之／編集 小林俊行／編集 斎藤毅／編集 吉田朋広／編集,共立出版,20150629,Yes,https://www.lib.sophia.ac.jp/opac/opac_openurl?ncid=BB18929762,https://mathlib-sophia.opac.jp/opac/Advanced_search/search?isbn=432011180X&mtl1=1&mtl2=1&mtl3=1&mtl4=1&mtl5=1
4320111745,微分積分,吉田伸生／著 新井仁之／編集 小林俊行／編集 斎藤毅／編集 吉田朋広／編集,共立出版,20170909,Yes,https://www.lib.sophia.ac.jp/opac/opac_openurl?ncid=BB24393168,https://mathlib-sophia.opac.jp/opac/Advanced_search/search?isbn=4320111745&mtl1=1&mtl2=1&mtl3=1&mtl4=1&mtl5=1
4320111761,論理・集合・数学語,石川剛郎／著 新井仁之／編集 小林俊行／編集 斎藤毅／編集 吉田朋広／編集,共立出版,20151219,Yes,https://www.lib.sophia.ac.jp/opac/opac_openurl?ncid=BB20257157,https://mathlib-sophia.opac.jp/opac/Advanced_search/search?isbn=4320111761&mtl1=1&mtl2=1&mtl3=1&mtl4=1&mtl5=1
4623065596,ヨーロッパ史のなかの裁判事例,Ｕ・ファルク／編集 Ｍ・ルミナティ／編集 Ｍ・シュメーケル／編集 小川浩三／監修 福田誠治／監修 ほか,ミネルヴァ書房,20140411,Yes,https://www.lib.sophia.ac.jp/opac/opac_openurl?ncid=BB15349165,
4642082735,日本史を学ぶための古文書・古記録訓読法,日本史史料研究会／監修 苅米一志／著,吉川弘文館,20150227,Yes,https://www.lib.sophia.ac.jp/opac/opac_openurl?ncid=BB18200601,
4642080937,日本近代史を学ぶための文語文入門,古田島洋介／著,吉川弘文館,20130808,Yes,https://www.lib.sophia.ac.jp/opac/opac_openurl?ncid=BB1317707X,
412101216X,理科系のための英文作法 : 文章をなめらかにつなぐ四つの法則,杉原厚吉／著,中央公論社,1994-11,Yes,https://www.lib.sophia.ac.jp/opac/opac_openurl?ncid=BN11626610,
4326504927,経済学の哲学入門,ダニエル・ハウスマン／著 橋本努／監修 ニキリンコ／翻訳,勁草書房,20220516,Yes,https://www.lib.sophia.ac.jp/opac/opac_openurl?ncid=BC14555103,
4000059416,ファインマン計算機科学,"Allen,RobinW／著 Feynman,RichardPhillips／著 Hey,AnthonyJ.G／著 ほか",岩波書店,1999-01,Yes,https://www.lib.sophia.ac.jp/opac/opac_openurl?ncid=BA39756439,
4492313605,政策評価ミクロモデル,蓮池勝人／著 藤原徹／著 金本良嗣／著,東洋経済新報社,2006-03,Yes,https://www.lib.sophia.ac.jp/opac/opac_openurl?ncid=BA76203075,
4274223132,Rによる計量政治学,浅野正彦／著 矢内勇生／著,オーム社,20181219,Yes,https://www.lib.sophia.ac.jp/opac/opac_openurl?ncid=BB27460647,
4140912723,最新版　論文の教室,戸田山和久／著,NHK出版,20220125,Yes,https://www.lib.sophia.ac.jp/opac/opac_openurl?ncid=BC1224809X,
4320111397,確率的グラフィカルモデル,鈴木譲／著・編集 植野真臣／著・編集 黒木学／著 清水昌平／著 湊真一／著 石畠正和／著 ほか,共立出版,20160723,Yes,https://www.lib.sophia.ac.jp/opac/opac_openurl?ncid=BB21721985,
4254122144,はじめての 統計データ分析,豊田秀樹／著,朝倉書店,20160606,Yes,https://www.lib.sophia.ac.jp/opac/opac_openurl?ncid=BB21318144,
4254295405,入門 ベイズ統計学,中妻照雄／著,朝倉書店,20070614,Yes,https://www.lib.sophia.ac.jp/opac/opac_openurl?ncid=BA82118516,
4254122209,実践ベイズモデリング,豊田秀樹／著・編集,朝倉書店,20170131,Yes,https://www.lib.sophia.ac.jp/opac/opac_openurl?ncid=BB22963061,
4320113446,ゲームで大学数学入門,安田健彦／著,共立出版,20181222,Yes,https://www.lib.sophia.ac.jp/opac/opac_openurl?ncid=BB27463918,
4434042408,素因数分解と素数判定,玉井浩／翻訳 ブレッソードデヴィッド・M.／著,エスアイビー・アクセス : 星雲社,2004-03,Yes,https://www.lib.sophia.ac.jp/opac/opac_openurl?ncid=BA66395683,
4641053855,計量経済学,西山慶彦／著 新谷元嗣／著 川口大司／著 奥井亮／著,有斐閣,20190729,Yes,https://www.lib.sophia.ac.jp/opac/opac_openurl?ncid=BB28617132,
490965819X,デジタル学術空間の作り方,下田正弘／編著 永﨑研宣／編著,文学通信,20191218,Yes,https://www.lib.sophia.ac.jp/opac/opac_openurl?ncid=BB29506669,
4759821678,理工系のAI英作文術,西山聖久／著,化学同人,20220531,Yes,https://www.lib.sophia.ac.jp/opac/opac_openurl?ncid=BC14827236,
439329162X,魔法少女はなぜ変身するのか,石井研士／著,春秋社,20220617,Yes,https://www.lib.sophia.ac.jp/opac/opac_openurl?ncid=BC15273694,
4750352861,現代日本のエリートの平等観,竹中佳彦／編 山本英弘／編 濱本真輔／編,明石書店,20211227,Yes,https://www.lib.sophia.ac.jp/opac/opac_openurl?ncid=BC11964922,
4562071818,緯度を測った男たち,ニコラス・クレーン／著 上京恵／翻訳,原書房,20220526,Yes,https://www.lib.sophia.ac.jp/opac/opac_openurl?ncid=BC14825977,
4562071826,古代ワインの謎を追う,ケヴィン・ベゴス／著 矢沢聖子／翻訳,原書房,20220526,Yes,https://www.lib.sophia.ac.jp/opac/opac_openurl?ncid=BC14825988,
4335358857,情報刑法Ⅰ　サイバーセキュリティ関連犯罪,鎮目征樹／編集 西貝吉晃／編集 北條孝佳／編集 荒木泰貴／著 遠藤聡太／著 蔦大輔／著 ほか,弘文堂,20220603,Yes,https://www.lib.sophia.ac.jp/opac/opac_openurl?ncid=BC14845318,
4760154426,攻撃される知識の歴史,リチャードオヴェンデン／著 五十嵐加奈子／翻訳,柏書房,20220426,Yes,https://www.lib.sophia.ac.jp/opac/opac_openurl?ncid=BC14388409,
4254163584,地図の事典,森田	喬／編集,朝倉書店,20211102,Yes,https://www.lib.sophia.ac.jp/opac/opac_openurl?ncid=BC1086554X,
4623093891,政策にエビデンスは必要なのか,杉谷和哉／著,ミネルヴァ書房,20220419,Yes,https://www.lib.sophia.ac.jp/opac/opac_openurl?ncid=BC14121657,
4254122675,標準　ベイズ統計学,入江薫／翻訳 橋本真太郎／翻訳 菅澤翔之助／翻訳,朝倉書店,20220608,Yes,https://www.lib.sophia.ac.jp/opac/opac_openurl?ncid=BC15047731,
4814003013,学術書を読む,鈴木哲也／著,京都大学学術出版会,20201010,Yes,https://www.lib.sophia.ac.jp/opac/opac_openurl?ncid=BC03010199,
4472406012,サブカルチャーを消費する,貞包英之／著,玉川大学出版部,20211201,Yes,https://www.lib.sophia.ac.jp/opac/opac_openurl?ncid=BC11286515,
4588011227,肥満男子の身体表象,サンダー・Ｌ・ギルマン／著 小川公代／訳 小澤央／訳,法政大学出版局,20200928,Yes,https://www.lib.sophia.ac.jp/opac/opac_openurl?ncid=BC02849231,
4815809445,質的研究の考え方,大谷尚／著,名古屋大学出版会,20190403,Yes,https://www.lib.sophia.ac.jp/opac/opac_openurl?ncid=BB27930842,
4812221250,コロナ禍を生きる大学生,北野真帆／編集 内藤直樹／編集,昭和堂,20220430,Yes,https://www.lib.sophia.ac.jp/opac/opac_openurl?ncid=BC14196612,
4873119790,Pythonからはじめるアルゴリズムトレード,YvesHilpisch／著 村上振一郎／翻訳,オライリー・ジャパン,20220408,Yes,https://www.lib.sophia.ac.jp/opac/opac_openurl?ncid=BC13887538,
4792414962,伝承文学を学ぶ,小川直之／編集 大石泰夫／編集 服部比呂美／編集 飯倉義之／編集,清文堂出版,20220215,Yes,https://www.lib.sophia.ac.jp/opac/opac_openurl?ncid=BC12912593,
4621045938,いかにして問題をとくか,ポリア，G．／著 柿内賢信／翻訳,丸善出版,19540101,Yes,https://www.lib.sophia.ac.jp/opac/opac_openurl?ncid=BA68198479,https://mathlib-sophia.opac.jp/opac/Advanced_search/search?isbn=4621045938&mtl1=1&mtl2=1&mtl3=1&mtl4=1&mtl5=1
4152093854,国家はなぜ衰退するのか（下）,ダロン・アセモグル／著 ジェイムズ・Ａ・ロビンソン／著 鬼澤忍／翻訳,早川書房,20130621,Yes,https://www.lib.sophia.ac.jp/opac/opac_openurl?ncid=BB12774120,
4152093846,国家はなぜ衰退するのか（上）,ダロン・アセモグル／著 ジェイムズ・Ａ・ロビンソン／著 鬼澤忍／翻訳,早川書房,20130621,Yes,https://www.lib.sophia.ac.jp/opac/opac_openurl?ncid=BB12774120,
4065178029,統計モデルと推測,松井秀俊／著 小泉和之／著 竹村彰通／編集,講談社,20191128,Yes,https://www.lib.sophia.ac.jp/opac/opac_openurl?ncid=BB2925786X,
462106231X,確率論的リスク解析,"T. ベッドフォード,Bedford, T.,Cooke, Roger,金野, 秀敏,",丸善出版,,Yes,,https://mathlib-sophia.opac.jp/opac/Advanced_search/search?isbn=462106231X&mtl1=1&mtl2=1&mtl3=1&mtl4=1&mtl5=1
4787234528,趣味とジェンダー,神野由紀／編著 辻泉／編著 飯田豊／編著,青弓社,20190618,Yes,https://www.lib.sophia.ac.jp/opac/opac_openurl?ncid=BB2833261X,
4065280869,基礎からわかる　論文の書き方,小熊英二／著,講談社,20220518,Yes,https://www.lib.sophia.ac.jp/opac/opac_openurl?ncid=BC14601765,
4130802569,記号と再帰　新装版,田中久美子／著,東京大学出版会,2017-04-01,Yes,https://www.lib.sophia.ac.jp/opac/opac_openurl?ncid=BB23562780,
4757143605,古典の中の地球儀 海外から見た日本文学,荒木浩／著,ＮＴＴ出版,20220331,Yes,https://www.lib.sophia.ac.jp/opac/opac_openurl?ncid=BC13499266,
4393332385,知能低下の人類史,エドワード・ダットン／著 マイケル・Ａ・ウドリー・オブ・メニー／著 蔵研也／翻訳,春秋社,20211027,Yes,https://www.lib.sophia.ac.jp/opac/opac_openurl?ncid=BC1058003X,
4863134894,愛書狂の本棚,エドワード・ブルック・ヒッチング／著 ナショナルジオグラフィック／編集 高作自子／翻訳,日経ナショナルジオグラフィック社,20220311,Yes,https://www.lib.sophia.ac.jp/opac/opac_openurl?ncid=BC13427083,
4326152176,合理的な愚か者 : 経済学=倫理学的探究,"Sen,AmartyaKumar／著 大庭健／翻訳 川本隆史／翻訳 センA.／著",勁草書房,1989-04,Yes,https://www.lib.sophia.ac.jp/opac/opac_openurl?ncid=BN0331051X,
4327453072,英語学習の科学,中田達也／著・編集 鈴木祐一／著・編集 濱田陽／著 門田修平／著 濱田彰／著 神谷信廣／著 ほか,研究社,20220425,Yes,https://www.lib.sophia.ac.jp/opac/opac_openurl?ncid=BC14183100,
4480091998,贈与論,"マルセル・モース 著,吉田禎吾, 江川純一 訳,Mauss, Marcel, 1872-1950,吉田, 禎吾, 1923-,江川, 純一, 1974-,",筑摩書房,"Fri, 27 Feb 2015 09:00:00 +0900",Yes,https://www.lib.sophia.ac.jp/opac/opac_openurl?ncid=BA89082450,
4532324483,Anthro Vision（アンソロ・ビジョン）　人類学的思考で視るビジネスと世界,ジリアン・テット／著 土方奈美／翻訳,日経BP 日本経済新聞出版本部,20220127,Yes,https://www.lib.sophia.ac.jp/opac/opac_openurl?ncid=BC12402473,
4560097305,大学教授のように小説を読む方法［増補新版］,トーマス・C・フォスター／著 矢倉尚子／翻訳,白水社,20191025,Yes,https://www.lib.sophia.ac.jp/opac/opac_openurl?ncid=BB29127536,
4779514614,「趣味に生きる」の文化論,宮入恭平／編集 杉山昂平／編集,ナカニシヤ出版,20210419,Yes,https://www.lib.sophia.ac.jp/opac/opac_openurl?ncid=BC06739698,
4130633740,数理は世界を創造できるか,横倉祐貴／著 ジェフリフォーセット／著 土井琢身／著 瀧雅人／著 初田哲男／編集 坪井俊／編集,東京大学出版会,20210601,Yes,https://www.lib.sophia.ac.jp/opac/opac_openurl?ncid=BC07548265,
4622090376,刑務所の精神科医,野村俊明／著,みすず書房,20210914,Yes,https://www.lib.sophia.ac.jp/opac/opac_openurl?ncid=BC09728257,
4622088169,専門知は、もういらないのか,トム・ニコルズ／著 高里ひろ／翻訳,みすず書房,20190711,Yes,https://www.lib.sophia.ac.jp/opac/opac_openurl?ncid=BB28556741,
4790716244,新プラトン主義を学ぶ人のために,堀江聡／著 山口義久／著 水地宗明／著,世界思想社,2014-05,Yes,https://www.lib.sophia.ac.jp/opac/opac_openurl?ncid=BB15431095,
4065142601,オカルティズム　非理性のヨーロッパ,大野英士／著,講談社,20181212,Yes,https://www.lib.sophia.ac.jp/opac/opac_openurl?ncid=BB27366580,
479071229X,フランス中世文学を学ぶ人のために,原野昇／著,世界思想社,2007-02,Yes,https://www.lib.sophia.ac.jp/opac/opac_openurl?ncid=BA79849149,
4326102160,文化系統学への招待 = An Introduction to Cultural Phylogenetics : 文化の進化パターンを探る,三中信宏／著 中尾央／著,勁草書房,2012-05,Yes,https://www.lib.sophia.ac.jp/opac/opac_openurl?ncid=BB09272113,
4562059095,図説　魔女の文化史,セリヌ・デュ・シェネ／著 蔵持不三也／翻訳,原書房,20210322,Yes,https://www.lib.sophia.ac.jp/opac/opac_openurl?ncid=BC06202367,
4526077259,続 メカ屋のための脳科学入門 : 記憶・学習/意識編,高橋宏知／著,日刊工業新聞社,2017-7-19,Yes,https://www.lib.sophia.ac.jp/opac/opac_openurl?ncid=BB2096429X,
4873119693,実用 Go言語,渋川よしき／著 辻大志郎／著 真野隼記／著,オライリー・ジャパン,20220422,Yes,https://www.lib.sophia.ac.jp/opac/opac_openurl?ncid=BC14200050,
4873119820,ソフトウェアアーキテクチャの基礎,MarkRichards／著 NealFord／著 島田浩二／翻訳,オライリー・ジャパン,20220308,Yes,https://www.lib.sophia.ac.jp/opac/opac_openurl?ncid=BC13216190,
4535558167,計量経済学,末石直也／著,日本評論社,20150723,Yes,https://www.lib.sophia.ac.jp/opac/opac_openurl?ncid=BB19125614,
4065274850,現代思想入門,千葉雅也／著,講談社,20220316,Yes,https://www.lib.sophia.ac.jp/opac/opac_openurl?ncid=BC13481227,
4535789576,代数学のレッスン,雪田修一／著,日本評論社,20220405,Yes,https://www.lib.sophia.ac.jp/opac/opac_openurl?ncid=BC14135877,
4790716368,〔全訂新版〕現代文化を学ぶ人のために,井上俊／編集,世界思想社,20140801,Yes,https://www.lib.sophia.ac.jp/opac/opac_openurl?ncid=BB16206979,
4787233289,ひとはなぜ乳房を求めるのか,山崎明子／著 黒田加奈子／著 池川玲子／著 新保淳乃／著 千葉慶／著,青弓社,20110820,Yes,https://www.lib.sophia.ac.jp/opac/opac_openurl?ncid=BB06493105,
4909658149,ネット文化資源の読み方・作り方,岡田一祐／著,文学通信,20190810,Yes,https://www.lib.sophia.ac.jp/opac/opac_openurl?ncid=BB28729533,
4862464505,AlphaZero 深層学習・強化学習・探索 人工知能プログラミング実践入門,布留川英一／著,ボーンデジタル,20190628,Yes,https://www.lib.sophia.ac.jp/opac/opac_openurl?ncid=BB28462987,
4627856512,Pythonで学ぶ解析表現文法と構文解析,倉光君郎／著,森北出版,20220301,Yes,https://www.lib.sophia.ac.jp/opac/opac_openurl?ncid=BC13001682,
4768704727,入門入門群論 : 代数的構造への第一歩,石谷茂／著,現代数学社,1973,Yes,https://www.lib.sophia.ac.jp/opac/opac_openurl?ncid=BB23969653,
4320110390,計算で身につくトポロジー,阿原一志／著,共立出版,20130713,Yes,https://www.lib.sophia.ac.jp/opac/opac_openurl?ncid=BB13023972,https://mathlib-sophia.opac.jp/opac/Advanced_search/search?isbn=4320110390&mtl1=1&mtl2=1&mtl3=1&mtl4=1&mtl5=1
4535787557,数学ビギナーズマニュアル［第2版］,佐藤文広／著,日本評論社,20140224,Yes,https://www.lib.sophia.ac.jp/opac/opac_openurl?ncid=BB15032497,
4563011029,ヴィジュアル複素解析,"Needham,Tristan／著 今吉洋一／著 小森洋平／著 米谷文男／著 谷口雅彦／著 ほか",培風館,2002-01,Yes,https://www.lib.sophia.ac.jp/opac/opac_openurl?ncid=BA55251262,
4490210639,迷宮と迷路の文化史,ウィリアム・ヘンリー・マシューズ／著 和泉雅人／翻訳 宇沢美子／翻訳,東京堂出版,20220215,Yes,https://www.lib.sophia.ac.jp/opac/opac_openurl?ncid=BC12656212,
4327452831,文芸翻訳教室,越前敏弥／著,研究社,20180420,Yes,https://www.lib.sophia.ac.jp/opac/opac_openurl?ncid=BB26048036,
4627054513,逆数学 定理から公理を「証明」する,ジョン・スティルウェル／原著 田中一之／翻訳 川辺治之／翻訳,森北出版,20190209,Yes,https://www.lib.sophia.ac.jp/opac/opac_openurl?ncid=BB27733604,
4560098883,「その他の外国文学」の翻訳者,白水社編集部／編集,白水社,20220221,Yes,https://www.lib.sophia.ac.jp/opac/opac_openurl?ncid=BC12988981,
4336072779,オカルトタロットの歴史,ロナルド・デッカー／著 マイケル・ダメット／著 今野喜和人／翻訳,国書刊行会,20220221,Yes,https://www.lib.sophia.ac.jp/opac/opac_openurl?ncid=BC13153771,
4562059818,船の食事の歴史物語,サイモン・スポルディング／著 大間知知子／翻訳,原書房,20211217,Yes,https://www.lib.sophia.ac.jp/opac/opac_openurl?ncid=BC11788557,
456205980X,鉄道の食事の歴史物語,ジェリ・クィンジオ／著 大槻敦子／翻訳,原書房,20211217,Yes,https://www.lib.sophia.ac.jp/opac/opac_openurl?ncid=BC11788477,
4562059826,空と宇宙の食事の歴史物語,リチャード・フォス／著 浜本隆三／翻訳 藤原崇／翻訳,原書房,20220201,Yes,https://www.lib.sophia.ac.jp/opac/opac_openurl?ncid=BC12402790,
4334044654,搾取される研究者たち,山田剛志／著,光文社,20200318,Yes,https://www.lib.sophia.ac.jp/opac/opac_openurl?ncid=BB29887686,
4004314844,エピジェネティクス,仲野徹／著,岩波書店,20140520,Yes,https://www.lib.sophia.ac.jp/opac/opac_openurl?ncid=BB15543496,
4044005664,身体の大衆文化 描く・着る・歌う,安井眞奈美／編集 エルナンデスアルバロ／編集,ＫＡＤＯＫＡＷＡ,20211112,Yes,https://www.lib.sophia.ac.jp/opac/opac_openurl?ncid=BC10924900,
4065250455,なぜオナニーはうしろめたいのか,赤川学／著 小堀善友／著 シオリーヌ（大貫詩織）／著 Ｓｃｈｏｏ／著 ＴＥＮＧＡヘルスケア／監修,星海社,20211027,Yes,https://www.lib.sophia.ac.jp/opac/opac_openurl?ncid=BC10723432,
4863542755,組込みエンジニアの教科書,牧野進二／著 渡辺登／著,シーアンドアール研究所,2019-04,Yes,https://www.lib.sophia.ac.jp/opac/opac_openurl?ncid=BB2814003X,
4873119065,ゼロから作るDeep Learning 3,斎藤康毅／著,オライリー・ジャパン,20200420,Yes,https://www.lib.sophia.ac.jp/opac/opac_openurl?ncid=BB30226171,
4106035952,拷問と処刑の西洋史,浜本隆志／著,新潮社,2007-12,Yes,https://www.lib.sophia.ac.jp/opac/opac_openurl?ncid=BA84246517,
4750515183,性表現規制の文化史,白田秀彰／著,亜紀書房,20170724,Yes,https://www.lib.sophia.ac.jp/opac/opac_openurl?ncid=BB24128859,
4000298739,代数系入門,松坂和夫／著,岩波書店,1976,Yes,https://www.lib.sophia.ac.jp/opac/opac_openurl?ncid=BB27181144,
4785312092,数学のとびら　ルベーグ積分と測度,山上滋／著,裳華房,20220228,Yes,https://www.lib.sophia.ac.jp/opac/opac_openurl?ncid=BC13003269,
4297125218,問題解決のための「アルゴリズム×数学」が基礎からしっかり身につく本,米田優峻／著,技術評論社,20211225,Yes,https://www.lib.sophia.ac.jp/opac/opac_openurl?ncid=BC11838746,
4627856415,コンピュータサイエンスにおける様相論理,鹿島亮／著,森北出版,20220120,Yes,https://www.lib.sophia.ac.jp/opac/opac_openurl?ncid=BC12324744,
4535067554,佐藤隆三著作集５　技術変化と経済不変性の理論,佐藤隆三／著,日本評論社,20161118,Yes,https://www.lib.sophia.ac.jp/opac/opac_openurl?ncid=BB22622774,
4106038757,怪異猟奇ミステリー全史,風間賢二／著,新潮社,20220126,Yes,https://www.lib.sophia.ac.jp/opac/opac_openurl?ncid=BC12480488,
4760151710,ユダヤ神話・呪術・神秘思想事典,ジェフリー・W・デニス／著 木村光二／翻訳,柏書房,20200127,Yes,https://www.lib.sophia.ac.jp/opac/opac_openurl?ncid=BB29619246,
4326504331,ダメな統計学 悲惨なほど完全なる手引書,アレックス・ラインハート／著 西原史暁／翻訳,勁草書房,20170127,Yes,https://www.lib.sophia.ac.jp/opac/opac_openurl?ncid=BB22900913,
478531592X,手を動かしてまなぶ ε-δ論法,藤岡敦／著,裳華房,20211220,Yes,https://www.lib.sophia.ac.jp/opac/opac_openurl?ncid=BC11951217,
4489021291,入門確率解析とルベーグ積分,森真／著,東京図書,2012-06,Yes,https://www.lib.sophia.ac.jp/opac/opac_openurl?ncid=BB09394642,
4004319102,民俗学入門,菊地暁／著,岩波書店,20220124,Yes,https://www.lib.sophia.ac.jp/opac/opac_openurl?ncid=BC12229007,
4758910235,現代高等英文法 学習文法から科学文法へ,八木克正／著,開拓社,20211005,Yes,https://www.lib.sophia.ac.jp/opac/opac_openurl?ncid=BC10102989,
4320015541,線形代数,佐武一郎／著,共立出版,19970101,Yes,https://www.lib.sophia.ac.jp/opac/opac_openurl?ncid=BA30139466,https://mathlib-sophia.opac.jp/opac/Advanced_search/search?isbn=4320015541&mtl1=1&mtl2=1&mtl3=1&mtl4=1&mtl5=1
4297108216,動かしてわかる CPUの作り方10講,井澤裕司／著,技術評論社,20190821,Yes,https://www.lib.sophia.ac.jp/opac/opac_openurl?ncid=BB28696831,
4320122674,20世紀のトップ10アルゴリズム,金田行雄／監修 笹井理生／監修 張紹良／編集,共立出版,20220120,Yes,https://www.lib.sophia.ac.jp/opac/opac_openurl?ncid=BC12116929,
4254280041,新版 数理計画入門,福島雅夫／著,朝倉書店,20110215,Yes,https://www.lib.sophia.ac.jp/opac/opac_openurl?ncid=BB04975808,
4766422538,数理経済学の源流と展開,武藤功／編著 花薗誠／著・編集,慶應義塾大学出版会,20150827,Yes,https://www.lib.sophia.ac.jp/opac/opac_openurl?ncid=BB19417132,
453555997X,計算経済学,釜国男／著,日本評論社,20210301,Yes,https://www.lib.sophia.ac.jp/opac/opac_openurl?ncid=BC05960541,
4000297074,学術出版の来た道,有田正規／著,岩波書店,20211011,Yes,https://www.lib.sophia.ac.jp/opac/opac_openurl?ncid=BC1028015X,
4297104636,数学から創るジェネラティブアート : Processingで学ぶかたちのデザイン,"巴山竜来著,巴山, 竜来,",技術評論社,,Yes,https://www.lib.sophia.ac.jp/opac/opac_openurl?ncid=BB28076746,
4764925095,信号解析入門,越川常治／著,近代科学社,1992-12,Yes,https://www.lib.sophia.ac.jp/opac/opac_openurl?ncid=BN08449528,
462707641X,工学系学生のための　複素関数攻略への一本道,板垣正文／著,森北出版,20090123,Yes,https://www.lib.sophia.ac.jp/opac/opac_openurl?ncid=BA88933825,
4627870019,超巨大リスクの定量的評価,B.JohnGarrick／著 山口彰／翻訳,森北出版,20211009,Yes,https://www.lib.sophia.ac.jp/opac/opac_openurl?ncid=BC10307405,
4791774191,データ視覚化の人類史,マイケル・フレンドリー／著 ハワード・ウェイナー／著 飯嶋貴子／翻訳,青土社,20211026,Yes,https://www.lib.sophia.ac.jp/opac/opac_openurl?ncid=BC10584110,
4627852916,はじめて学ぶオートマトンと言語理論,藤原暁宏／著,森北,2015-07,Yes,https://www.lib.sophia.ac.jp/opac/opac_openurl?ncid=BB19183767,
4627062419,Coq/SSReflect/MathCompによる定理証明,萩原学／著 アフェルト・レナルド／著,森北出版,20180418,Yes,https://www.lib.sophia.ac.jp/opac/opac_openurl?ncid=BB25944631,
4896942647,中世紋章史,津山拓也／翻訳,八坂書房,2019-08,Yes,https://www.lib.sophia.ac.jp/opac/opac_openurl?ncid=BB28770810,
4422215329,【図説】紋章学事典,スティーヴン・スレイター／著 朝治啓三／監修・翻訳,創元社,20190927,Yes,https://www.lib.sophia.ac.jp/opac/opac_openurl?ncid=BB28947239,
4627856318,はじめての神経回路シミュレーション,山﨑匡／著 五十嵐潤／著,森北出版,20211217,Yes,https://www.lib.sophia.ac.jp/opac/opac_openurl?ncid=BC11691772,
4320114469,ヘンテコ関数雑記帳,佐々木浩宣／著,共立出版,20210610,Yes,https://www.lib.sophia.ac.jp/opac/opac_openurl?ncid=BC07854658,
4790704297,交換の民族誌 : あるいは犬好きのための人類学入門,中川敏／著,世界思想社,1992-06,Yes,https://www.lib.sophia.ac.jp/opac/opac_openurl?ncid=BN07675587,
4787713205,無形民俗文化財が被災するということ,滝澤克彦／著 高倉浩樹／著,新泉社,2014-01,Yes,https://www.lib.sophia.ac.jp/opac/opac_openurl?ncid=BB14572863,
4326653930,日常に侵入する自己啓発,牧野智和／著,勁草書房,20150409,Yes,https://www.lib.sophia.ac.jp/opac/opac_openurl?ncid=BB18412869,
4326653728,自己啓発の時代 : 「自己」の文化社会学的探究,牧野智和／著,勁草書房,2012-03,Yes,https://www.lib.sophia.ac.jp/opac/opac_openurl?ncid=BB08665890,
4000614061,東大連続講義　歴史学の思考法,東京大学教養学部歴史学部会／編集,岩波書店,20200426,Yes,https://www.lib.sophia.ac.jp/opac/opac_openurl?ncid=BB30433744,
4000241796,なぜ歴史を学ぶのか,リン・ハント／著 長谷川貴彦／翻訳,岩波書店,20191018,Yes,https://www.lib.sophia.ac.jp/opac/opac_openurl?ncid=BB29042058,
4526075361,メカ屋のための脳科学入門 : 脳をリバースエンジニアリングする,高橋宏知／著,日刊工業新聞社,2016-3-25,Yes,https://www.lib.sophia.ac.jp/opac/opac_openurl?ncid=BB2096429X,
4627851618,計算論的神経科学,田中宏和／著,森北出版,20190614,Yes,https://www.lib.sophia.ac.jp/opac/opac_openurl?ncid=BB28349496,
432625131X,計算論的精神医学,国里愛彦／著 片平健太郎／著 沖村宰／著 山下祐一／著,勁草書房,20190125,Yes,https://www.lib.sophia.ac.jp/opac/opac_openurl?ncid=BB27595103,
4335358334,AI時代の法学入門 学際的アプローチ,太田勝造／編集 笠原毅彦／著 佐藤健／著 西貝吉晃／著 新田克己／著 福澤一吉／著,弘文堂,20200722,Yes,https://www.lib.sophia.ac.jp/opac/opac_openurl?ncid=BB31576554,
4422390058,フィールド言語学者、巣ごもる。,吉岡乾／著,創元社,20210622,Yes,https://www.lib.sophia.ac.jp/opac/opac_openurl?ncid=BC0802655X,
4320009304,神経美学 美と芸術の脳科学,石津智大／著 渡辺茂／解説,共立出版,20190829,Yes,https://www.lib.sophia.ac.jp/opac/opac_openurl?ncid=BB28810788,
4061975978,新約聖書外典,荒井献／編集・翻訳 八木誠一／翻訳 田川建三／翻訳 大貫隆／翻訳 小河陽／翻訳 青野太潮／翻訳 ほか,講談社,19971210,Yes,https://www.lib.sophia.ac.jp/opac/opac_openurl?ncid=BA34100225,
4121101200,日本の私立大学はなぜ生き残るのか,ジェレミー・ブレーデン／著 ロジャー・グッドマン／著 石澤麻子／翻訳,中央公論新社,20210909,Yes,https://www.lib.sophia.ac.jp/opac/opac_openurl?ncid=BC09702060,
4320096398,経済物理学,青山秀明／著,共立出版,20081028,Yes,https://www.lib.sophia.ac.jp/opac/opac_openurl?ncid=BA87633655,
4314010827,誤差論,"Gauss,CarlFriedrich／著 石川耕春／著 飛田武幸／著 ガウスカール・F.／著",紀伊国屋書店,1981-05,Yes,https://www.lib.sophia.ac.jp/opac/opac_openurl?ncid=BN00447427,
4909783806,親の手で病気にされる子どもたち,南部さおり／著,学芸みらい社,20210618,Yes,https://www.lib.sophia.ac.jp/opac/opac_openurl?ncid=BC08034208,
4750351334,大図鑑　コードの秘密,ポール・ルンダ／編 浜口稔／訳,明石書店,20210318,Yes,https://www.lib.sophia.ac.jp/opac/opac_openurl?ncid=BC06203836,
4000614835,アカデミアを離れてみたら,岩波書店編集部／著,岩波書店,20210806,Yes,https://www.lib.sophia.ac.jp/opac/opac_openurl?ncid=BC09081564,
4492314970,行動経済学入門,筒井義郎／著 佐々木俊一郎／著 山根承子／著 グレッグ・マルデワ／著,東洋経済新報社,20170428,Yes,https://www.lib.sophia.ac.jp/opac/opac_openurl?ncid=BB2362781X,
4787234781,アニメと声優のメディア史,石田美紀／著,青弓社,20201221,Yes,https://www.lib.sophia.ac.jp/opac/opac_openurl?ncid=BC0463354X,
4838233825,桃太郎の発生,花部英雄／著,三弥井書店,20210414,Yes,https://www.lib.sophia.ac.jp/opac/opac_openurl?ncid=BC07087286,
4791773829,悪魔学大全,ロッセル・ホープ・ロビンズ／著 松田和也／翻訳,青土社,20210525,Yes,https://www.lib.sophia.ac.jp/opac/opac_openurl?ncid=BC07554392,
4003367618,比較言語学入門,高津春繁／著,岩波書店,1992-05,Yes,https://www.lib.sophia.ac.jp/opac/opac_openurl?ncid=BN07629138,
4296000195,プログラムはなぜ動くのか 第３版　知っておきたいプログラミングの基礎知識,矢沢久雄／著,日経ＢＰ,20210514,Yes,https://www.lib.sophia.ac.jp/opac/opac_openurl?ncid=BC07290960,
4000056530,多変量解析入門 線形から非線形へ,小西貞則／著,岩波書店,20100126,Yes,https://www.lib.sophia.ac.jp/opac/opac_openurl?ncid=BB00828710,
4336070903,「探偵小説」の考古学,レジス・メサック／著 石橋正孝／監修・翻訳 池田潤／翻訳 佐々木匠／翻訳 白鳥光／翻訳 ほか,国書刊行会,20210716,Yes,https://www.lib.sophia.ac.jp/opac/opac_openurl?ncid=BC08627491,
4883841405,入門統計解析,倉田博史／著 星野崇宏／著,新世社 : サイエンス社,2009-12,Yes,https://www.lib.sophia.ac.jp/opac/opac_openurl?ncid=BB00499991,
4475018722,古アイスランド語入門,"下宮忠雄, 金子貞雄 著,下宮, 忠雄, 1935-,",大学書林,"Thu, 28 Jul 2022 09:00:00 +0900",Yes,https://www.lib.sophia.ac.jp/opac/opac_openurl?ncid=BA75297696,
4103137010,エッダ : 古代北欧歌謡集,"JónHelgason／著 Kuhn,Hans／著 Neckel,Gustav／著 ほか",新潮社,1973-01,Yes,https://www.lib.sophia.ac.jp/opac/opac_openurl?ncid=BN02432613,
4787234919,就職と体育会系神話,束原文郎／著,青弓社,20210727,Yes,https://www.lib.sophia.ac.jp/opac/opac_openurl?ncid=BC08820720,
4480098801,西洋古典学入門 叙事詩から演劇詩へ,久保正彰／著,筑摩書房,20180808,Yes,https://www.lib.sophia.ac.jp/opac/opac_openurl?ncid=BB26615431,
4880655066,ダム建設と地域住民補償,古賀邦雄／著,水曜社,20210624,Yes,https://www.lib.sophia.ac.jp/opac/opac_openurl?ncid=BC08164043,
4560509085,チェスへの招待,"Maufras,Jérôme／著 小倉尚子／翻訳 成相恭二／翻訳 MaufrasJ'er^ome／著 ほか",白水社,2007-01,Yes,https://www.lib.sophia.ac.jp/opac/opac_openurl?ncid=BA80142666,
4560509964,セクトの宗教社会学,ナタリ・リュカ／著 伊達聖伸／翻訳,白水社,20141121,Yes,https://www.lib.sophia.ac.jp/opac/opac_openurl?ncid=BB17236953,
4641165777,ゲーム理論〔第3版〕,岡田章／著,有斐閣,20210311,Yes,https://www.lib.sophia.ac.jp/opac/opac_openurl?ncid=BC06049408,
4863134606,世界の地下都市 大解剖,マーク・オーブンデン／著 梅田智世／翻訳 竹花秀春／翻訳 ナショナルジオグラフィック／編集,日経ナショナルジオグラフィック社,20210219,Yes,https://www.lib.sophia.ac.jp/opac/opac_openurl?ncid=BC05590373,
406522442X,〈イスラーム世界〉とは何か　「新しい世界史」を描く,羽田正／著,講談社,20210212,Yes,https://www.lib.sophia.ac.jp/opac/opac_openurl?ncid=BC05492159,
4904575865,萌える人類学者,"馬場 淳／編,平田 晶子／編,森 昭子／編,小西 公大／編,馬場 淳,平田 晶子,森 昭子,小西 公大,馬場 淳,平田 晶子,森 昭子,小西 公大,",東京外国語大学出版会,,Yes,https://www.lib.sophia.ac.jp/opac/opac_openurl?ncid=BC06506656,
4903908984,うしろめたさの人類学,松村圭一郎／著,ミシマ社,20170916,Yes,https://www.lib.sophia.ac.jp/opac/opac_openurl?ncid=BB24488253,
4344983874,子どものまま中年化する若者たち,鍋田恭孝／著,幻冬舎,2015-07,Yes,https://www.lib.sophia.ac.jp/opac/opac_openurl?ncid=BB19260653,
4535601097,初等整数論,遠山啓／著,日本評論社,1972-01,Yes,https://www.lib.sophia.ac.jp/opac/opac_openurl?ncid=BN00574592,https://mathlib-sophia.opac.jp/opac/Advanced_search/search?isbn=4535601097&mtl1=1&mtl2=1&mtl3=1&mtl4=1&mtl5=1
4000068776,代数入門,上野健爾／著,岩波書店,20040507,Yes,https://www.lib.sophia.ac.jp/opac/opac_openurl?ncid=BA66885740,https://mathlib-sophia.opac.jp/opac/Advanced_search/search?isbn=4000068776&mtl1=1&mtl2=1&mtl3=1&mtl4=1&mtl5=1
4902666383,課題解決のための専門図書館ガイドブック,"専門図書館協議会私立図書館小委員会編,専門図書館協議会私立図書館小委員会,",読書工房,,Yes,https://www.lib.sophia.ac.jp/opac/opac_openurl?ncid=BC01906679,
4865280111,戦前尖端語辞典,平山亜佐子／著・編集 山田参助／絵・漫画,左右社,20210131,Yes,https://www.lib.sophia.ac.jp/opac/opac_openurl?ncid=BC05502489,
4061589962,魔術から数学へ,森毅／著,講談社,19911105,Yes,https://www.lib.sophia.ac.jp/opac/opac_openurl?ncid=BN06923694,
4121026055,民衆暴力―一揆・暴動・虐殺の日本近代,藤野裕子／著,中央公論新社,20200821,Yes,https://www.lib.sophia.ac.jp/opac/opac_openurl?ncid=BC01959959,
4787220454,テキヤ稼業のフォークロア,厚香苗／著,青弓社,20120218,Yes,https://www.lib.sophia.ac.jp/opac/opac_openurl?ncid=BB08436215,
433403795X,テキヤはどこからやってくるのか？,厚香苗／著,光文社,20140417,Yes,https://www.lib.sophia.ac.jp/opac/opac_openurl?ncid=BB15377761,
4480098682,精講　漢文,前野直彬／著,筑摩書房,20180808,Yes,https://www.lib.sophia.ac.jp/opac/opac_openurl?ncid=BB26616172,
4422390031,現地嫌いなフィールド言語学者、かく語りき。,吉岡乾／著,創元社,20190827,Yes,https://www.lib.sophia.ac.jp/opac/opac_openurl?ncid=BB28759782,
4639024703,齊民要術 : 現存する最古の料理書,"[賈思勰] [著],田中静一, 小島麗逸, 太田泰弘 編訳,賈, 思勰, 後魏代,田中, 静一, 1913-,小島, 麗逸, 1934-,太田, 泰弘, 1930-,",雄山閣,"Wed, 31 May 2017 09:00:00 +0900",Yes,https://www.lib.sophia.ac.jp/opac/opac_openurl?ncid=BB23336883,
430922699X,マタギ聞き書き その狩猟民俗と怪異譚,武藤鉄城／著,河出書房新社,20170417,Yes,https://www.lib.sophia.ac.jp/opac/opac_openurl?ncid=BB23573233,
4480432841,モチーフで読む美術史２,宮下規久朗／著,筑摩書房,20150708,Yes,https://www.lib.sophia.ac.jp/opac/opac_openurl?ncid=BB12939854,
4750349267,アーカイブズ論 記録のちからと現代社会,スー・マケミッシュ／編 マイケル・ピゴット／編 バーバラ・リード／編 フランク・アップウォード／編 ほか,明石書店,20191225,Yes,https://www.lib.sophia.ac.jp/opac/opac_openurl?ncid=BB2952112X,
4816919813,入門・アーカイブズの世界 : 記憶と記録を未来に : 翻訳論文集,日本アーカイブズ学会／著 記録管理学会／著,日外アソシエーツ,2006-06,Yes,https://www.lib.sophia.ac.jp/opac/opac_openurl?ncid=BA77324778,
4339009393,ひたすら楽して音響信号解析,森勢将雅／著,コロナ社,20210125,Yes,https://www.lib.sophia.ac.jp/opac/opac_openurl?ncid=BC05084141,
4315523275,MATH ART マス・アート 〜真理，美，そして方程式〜,スティーヴン・オーンズ／著 巴山竜来／監修 赤池ともえ／翻訳,ニュートンプレス,20210125,Yes,https://www.lib.sophia.ac.jp/opac/opac_openurl?ncid=BC0504654X,
4865592334,踊るバロック,赤塚健太郎／著,アルテスパブリッシング,20210225,Yes,https://www.lib.sophia.ac.jp/opac/opac_openurl?ncid=BC05590883,
4254131291,物理学者，機械学習を使う,橋本幸士／著・編集 大槻東巳／著 真野智裕／著 斎藤弘樹／著 藤田浩之／著 安藤康伸／著 ほか,朝倉書店,20191015,Yes,https://www.lib.sophia.ac.jp/opac/opac_openurl?ncid=BB29005619,
4562059079,図説　世界地下名所百科,クリス・フィッチ／著 上京恵／翻訳,原書房,20210219,Yes,https://www.lib.sophia.ac.jp/opac/opac_openurl?ncid=BC05584756,
4876987971,データ同化,,京都大学学術出版会,20090820,Yes,https://www.lib.sophia.ac.jp/opac/opac_openurl?ncid=BA91090804,
4873119332,計算できるもの、計算できないもの,JohnMacCormick／著 松崎公紀／翻訳 長尾高弘／翻訳,オライリー・ジャパン,20201224,Yes,https://www.lib.sophia.ac.jp/opac/opac_openurl?ncid=BC04631770,
4873119294,初めてのマルウェア解析,MonnappaKA／著 石川朝久／翻訳 北原憲／監修 中津留勇／監修,オライリー・ジャパン,20201215,Yes,https://www.lib.sophia.ac.jp/opac/opac_openurl?ncid=BC0451372X,
4000201018,漢文入門,小川環樹／著 西田太一郎／著,岩波書店,19571130,Yes,https://www.lib.sophia.ac.jp/opac/opac_openurl?ncid=BN00674054,
4862852319,地獄と煉獄のはざまで,石坂尚武／著,知泉書館,20160331,Yes,https://www.lib.sophia.ac.jp/opac/opac_openurl?ncid=BB21191972,
400311521X,量子力学と私,朝永振一郎／著 江沢洋／著,岩波書店,1997-01,Yes,https://www.lib.sophia.ac.jp/opac/opac_openurl?ncid=BN15718710,
4121025237,古代オリエントの神々,小林登志子／著,中央公論新社,20190121,Yes,https://www.lib.sophia.ac.jp/opac/opac_openurl?ncid=BB27551855,
4276123739,新版 音楽の科学,ホアンＧローダラー／著 髙野光司／翻訳 安藤四一／翻訳,音楽之友社,20141008,Yes,https://www.lib.sophia.ac.jp/opac/opac_openurl?ncid=BB16810157,
4276123119,楽器の音響学,安藤由典／著,音楽之友社,,Yes,https://www.lib.sophia.ac.jp/opac/opac_openurl?ncid=BN14012626,
4873119200,生成 Deep Learning,DavidFoster／著 松田晃一／翻訳 小沼千絵／翻訳,オライリー・ジャパン,20201005,Yes,https://www.lib.sophia.ac.jp/opac/opac_openurl?ncid=BC02850638,
4422203436,フィッシュ・アンド・チップスの歴史,パニコス・パナイー／著 栢木清吾／翻訳,創元社,20200917,Yes,https://www.lib.sophia.ac.jp/opac/opac_openurl?ncid=BC02613814,
4004202884,読書と社会科学,内田義彦／著,岩波書店,19850121,Yes,https://www.lib.sophia.ac.jp/opac/opac_openurl?ncid=BN00338432,
4260036742,研究の育て方,近藤克則／著,医学書院,20181022,Yes,https://www.lib.sophia.ac.jp/opac/opac_openurl?ncid=BB27055911,
448042587X,反社会学講座,"パオロ・マッツァリーノ 著,パオロ・マッツァリーノ,",筑摩書房,"Fri, 19 Jun 2009 09:00:00 +0900",Yes,https://www.lib.sophia.ac.jp/opac/opac_openurl?ncid=BA82471895,
4480423567,反社会学講座,"パオロ・マッツァリーノ 著,パオロ・マッツァリーノ,",筑摩書房,"Thu, 30 Aug 2007 09:00:00 +0900",Yes,https://www.lib.sophia.ac.jp/opac/opac_openurl?ncid=BA82471895,
4121026136,古代メソポタミア全史,小林登志子／著,中央公論新社,20201021,Yes,https://www.lib.sophia.ac.jp/opac/opac_openurl?ncid=BC03233976,
463415062X,タロットの歴史,井上教子／著,山川出版社,2014-11,Yes,https://www.lib.sophia.ac.jp/opac/opac_openurl?ncid=BB17486644,
4887218222,魔術の人類史,"Greenwood,Susan／著 田内志文／著 グリーンウッドスーザン／著",東洋書林,2015-09,Yes,https://www.lib.sophia.ac.jp/opac/opac_openurl?ncid=BB19651446,
4875253141,四元数の発見,矢野忠／著,海鳴社,20140919,Yes,https://www.lib.sophia.ac.jp/opac/opac_openurl?ncid=BB16774858,
4822283119,ネットワークはなぜつながるのか : 知っておきたいTCP/IP、LAN、光ファイバの基礎知識,戸根勤／著 日経BP／著 日経NETWORK／監修,日経BP社 : 日経BP出版センター,2007-04,Yes,https://www.lib.sophia.ac.jp/opac/opac_openurl?ncid=BA8161483X,
4627854714,計算モデルとプログラミング,猪股俊光／著 山田敬三／著,森北出版,20190419,Yes,https://www.lib.sophia.ac.jp/opac/opac_openurl?ncid=BB28106825,
4560097283,〈賄賂〉のある暮らし,岡奈津子／著,白水社,20191029,Yes,https://www.lib.sophia.ac.jp/opac/opac_openurl?ncid=BB29137336,
4750516597,地下世界をめぐる冒険,ウィル・ハント／著 棚橋志行／翻訳,亜紀書房,20200826,Yes,https://www.lib.sophia.ac.jp/opac/opac_openurl?ncid=BC02154262,
4022950579,日本中世への招待,呉座勇一／著,朝日新聞出版,20200213,Yes,https://www.lib.sophia.ac.jp/opac/opac_openurl?ncid=BB29630318,
476014580X,歴史好きのための古文書入門,高尾善希／著,柏書房,2015-05,Yes,https://www.lib.sophia.ac.jp/opac/opac_openurl?ncid=BB18523440,
4478067317,絶滅できない動物たち,Ｍ・Ｒ・オコナー／著 大下英津子／翻訳,ダイヤモンド社,20180928,Yes,https://www.lib.sophia.ac.jp/opac/opac_openurl?ncid=BB27044766,
4309253865,核は暴走する　下,エリック・シュローサー／著 布施由紀子／翻訳,河出書房新社,20180727,Yes,https://www.lib.sophia.ac.jp/opac/opac_openurl?ncid=BB26562266,
4309253857,核は暴走する　上,エリック・シュローサー／著 布施由紀子／翻訳,河出書房新社,20180727,Yes,https://www.lib.sophia.ac.jp/opac/opac_openurl?ncid=BB26562266,
4044005478,オノマトペ 擬音語・擬態語の世界,小野正弘／著,ＫＡＤＯＫＡＷＡ,20191224,Yes,https://www.lib.sophia.ac.jp/opac/opac_openurl?ncid=BB29432766,
4766425197,歴史は実験できるのか,ジャレド・ダイアモンド／訳 ジェイムズ・A・ロビンソン／著・編集 小坂恵理／翻訳,慶應義塾大学出版会,20180606,Yes,https://www.lib.sophia.ac.jp/opac/opac_openurl?ncid=BB26246299,
4004318351,紫外線の社会史 見えざる光が照らす日本,金凡性／著,岩波書店,20200522,Yes,https://www.lib.sophia.ac.jp/opac/opac_openurl?ncid=BB30568481,
4787210459,バラエティ化する宗教,石井研士／編著,青弓社,20101022,Yes,https://www.lib.sophia.ac.jp/opac/opac_openurl?ncid=BB03807080,
4047034363,和本の海へ : 豊饒の江戸文化,中野三敏／著,角川学芸 : 角川グループパブリッシング,2009-02,Yes,https://www.lib.sophia.ac.jp/opac/opac_openurl?ncid=BA88966212,
4422143980,初期キリスト教・ビザンティン図像学研究,瀧口美香／著,創元社,20180131,Yes,https://www.lib.sophia.ac.jp/opac/opac_openurl?ncid=BB2554346X,
483186238X,近世仏書の文化史,万波寿子／著,法藏館,20180322,Yes,https://www.lib.sophia.ac.jp/opac/opac_openurl?ncid=BB25843361,
4815808171,〈驚異〉の文化史,山中由里子／編,名古屋大学出版会,20151023,Yes,https://www.lib.sophia.ac.jp/opac/opac_openurl?ncid=BB19794443,
4560095590,写本の文化誌,クラウディア・ブリンカー・フォン・デア・ハイデ／著 一條麻美子／翻訳,白水社,20170723,Yes,https://www.lib.sophia.ac.jp/opac/opac_openurl?ncid=BB24100372,
4152091665,予想どおりに不合理,"Ariely,Dan／著 熊谷淳子／翻訳 アリエリーダン／著",早川書房,2010-10,Yes,https://www.lib.sophia.ac.jp/opac/opac_openurl?ncid=BB0364973X,
4582761089,日本残酷物語 保障なき社会,宮本常一／著,平凡社,1995-07,Yes,https://www.lib.sophia.ac.jp/opac/opac_openurl?ncid=BN13002547,
4582761046,日本残酷物語 鎖国の悲劇,宮本常一／著,平凡社,1995-06,Yes,https://www.lib.sophia.ac.jp/opac/opac_openurl?ncid=BN1268787X,
4582761127,日本残酷物語 近代の暗黒,宮本常一／著 山代巴／著 山本周五郎／著 楫西光速／著,平凡社,1995-08,Yes,https://www.lib.sophia.ac.jp/opac/opac_openurl?ncid=BN13002616,
4582760996,日本残酷物語 忘れられた土地,宮本常一／著 山代巴／著 山本周五郎／著 楫西光速／著,平凡社,1995-05,Yes,https://www.lib.sophia.ac.jp/opac/opac_openurl?ncid=BN12530652,
4582760953,日本残酷物語 貧しき人々のむれ,,平凡社,1995-04,Yes,https://www.lib.sophia.ac.jp/opac/opac_openurl?ncid=BN1240734X,
476490408X,アルゴリズムイントロダクション 第3版　総合版,Ｔコルメン／著 Ｃライザーソン／著 Ｒリベスト／著 Ｃシュタイン／著 浅野哲夫／翻訳 ほか,近代科学社,20131217,Yes,https://www.lib.sophia.ac.jp/opac/opac_openurl?ncid=BB14321546,
4309224881,憑き物耳袋,倉光清六／著,河出書房新社,2008-08,Yes,https://www.lib.sophia.ac.jp/opac/opac_openurl?ncid=BA86876709,
4000111442,時空の力学 : 一般相対論の物理,細谷暁夫／著,岩波書店,2002-04,Yes,https://www.lib.sophia.ac.jp/opac/opac_openurl?ncid=BA56416936,
4766425677,ビデオゲームの美学,松永伸司／著,慶應義塾大学出版会,20181020,Yes,https://www.lib.sophia.ac.jp/opac/opac_openurl?ncid=BB27046466,
4788516063,デジタル記号論,松本健太郎／著,新曜社,20190208,Yes,https://www.lib.sophia.ac.jp/opac/opac_openurl?ncid=BB27701696,
477419607X,試して理解Linuxのしくみ : 実験と図解で学ぶOSとハードウェアの基礎知識,武内覚／著,技術評論社,2018-3-8,Yes,https://www.lib.sophia.ac.jp/opac/opac_openurl?ncid=BB25526074,
433902905X,1から始める Juliaプログラミング,進藤裕之／著 佐藤建太／著,コロナ社,20200327,Yes,https://www.lib.sophia.ac.jp/opac/opac_openurl?ncid=BB30062573,
4297105594,実践Rust入門[言語仕様から開発手法まで],κeen、河野達也、小松礼人／著,技術評論社,20190508,Yes,https://www.lib.sophia.ac.jp/opac/opac_openurl?ncid=BB28124281,
4873118476,作って動かすALife,岡瑞起／著 池上高志／著 ドミニクチェン／著 青木竜太／著 丸山典宏／著,オライリー・ジャパン,20180728,Yes,https://www.lib.sophia.ac.jp/opac/opac_openurl?ncid=BB26563542,
4792217091,誤訳の典型,中原道喜／著,聖文新社,20100901,Yes,https://www.lib.sophia.ac.jp/opac/opac_openurl?ncid=BB03288802,
4327452327,英語のしくみと訳しかた,真野泰／著,研究社,2010-08,Yes,https://www.lib.sophia.ac.jp/opac/opac_openurl?ncid=BB03139358,
4627854919,多倍長精度数値計算,幸谷智紀／著,森北出版,20191122,Yes,https://www.lib.sophia.ac.jp/opac/opac_openurl?ncid=BB29274596,
4535783616,インドラの真珠 : クラインの夢みた世界,"Mumford,David／著 Series,Caroline／著 Wright,DavidJames／著 ほか",日本評論社,2013-03,Yes,https://www.lib.sophia.ac.jp/opac/opac_openurl?ncid=BB11984092,https://mathlib-sophia.opac.jp/opac/Advanced_search/search?isbn=4535783616&mtl1=1&mtl2=1&mtl3=1&mtl4=1&mtl5=1
4121007409,元禄御畳奉行の日記 : 尾張藩士の見た浮世,神坂次郎／著,中央公論社,1984-09,Yes,https://www.lib.sophia.ac.jp/opac/opac_openurl?ncid=BN00371030,
4000291467,古典注釈入門 歴史と技法,鈴木健一／著,岩波書店,2014-10,Yes,https://www.lib.sophia.ac.jp/opac/opac_openurl?ncid=BB16865148,
4393299272,情報時代のオウム真理教,井上順孝／編集 国際宗教研究所宗教情報リサーチセンター／著 宗教情報リサーチセンター／著 ほか,春秋社,2011-07,Yes,https://www.lib.sophia.ac.jp/opac/opac_openurl?ncid=BB06367224,
4003600371,子規紀行文集,復本一郎／編集,岩波書店,20191215,Yes,https://www.lib.sophia.ac.jp/opac/opac_openurl?ncid=BB29378514,
4003326210,随園食単,袁枚／著 青木正児／翻訳,岩波書店,19800116,Yes,https://www.lib.sophia.ac.jp/opac/opac_openurl?ncid=BN00770670,
4787273566,ロバート・キャパの謎,吉岡栄二郎／著,青弓社,20140823,Yes,https://www.lib.sophia.ac.jp/opac/opac_openurl?ncid=BB16567048,
4794810679,ハイン　地の果ての祭典,アン・チャップマン／著 大川豪司／翻訳,新評論,20170424,Yes,https://www.lib.sophia.ac.jp/opac/opac_openurl?ncid=BB23659984,
4320113837,１足す１から現代数論へ,AvnerAsh／著 RobertGross／著 新妻弘／翻訳,共立出版,20190727,Yes,https://www.lib.sophia.ac.jp/opac/opac_openurl?ncid=BB2866410X,
4788515350,セミオトポス 12　「美少女」の記号論,日本記号学会／編集,新曜社,20170831,Yes,https://www.lib.sophia.ac.jp/opac/opac_openurl?ncid=BB24387642,
4106108208,ケーキの切れない非行少年たち,宮口幸治／著,新潮社,20190713,Yes,https://www.lib.sophia.ac.jp/opac/opac_openurl?ncid=BB28553379,
4327472360,グロリアーナの祝祭,竹村はるみ／著,研究社,20180822,Yes,https://www.lib.sophia.ac.jp/opac/opac_openurl?ncid=BB26654171,
4309416837,グレン・グールド,吉田秀和／著,河出書房新社,20190508,Yes,https://www.lib.sophia.ac.jp/opac/opac_openurl?ncid=BB28112078,
4582415288,共同研究ポルノグラフィー,大浦康介／著 京都大学人文科学研究所共同研究班／著,平凡社,2011-04,Yes,https://www.lib.sophia.ac.jp/opac/opac_openurl?ncid=BB05482872,
478727340X,戦後日本の聴覚文化 音楽・物語・身体,広瀬正浩／著,青弓社,20130920,Yes,https://www.lib.sophia.ac.jp/opac/opac_openurl?ncid=BB13671564,
479176496X,指紋論 : 心霊主義から生体認証まで,橋本一径／著,青土社,2010-11,Yes,https://www.lib.sophia.ac.jp/opac/opac_openurl?ncid=BB03761649,
4130101404,イメージ学の現在,坂本泰宏／編集 田中純／編集 竹峰義和／編集,東京大学出版会,20190501,Yes,https://www.lib.sophia.ac.jp/opac/opac_openurl?ncid=BB28116567,
4787233211,サブカルで読むセクシュアリティ,谷川建司／編著 王向華／編著 呉咏梅／編著,青弓社,20101122,Yes,https://www.lib.sophia.ac.jp/opac/opac_openurl?ncid=BB04115377,
4815807302,アニメ・マシーン,トーマス・ラマール／訳 藤木秀朗／監修 大﨑晴美／翻訳,名古屋大学出版会,2013-05-01,Yes,https://www.lib.sophia.ac.jp/opac/opac_openurl?ncid=BB1248497X,
4887218184,黒の文化史,"Harvey,J.R.／著 Harvey,JohnRobert／著 富岡由美／翻訳 ほか",東洋書林,2014-07,Yes,https://www.lib.sophia.ac.jp/opac/opac_openurl?ncid=BB16294251,
4065162629,ディープラーニングと物理学　原理がわかる、応用ができる,田中章詞／著 富谷昭夫／著 橋本幸士／著,講談社,20190622,Yes,https://www.lib.sophia.ac.jp/opac/opac_openurl?ncid=BB28386200,
4873118816,Python計算機科学新教本,DavidKopec／著 黒川利明／翻訳,オライリー・ジャパン,20190626,Yes,https://www.lib.sophia.ac.jp/opac/opac_openurl?ncid=BB2842988X,
4385365326,ビジュアル音声学,川原繁人／著,三省堂,20180628,Yes,https://www.lib.sophia.ac.jp/opac/opac_openurl?ncid=BB26350734,
4909710051,いかにしてアーサー王は日本で受容されサブカルチャー界に君臨したか〈アーサー版〉,岡本広毅／編 小宮真樹子／編,みずき書林,20190310,Yes,https://www.lib.sophia.ac.jp/opac/opac_openurl?ncid=BB27953145,
4163910174,世にも危険な医療の世界史,リディア・ケイン／著 ネイト・ピーダーセン／著 福井久美子／翻訳,文藝春秋,20190418,Yes,https://www.lib.sophia.ac.jp/opac/opac_openurl?ncid=BB28150747,
4582513352,10万個の子宮,村中璃子／著,平凡社,20180209,Yes,https://www.lib.sophia.ac.jp/opac/opac_openurl?ncid=BB25525763,
4861826500,夢と幽霊の書,アンドルー・ラング／著 ないとうふみこ／翻訳 吉田篤弘／解説,作品社,20170821,Yes,https://www.lib.sophia.ac.jp/opac/opac_openurl?ncid=BB24258231,
4802510705,THE BOOK OF CIRCLES,マニュエル・リマ／著 三中信宏／翻訳,ビー・エヌ・エヌ新社,20180223,Yes,https://www.lib.sophia.ac.jp/opac/opac_openurl?ncid=BB25833856,
4896942612,鐘の本 : ヨーロッパの音と祈りの民俗誌,"パウル・ザルトーリ [著],吉田孝夫 訳,Sartori, Paul, 1857-1936,吉田, 孝夫, 1968-,",八坂書房,"Tue, 18 Jun 2019 09:00:00 +0900",Yes,https://www.lib.sophia.ac.jp/opac/opac_openurl?ncid=BB28066684,
4896942523,西欧中世宝石誌の世界 : アルベルトゥス・マグヌス『鉱物書』を読む,"アルベルトゥス・マグヌス [著],大槻真一郎 著,澤元亙 編,Albertus, 1193?-1280,大槻, 真一郎, 1926-2016,澤元, 亙, 1965-,",八坂書房,"Tue, 11 Sep 2018 09:00:00 +0900",Yes,https://www.lib.sophia.ac.jp/opac/opac_openurl?ncid=BB26857849,
4896942337,ピカトリクス 中世星辰魔術集成,大橋喜之／翻訳,八坂書房,2017-04,Yes,https://www.lib.sophia.ac.jp/opac/opac_openurl?ncid=BB23575749,
4105067060,性の歴史 ３ 自己への配慮,ミシェル・フーコー／著,新潮社,19870428,Yes,https://www.lib.sophia.ac.jp/opac/opac_openurl?ncid=BN01003699,
4105067052,性の歴史 ２ 快楽の活用,ミシェル・フーコー／著,新潮社,19861103,Yes,https://www.lib.sophia.ac.jp/opac/opac_openurl?ncid=BN00561207,
4105067044,性の歴史 １ 知への意志,ミシェル・フーコー／著,新潮社,19860912,Yes,https://www.lib.sophia.ac.jp/opac/opac_openurl?ncid=BN00482202,
456050931X,フェティシズム,"Assoun,Paul-Laurent／著 守谷てるみ／翻訳 西尾彰泰／翻訳 AssounPaul‐Laurent／著 ほか",白水社,2008-12,Yes,https://www.lib.sophia.ac.jp/opac/opac_openurl?ncid=BA8822579X,
4894348241,快楽の歴史,"Corbin,Alain／著 尾河直哉／翻訳",藤原書店,2011-10,Yes,https://www.lib.sophia.ac.jp/opac/opac_openurl?ncid=BB07235014,
4756602746,ポルノグラフィの発明,リン・ハント／編著 正岡和恵／訳 末廣幹／訳,ありな書房,20020801,Yes,https://www.lib.sophia.ac.jp/opac/opac_openurl?ncid=BA58464463,
4753103471,フェティッシュとは何か,ウィリアム・ピーツ／著 杉本隆司／翻訳,以文社,20180816,Yes,https://www.lib.sophia.ac.jp/opac/opac_openurl?ncid=BB2672780X,
4759818146,性倒錯者 だれもが秘める愛の逸脱,JesseBering／著 鈴木光太郎／翻訳,化学同人,20160115,Yes,https://www.lib.sophia.ac.jp/opac/opac_openurl?ncid=BB20578332,
4887217927,ニューヨーク地下都市の歴史,"Solis,Julia／著 綿倉実香／翻訳 ソリスジュリア／著",東洋書林,2011-07,Yes,https://www.lib.sophia.ac.jp/opac/opac_openurl?ncid=BB06454373,
4887217935,ベルリン地下都市の歴史,"Arnold,Dietmar／著 Arnold,Ingmar／著 Salm,Frieder／著 ほか",東洋書林,2011-09,Yes,https://www.lib.sophia.ac.jp/opac/opac_openurl?ncid=BB06972163,
4887217730,パリ地下都市の歴史,"Faÿ,Olivier／著 Liehr,Günter／著 古川まり／翻訳 Fa¨yOlivier／著 ほか",東洋書林,2009-09,Yes,https://www.lib.sophia.ac.jp/opac/opac_openurl?ncid=BA91531852,
4896941683,図説西洋護符大全,"Hansmann,Liselotte／著 Kriss-Rettenbeck,Lenz／著 ほか",八坂書房,2014-05,Yes,https://www.lib.sophia.ac.jp/opac/opac_openurl?ncid=BB15581462,
4562056010,赤の歴史文化図鑑,ミシェル・パストゥロー／著 蔵持不三也／翻訳 城谷民世／翻訳,原書房,20180926,Yes,https://www.lib.sophia.ac.jp/opac/opac_openurl?ncid=BB26944466,
4309227686,黒の服飾史,徳井淑子／著,河出書房新社,20190522,Yes,https://www.lib.sophia.ac.jp/opac/opac_openurl?ncid=BB28211127,
4839965366,ARの教科書,DieterSchmalstieg／著 TobiasHollerer／著 池田聖／編集 ほか,マイナビ出版,20180730,Yes,https://www.lib.sophia.ac.jp/opac/opac_openurl?ncid=BB26535401,
4894347326,身体の歴史,"Corbin,Alain／著 Courtine,Jean-Jacques／著 Vigarello,Georges／著 ほか",藤原書店,2010-03,Yes,https://www.lib.sophia.ac.jp/opac/opac_openurl?ncid=BB01562914,
4890134670,異常心理学大事典,"M.E.P.セリグマン, E.F.ウォーカー, D.L.ローゼンハン 著,上里一郎, 瀬戸正弘, 三浦正江 監訳,Seligman, Martin E. P, 1942-,Walker, Elaine F,Rosenhan, David L,上里, 一郎, 1933-2011,瀬戸, 正弘, 1966-,三浦, 正江, 1969-,",西村書店,"Thu, 08 Sep 2016 09:00:00 +0900",Yes,https://www.lib.sophia.ac.jp/opac/opac_openurl?ncid=BB21922863,
4784219676,説話研究を拓く,倉本一宏／編集,思文閣出版,20190307,Yes,https://www.lib.sophia.ac.jp/opac/opac_openurl?ncid=BB27944574,
4480081976,英文翻訳術,"安西徹雄 著,安西, 徹雄, 1933-2008,",筑摩書房,"Mon, 23 Mar 2009 09:00:00 +0900",Yes,https://www.lib.sophia.ac.jp/opac/opac_openurl?ncid=BN12502351,
4794215185,訴えられた遊女ネアイラ : 古代ギリシャのスキャンダラスな裁判騒動,"Hamel,Debra／著 脇本由佳／著 藤川芳朗／翻訳 ハメルデブラ／著",草思社,2006-08,Yes,https://www.lib.sophia.ac.jp/opac/opac_openurl?ncid=BA78198930,
4791771419,記号とシンボルの事典,スティーヴン・ウェッブ／著 松浦俊輔／翻訳,青土社,20190126,Yes,https://www.lib.sophia.ac.jp/opac/opac_openurl?ncid=BB27687030,
4896948181,西洋シンボル事典 : キリスト教美術の記号とイメージ,"Heinz-Mohr,Gerd／著 佐藤茂樹／翻訳 内田俊一／翻訳 宮川尚理／翻訳 ほか",八坂書房,2003-06,Yes,https://www.lib.sophia.ac.jp/opac/opac_openurl?ncid=BA62887813,
4562051256,フォト・ストーリー　英国の幽霊伝説,シャーン・エヴァンズ／著 村上リコ／監修・翻訳 田口未和／翻訳,原書房,20150126,Yes,https://www.lib.sophia.ac.jp/opac/opac_openurl?ncid=BB1794831X,
4480095349,数学で何が重要か,志村五郎／著,筑摩書房,20130508,Yes,https://www.lib.sophia.ac.jp/opac/opac_openurl?ncid=BB12393422,
4480094393,数学の好きな人のために :  続・数学をいかに使うか,"志村五郎著,志村, 五郎,",筑摩書房,,Yes,https://www.lib.sophia.ac.jp/opac/opac_openurl?ncid=BB08282144,https://mathlib-sophia.opac.jp/opac/Advanced_search/search?isbn=4480094393&mtl1=1&mtl2=1&mtl3=1&mtl4=1&mtl5=1
4480093257,数学をいかに使うか,"志村五郎 著,志村, 五郎, 1930-2019,",筑摩書房,"Wed, 15 May 2019 09:00:00 +0900",Yes,https://www.lib.sophia.ac.jp/opac/opac_openurl?ncid=BB04212431,https://mathlib-sophia.opac.jp/opac/Advanced_search/search?isbn=4480093257&mtl1=1&mtl2=1&mtl3=1&mtl4=1&mtl5=1
4805753293,続　　剣と愛と 中世ロマニアの文学,中央大学人文科学研究所／編,中央大学出版部,20061109,Yes,https://www.lib.sophia.ac.jp/opac/opac_openurl?ncid=BA68316713,
4807909312,続 狂気の科学,R.U.Schneider／著 石浦章一／監修 大塚仁子／著 原田公夫／翻訳,東京化学同人,20180312,Yes,https://www.lib.sophia.ac.jp/opac/opac_openurl?ncid=BB18708741,
