isbn_or_asin,book_title,author,publisher,published_date
4766430832,生成AIを活用したレポート・論文の書き方,伊藤貴之,慶應義塾大学出版会,
4140887559,予備校盛衰史 (NHK出版新書　755 ； 755),小林哲夫,ＮＨＫ出版,
4480095926,たべもの起源事典　世界編,岡田哲／著,筑摩書房,20140201
4480095233,たべもの起源事典　日本編,岡田哲／著,筑摩書房,20130501
486498123X,オックスフォード世界神話百科事典 上,デーヴィッド・リーミング／著 蔵持不三也／翻訳,柊風舎,202601
4168130754,殴り合う貴族たち 29 (文春学藝ライブラリー. 歴史),"繁田,信一,1968-",文藝春秋,201808
4906993893,平安貴族　嫉妬と寵愛の作法,,ジー・ビー,20200625
4903613348,社員が逮捕されたときに読む本100問100答,第一芙蓉法律事務所／著 小鍛冶広道／著,労働開発研究会,202510
4065415241,Kaggleではじめる大規模言語モデル入門　自然言語処理〈実践〉プログラミング (KS情報科学専門書),高野海斗 齋藤慎一朗 石原祥太郎,講談社,
453219539X,統計学を拓いた異才たち : 経験則から科学へ進展した一世紀 539 (日経ビジネス人文庫),"Salsburg,David,1931- 竹内,恵行,1962- 熊谷,悦生",日本経済新聞出版社,201004
4865811230,「愛国」という名の亡国論 : 「日本人すごい」が日本をダメにする,"窪田,順生",さくら舎,201711
4814401515,侵入技術入門 : bashで学ぶ攻撃者の技法,"Dolev Farhi,Nick Aleks,新井 悠,中島 佑允,高橋 福助,Dolev Farhi 著・文・その他,Nick Aleks 著・文・その他,新井 悠 監修,中島 佑允 翻訳,高橋 福助 翻訳",[object Object],"Fri, 9 Jan 2026 01:05:00 +0900"
4065406501,高速取引 : 株式市場にAIがもたらすマーケット・インパクト 350 (星海社新書),"水田,孝信",講談社,202509
4086806770,マナーはいらない　小説の書きかた講座 (集英社オレンジ文庫),三浦しをん 三宅瑠人,,
4893089846,爆弾犯の娘,梶原阿貴,ブックマン社,
479498037X,哲学者たちの＜ほんとう＞の仕事,ナシム・エル・カブリ 野村真依子,晶文社,
4297153378,ベクトル検索実践入門,真鍋知博,技術評論社,
4819114638,私が見た金正恩 : 北朝鮮亡命外交官の手記,"李,日奎,1972- 李,相哲,1959-",日本工業新聞社,202510
433404512X,警察官の出世と人事 1104 (光文社新書),"古野,まほろ",光文社,202012
404082444X,潜入取材、全手法 : 調査、記録、ファクトチェック、執筆に訴訟対策まで K-463 (角川新書),"横田,増生,1965-",KADOKAWA,202409
4296207385,ネットワーク図の描き方入門 : 分かりやすさ・見やすさのルールを学ぶ,萩原学 木村博之,日経ＢＰマーケティング,
4166615181,アフリカから来たランナーたち　箱根駅伝のケニア人留学生,泉／秀一,文藝春秋,
4334107567,Z家族～データが示す「若者と親」の近すぎる関係～ (光文社新書),博報堂生活総合研究所,,
4865372814,故人サイト (鉄人文庫),古田雄介,鉄人社,
4814401213,ソフトウェアエンジニアガイドブック : 世界基準エンジニアの成功戦略ロードマップ,GergelyOrosz 久富木隆一,オーム社,
4991425409,サイバー攻撃　その瞬間　社長の決定 (書籍),達城久裕,日販アイ・ピー・エス,
4562075740,韓国インスタントラーメンの世界,チ・ヨンジュン 中川里沙,原書房,
1108586627,English Grammar in Use Book with Answers and Interactive eBook: A Self-study Reference and Practice Book for Intermediate Learners of English,Raymond Murphy,Cambridge University Press,2019-01-24
4622090104,二つの文化と科学革命,"Snow,CharlesPercy,1905-1980 松井,巻之助,1913-1984",みすず書房,202104
4802513453,共鳴するコード、SuperColliderで創る音の世界,"田所,淳",ビー・エヌ・エヌ,202511
4866241195,長谷川町子の『新やじきた道中記』,長谷川町子,教育評論社,
4479570195,未解決殺人クラブ : 市民探偵たちの執念と正義の実録集,"Stow,Nicola 村井,理子,1970-",大和書房,202312
4334107532,考古学の黎明（れいめい）～最新研究で解き明かす人類史～ (光文社新書),小茄子川歩 関雄二,,
483997750X,競技プログラミングの鉄則 : アルゴリズム力と思考力を高める77の技術 (Compass Algorithms),"米田,優峻,2002-",マイナビ出版,202209
0500027773,The Artist's Palette The Palettes Behind the Paintings of 50 Great Artists,Alexandra Loske,Thames & Hudson,2024
4101281939,ガリンペイロ (新潮文庫),国分拓,,
4314011424,プリズン・ブック・クラブ : コリンズ・ベイ刑務所読書会の一年,"Walmsley,Ann 向井,和美",紀伊國屋書店,201609
4480434038,仁義なきキリスト教史 (ちくま文庫),架神恭介／著,筑摩書房,20161207
4330431130,東西「駅そば」探訪 : 和製ファストフードに見る日本の食文化 062 (交通新聞社新書),"鈴木,弘毅",交通新聞社,201312
4330919184,全国「駅ラーメン」探訪 : 地域に人を呼ぶ、ご当地の味 127 (交通新聞社新書),"鈴木,弘毅",交通新聞社,201810
4801300294,東京のディープなアジア人街,,彩図社,20140925
409825428X,ホス狂い : 歌舞伎町ネバーランドで女たちは今日も踊る 428 (小学館新書),"宇都宮,直子,1958-",小学館,202208
4093898111,渇愛 : 頂き女子りりちゃん,"宇都宮,直子,1977-",小学館,202507
4908468907,世界海賊版マンガ大全 Vol.2 (世界マンガ読本),大江・留・丈ニ／著,パブリブ,20251010
4757442769,Realize 英文「解釈」演習99［発展レベル］,山崎竜成／著,株式会社アルク,20251031
4903738515,知られざる英語の「素顔」 : 入試問題が教えてくれた言語事実47,山崎竜成 著,プレイス,"Mon, 20 Mar 2023 23:01:49 +0900"
4799328956,ハマトンの知的生活のすすめ,"Hamerton, Philip Gilbert, 1834-1894,三輪, 裕範, 1957-,P.G.ハマトン [著],三輪裕範 編訳",ディスカヴァー・トゥエンティワン,"Thu, 29 Sep 2022 20:11:40 +0900"
4861030560,チャラカの食卓 : 二千年前のインド料理,"伊藤,武,1957- 香取,薫",出帆新社,200808
4533138071,なんてこった!ざんねんなオリンピック物語,ウラケン・ボルボックス,JTBパブリッシング,202003
4344984722,きょうも傍聴席にいます あ-14-1 (幻冬舎新書),朝日新聞社,幻冬舎,201711
4094110011,シェルパ斉藤の行きあたりばっ旅 [1],"斉藤, 政喜,斉藤政喜著",小学館,"Fri, 9 Jan 2026 11:13:45 +0900"
4896941896,図説世界シンボル事典,"Biedermann,Hans,1930-1990 藤代,幸一,1932-2020 ほか",八坂書房,201504
4297127512,AWSの知識地図 = Amazon Web Services Roadmap : 現場必修の基礎から構築・セキュリティまで,"菊池,修治 深澤,俊 谷山,優依 洲崎,義人 伊豫谷,優希",技術評論社,202204
4903063909,ミーハンズ バーテンダー・マニュアル,ジム・ミーハン／著 二階堂行彦／訳,楽工社,20221202
4415008356,リキュールとカクテルの事典 : リキュールはもっと楽しめる,成美堂出版株式会社,成美堂出版,199907
4908686211,ゼロから始めるLean言語入門 手を動かして学ぶ形式数学ライブラリ開発,井上亜星／著,ラムダノート,20250904
4991020441,キャラクターの顔は「顔」なのか,太田碧／著,博論社,20250831
4801301681,封印されたアダルトビデオ (彩図社文庫),井川楊枝／著,彩図社,20160715
4296071076,ラズパイPicoベアメタル開発完全ガイド : C言語を使った高精度な組み込みシステム,"米田,聡",日経BPマーケティング,202509
4759825223,大英自然史博物館 珍鳥標本盗難事件 : なぜ美しい羽は狙われたのか (DOJIN文庫),カーク・ウォレス・ジョンソン 矢野真千子,化学同人,
4838733291,ピアノが弾けるようになる本,"Rhodes,James,1975-",マガジンハウス,202507
4778340922,闇バイトの歴史 : 　「名前のない犯罪」の系譜,藤原良,太田出版,
484591056X,SAVE THE CATの法則 : 本当に売れる脚本術,,フィルムアート社,20101022
4065406528,ルポ失踪 : 逃げた人間はどのような人生を送っているのか? 354 (星海社新書),"松本,祐貴,1977-",講談社,202509
4297150271,アナログ回路が一番わかる,野口卓朗,技術評論社,
4106110180,貧乏ピッツァ (新潮新書),ヤマザキマリ／著,新潮社,20231117
4865373020,ルポマンション麻雀 : バブル期から脈々と続く超高レート賭博の実態,福地誠,鉄人社,
4826902425,イギリス花粉学者の科学捜査ファイル : 自然が明かす犯罪の真相,"Wiltshire,PatriciaE.J 西田,美緒子",白揚社,202211
4297150565,Webフォント実践ガイド　　 Google Fontsではじめる 美しく機能的なタイポグラフィ,飯塚修平,技術評論社,
4866734477,世界のお弁当とソトごはん,"岡根谷,実里,1989-",三才ブックス,202504
4408651656,日本で唯一犯罪が許される場所,勝丸円覚,実業之日本社,
429520207X,色の大事典 : 基礎知識と配色・カラーチャート・伝統色・慣用色名 : DIGITAL COLORS for DESIGN,"井上,のきあ",インプレス (発売),202109
4798190209,Exercise JavaScript プログラマ脳を鍛える至高の問題集 (Exercise),FarazK.Kelhini 株式会社クイープ,翔泳社,
4798190195,Exercise C++ プログラマ脳を鍛える至高の問題集 (Exercise),AndersSchauKnatten 株式会社クイープ,翔泳社,
4562073764,シャーロック・ホームズと見るヴィクトリア朝英国の食卓と生活,"関矢,悦子",原書房,202312
4798067881,対戦型麻雀ゲームAIのアルゴリズムと実装,"小林,聡,1964-",秀和システム,202301
4814400861,スタッフエンジニアの道 : 優れた技術専門職になるためのガイド,TanyaReilly 島田浩二,オーム社,
4798184918,バックエンドエンジニアのためのインフラ・クラウド大全,株式会社X-Tech5 馬場俊彰,翔泳社,
4297148994,Docker & Kubernetesネットワークのしくみ　クラウドネイティブに求められる情報通信の知識,大隈峻太郎,技術評論社,
4991355826,Raspberry Pi2でスーパーコンピュータを作ってみた! ラズパイスパコンで円周率編,D.M D.MEntryPoint,D.M Entry Point,202504
4908686203,型システムのしくみ  TypeScriptで実装しながら学ぶ型とプログラミング言語,遠藤侑介／著,ラムダノート,20250418
4297148595,〈作って学ぶ〉OSのしくみ. 1 (WEB+DB PRESS plusシリーズ),hikalium,技術評論社,202505
453721869X,カクテルをたしなむ人のレッスン&400レシピ,LiquidLiquid,日本文芸社,202102
4478120498,自炊の壁 : 料理の「めんどい」を乗り越える100の方法,"佐々木, 典士, 1979-,佐々木典士, 山口祐加 著",ダイヤモンド社,"Tue, 18 Mar 2025 23:12:04 +0900"
4540810634,趣味の酒つくり ドブロクをつくろう実際編,笹野好太郎,農山漁村文化協会,1982
4862466087,職種と用途で探せる Blenderアドオン事典（仮）,3D人,ボーンデジタル,
4041155126,ニセコ化するニッポン,"谷頭,和希,1997-",KADOKAWA,202501
476783371X,世界の神話解剖図鑑,,エクスナレッジ,
4087213501,新聞記者がネット記事をバズらせるために考えたこと (集英社新書),斉藤友彦,,
4334105874,文化系のための野球入門 : 「野球部はクソ」を解剖する (光文社新書),中野慧,光文社,
1316629953,English Collocations in Use Advanced Book with Answers How Words Work Together for Fluent and Natural English,"Felicity O'Dell,Michael McCarthy",Cambridge University Press,2017-07-21
4309401880,中国の怪談 1 / 河出文庫,"田中, 貢太郎, 1880-1941,田中貢太郎 著",河出書房新社,"Thu, 29 Sep 1988 09:00:00 +0900"
462032826X,ルポ　秀和幡ヶ谷レジデンス,栗田シメイ,毎日新聞出版,
4407316969,情報セキュリティ教本 : 組織の情報セキュリティ対策実践の手引き,"土居,範久,1939- 情報処理推進機構",実教出版,200903
4798183962,つくって、壊して、直して学ぶKubernetes入門,"高橋,あおい 五十嵐,綾",翔泳社,202404
4103559918,図書館を建てる、図書館で暮らす : 本のための家づくり,橋本麻里 山本貴光,新潮社,
4122069297,一杯のおいしい紅茶 : ジョージ・オーウェルのエッセイ オ3-1 (中公文庫),"Orwell,George,1903-1950 小野寺,健,1931-2018",中央公論新社,202008
404605252X,バイリンガルITエンジニアの英語 = A BILINGUAL SOFTWARE ENGINEER'S GUIDE TO ENGLISH FOR THE TECH INDUSTRY,,KADOKAWA,202501
4297132125,情報処理安全確保支援士午後問題徹底解説 : 「ネットワーク」+「認証」がわかれば絶対合格!,,技術評論社,202301
4046061979,ゼロからスタート!教育系YouTuberまさるの情報処理安全確保支援士1冊目の教科書,,KADOKAWA,202309
4046058153,アメリカ人教授に学ぶ英文ライティングのメタモルフォーゼ = ENGLISH WRITING METAMORPHOSIS LEARNING FROM AN AMERICAN PROFESSOR,,KADOKAWA,202301
4756921655,英語ライティングの鬼100則 : 論理的思考をつきつめる,,明日香出版社,202108
4801307337,教養としてのハイブランド,とあるショップのてんちょう／著,彩図社,20240927
4909718133,ZERRO[ゼロ] 増補新装版,松田行正／著,牛若丸,20241204
1506271189,1100 Words You Need to Know + Online Practice Build Your Vocabulary in Just 15 Minutes a Day!,"Barron's Educational Series,Rich Carriero,Murray Bromberg,Melvin Gordon",Simon and Schuster,2022-06-07
4794224192,カルチャロミクス : 文化をビッグデータで計測する エ2-1 (草思社文庫),"Aiden,Erez Michel,Jean-Baptiste 阪本,芳久,1950-",草思社,201910
4907162200,魔術の文法学: 記号論的エッセー,"前野, 佳彦,前野佳彦著",テクネ,"Fri, 9 Jan 2026 11:13:45 +0900"
4576240471,津山三十人殺し最終報告書,"石川,清",二見書房,202411
4798074144,"ハロー“Hello, World” OSと標準ライブラリのシゴトとしくみ 第2版",坂井弘亮,秀和システム,
4087455955,謎の独立国家ソマリランド : そして海賊国家プントランドと戦国南部ソマリア た58-16 (集英社文庫),"高野,秀行,1966-",集英社,201706
4873768888,映像の原則 : ビギナーからプロまでのコンテ主義 / キネマ旬報ムック,富野由悠季 著,キネマ旬報社,"Mon, 17 Nov 2025 17:39:12 +0900"
4766138511,ノスタルジア酒場 : 東欧旧社会主義国のお酒とおつまみ事情＆レシピ70,イスクラ,グラフィック社,
4150506132,謎のチェス指し人形「ターク」 (ハヤカワ文庫NF),トム・スタンデージ 服部桂,,
4774183857,Linuxエンジニア養成読本 : IoTもクラウドも、システムの基礎と基盤はLinux! / Software Design plus. 10年先も役立つ力をつくる,,技術評論社,"Wed, 7 Sep 2016 23:23:14 +0900"
4781651062,とんねるずと『めちゃイケ』の終わり : 〈ポスト平成〉のテレビバラエティ論 106 (イースト新書),ラリー遠田,イースト・プレス,201808
4798071501,開発系エンジニアのためのDocker絵とき入門 : 定番技術の基本をビジュアルで理解する : Dockerの「なぜ」を解決!,"鈴木,亮,pub.2024",秀和システム,202401
4576221477,オカルト・クロニクル = OCCULT CHRONICLE : 奇妙な事件奇妙な出来事奇妙な人物,"松閣,オルタ",二見書房,202210
4910315314,とるにたらない美術,原田裕規／著,ケンエレブックス,20231128
4798177849,絵で見てわかるLinuxカーネルの仕組み (絵で見てわかる),市川正美 大岩尚宏 島本裕志 武内覚 田中隆久 丸山翔平,翔泳社,
4167257033,田宮模型の仕事 (文春文庫),"田宮,俊作,1934-",文藝春秋,200005
4908468702,エセ商標権事件簿 Vol.2 (過剰権利主張ケーススタディーズ),友利昴／著,パブリブ,20231215
441662378X,スイッチバック大全 : 日本の“折り返し停車場”140ヶ所の魅力と歴史を全紹介,江上英樹 栗原景,誠文堂新光社,
4163918949,コード・ブッダ = CODE BUDDHA : 機械仏教史縁起,"円城,塔",文藝春秋,202409
4903474577,ビジュアル情報処理 : CG・画像処理入門 : CGエンジニア検定・画像処理エンジニア検定ベーシック対応書籍,画像情報教育振興協会,画像情報教育振興協会,"Thu, 22 Jun 2017 02:37:43 +0900"
4297125625,コンセプトから理解するRust,"原,旅人,1975-",技術評論社,202202
4798635758,アクションポーズ大全　アクション漫画家が欲しかった魅せるポーズ5000,霧月,ホビージャパン,
4480430695,中華料理の文化史,張競／著,筑摩書房,20130601
0714111538,Ancient Board Games in Perspective,Irving Finkel,British Museum Press,2007
482400702X,ただのぽんこつ母さんだと思っていたらADHDグレーでした。 (はちみつコミックエッセイ),はなゆい,オーバーラップ,202401
477752275X,よくわかる世界のサイバー犯罪 : フェイクニュース、スパイウェア、個人情報の流出から身を守る : サイバー犯罪の現在を知り自分の身を守ろう (I/O BOOKS),"御池,鮎樹",工学社,202404
4791714636,特集民俗学の現在,,青土社,202405
4774143731,3分間ネットワーク基礎講座 : 世界一わかりやすいネットワークの授業,"網野,衛二",技術評論社,201010
4802613903,発達障害・メンタル不調などに気づいたときに読む本 : 精神科の受診や特徴までがわかる,"浜内,彩乃",ソシム,202212
4908686106,Web ブラウザセキュリティ Web アプリケーションの安全性を支える仕組みを整理する,米内貴志／著,ラムダノート,20210115
4005007929,キリスト教入門 792 (岩波ジュニア新書),"山我,哲雄,1951-",岩波書店,201412
4022618655,関西人の正体 い45-4 (朝日文庫),"井上,章一,1955-",朝日新聞出版,201607
4480512233,ガロアの夢 群論と微分方程式 ク-36-1 (ちくま学芸文庫),久賀道郎／本文,筑摩書房,20231211
4635140075,感謝されない医者 : ある凍傷Dr.のモノローグ,"金田,正樹,1946-2019",山と溪谷社,200703
4798069744,ストレンジコード : 難解プログラミング言語を巡る不思議な旅,"Kneusel,RonaldT 水野,貴明,1973- 竹迫,良範,1977-",秀和システム,202402
4313180656,公務員の議会答弁言いかえフレーズ,"森下,寿",学陽書房,202110
4560096392,ヨーロッパ中世象徴史,"Pastoureau,Michel,1947- 篠田,勝英,1948-",白水社,201805
4901007092,家政婦は見られた! : 土曜ワイド劇場(テレビ朝日系列)家政婦は見た!公式ガイドブック,"柴, 英三郎, 1926-,大沢家政婦研究所,柴英三郎 監修,大沢家政婦研究所 編",音羽出版,"Sat, 20 Mar 2010 08:59:59 +0900"
4815618593,体験しながら学ぶネットワーク技術入門,"みやた,ひろし",SBクリエイティブ,202401
484437849X,はじめて学ぶバイナリ解析 : 不正なコードからコンピュータを守るサイバーセキュリティ技術 / Next Publishing. OnDeck Books,"小林, 佐保,岡田, 怜士,浅部, 佑,満永, 拓邦,小林佐保, 岡田怜士, 浅部佑, 満永拓邦 著",[object Object],"Fri, 16 Oct 2020 04:54:12 +0900"
4594062539,マンガけもの道 : まんだらけ中野店副店長の珍作発掘探訪,"岩井, 道,岩井道 著",扶桑社,"Wed, 13 Oct 2010 00:10:12 +0900"
4469244082,これでいいのか大学入試英語 下,"Watkins,Gareth",大修館書店,199710
4469244074,これでいいのか大学入試英語 上,"Watkins,Gareth",大修館書店,199710
4309419267,屋根裏に誰かいるんですよ。 : 都市伝説の精神病理 か17-4 (河出文庫),"春日,武彦,1951-",河出書房新社,202210
4295013498,スーパーユーザーなら知っておくべきLINUXシステムの仕組み,"Ward,Brian,1972- 柴田,芳樹,1959-",インプレス,202203
4094083359,実録死体農場 / 小学館文庫,"Bass, William M,Jefferson, Jon,相原, 真理子, 1947-2010,ビル・バス, ジョン・ジェファーソン 著,相原真理子 訳",小学館,"Thu, 24 Jan 2013 07:02:29 +0900"
4775313010,図解魔術の歴史 No.048 (F FILES),"草野,巧,1956-",新紀元社,201503
4876872112,鉄道重大事故の歴史,"久保田,博,1924-",グランプリ出版,200006
4876874123,鉄道重大事故の歴史 : 鉄道事故に見る安全技術の進化,"久保田,博",グランプリ出版,202401
490868605X,数式組版,木枝祐介／著,ラムダノート,20180422
4789837513,ディジタル回路の設計入門 : ハードウェアの動きを理解しながら学ぶ (トランジスタ技術special no.90),湯山俊夫,CQ出版,2005-4-1
4478117764,大学図鑑! 2024,,ダイヤモンド社,202303
4906529925,信州の秘境駅・小駅を巡る : 近代化から過疎化への100年旅,"久保田,稔,1960-",川辺書林,202203
4299042387,クセがスゴい不動産,あなたの理想不動産,宝島社,202306
4802213050,秘境駅で途方に暮れた,"カベルナリア吉田,1965-",イカロス出版,202306
0071752064,Practice Makes Perfect English Articles and Determiners Up Close,Mark Lester,McGraw Hill Professional,2013-08-07
4480056599,読み書きの技法 / ちくま新書,"小河原, 誠, 1947-,小河原誠 著",筑摩書房,"Tue, 30 Jul 1996 09:00:00 +0900"
4309416845,日本の偽書 ふ19-1 (河出文庫),"藤原,明,1958-",河出書房新社,201905
4798179809,なっとく!関数型プログラミング : 関数型プログラミングの基本概念の全容を把握し活用したい開発者に,"Płachta,Michał クイープ",翔泳社,202308
1837639965,Architecture and Design of Linux Storage Stack A Comprehensive Guide to the Linux Storage Landscape and Its Well-Coordinated Layers,Muhammad Umer,"Packt Publishing, Limited",2023-07-28
4905033314,プロジェクト・シン・エヴァンゲリオン : 実績・省察・評価・総括,"カラー,カラー 編",[object Object],"Thu, 10 Aug 2023 06:20:19 +0900"
4065324017,プリキュアコスチュームクロニクル = Precure Costume Chronicle : プリキュア20周年アニバーサリー,東映アニメーション株式会社,講談社,202310
9811379661,"Kawaii Engineering Measurements, Evaluations, and Applications of Attractiveness",Michiko Ohkura,Springer Nature Singapore,2020-08-15
4309419690,日本怪談実話 た52-1 (河出文庫),"田中,貢太郎,1880-1941",河出書房新社,202306
4309419712,戦前のこわい話 : 怪奇実話集 し10-3 (河出文庫),"志村,有弘,1941-",河出書房新社,202306
4800307961,元報道記者が見た昭和事件史 : 歴史から抹殺された惨劇の記録,"石川,清,1964-",洋泉社,201511
4863135629,絶対に停まらない世界の廃墟駅 (NATIONAL GEOGRAPHIC),"Ross,David(DavidSoutherland) 大島,聡子",日経BPマーケティング (発売),202305
4761101857,仙人ワンダーランド : 和漢仙人列伝,"影山,純夫,1947-",河原書店,202305
4390114956,フランス怪奇民話集 / 現代教養文庫 ; 1495,"植田, 祐次, 1936-,山内, 淳, 1951-,植田祐次, 山内淳 訳編",社会思想社,"Wed, 30 Mar 1994 09:00:00 +0900"
4837967701,あなたの知らない「ヘン」な法律 A86-1 (王様文庫),"なかむら,いちろう",三笠書房,201512
4295003255,新人エンジニアのためのインフラ入門 / Think IT BOOKS,"BFT,BFT 著",インプレス,"Mon, 9 Apr 2018 23:56:19 +0900"
4865280685,わたしが先生の「ロリータ」だったころ,アリソン・ウッド／著者 服部理佳／訳者,左右社,20220307
1680502549,Domain Modeling Made Functional Tackle Software Complexity with Domain-Driven Design and F#,Scott Wlaschin,Pragmatic Bookshelf,2018-02-04
0312383215,What People Wore When A Complete Illustrated History of Costume from Ancient Times to the Nineteenth Century for Every Level of Society,Melissa Leventon,Macmillan,2008-07-08
4562072547,世界を騙した女詐欺師たち,"Telfer,Tori 富原,まさ江,1965-",原書房,202302
3031004418,General Game Playing,"Michael Genesereth,Michael Thielscher",Springer International Publishing,2014-03-18
4798125393,実践プログラミングDSL : ドメイン特化言語の設計と実装のノウハウ (Programmer's SELECTION),"Ghosh,Debasish,1953- 佐藤,竜一,1972-",翔泳社,201206
4839967091,囲碁ディープラーニングプログラミング,"Pumperla,Max Ferguson,Kevin 山岡,忠夫",マイナビ出版,201904
4309460631,ホームズ贋作展覧会 / 河出文庫,"各務, 三郎, 1936-2025,各務三郎 編",河出書房新社,"Mon, 8 Dec 2025 19:10:18 +0900"
0321842685,Hacker's Delight,"Warren, Henry S.",Addison-wesley,2013
4814400160,自分だけのボードゲームを作ろう : ゲームをデザインして、作って、みんなでプレイする (Make : Japan Books),"Daniels,JesseTerrance 金井,哲夫,1958-",オーム社 (発売),202212
4480438319,神田神保町書肆街考 か－２７－２ (ちくま文庫),鹿島茂／著,筑摩書房,20221013
4787210130,ボンデージ進化論,北原童夢／著,青弓社,19920401
4816357688,オールカラー普通免許〈ひっかけ対策〉問題集 : そのまま本試験,,ナツメ社,201502
4758017832,中谷友紀子東映アニメーションプリキュアワークス = Nakatani Yukiko TOEI ANIMATION PRECURE WORKS 2,"中谷,友紀子,1986-",講談社 (発売),202210
4121506197,サラブレッドに「心」はあるか 619 (中公新書ラクレ),"楠瀬,良,1951-",中央公論新社,201804
4758017115,高橋晃東映アニメーションプリキュアワークス = : TAKAHASHI AKIRA TOEI ANIMATION PRECURE WORKS,"高橋,晃,1971-",講談社 (発売),202102
479806338X,最新アニメ業界の動向とカラクリがよ～くわかる本 : 業界人、就職、転職に役立つ情報満載 (図解入門業界研究. How-nual),"谷口,功,1954- 麻生,はじめ,1955-",秀和システム,202012
4295000965,Goプログラミング実践入門 : 標準ライブラリでゼロからWebアプリを作る (impress top gear),"鄭,兆雄 武舎,広幸 阿部,和也 上西,昌弘",インプレス,201703
4774146129,C言語入門書の次に読む本 (プログラミングの教科書),"坂井,弘亮,1973-",技術評論社,201105
4873119693,実用Go言語 : システム開発の現場で知っておきたいアドバイス,"渋川,よしき 辻,大志郎,1990- 真野,隼記,1986-",オーム社 (発売),202204
4101311013,河童が覗いたヨーロッパ (新潮文庫),"妹尾,河童,1930-",新潮社,198307
4065250390,アート展「初音ミク・クロニクル」公式ビジュアルブック,,講談社,202110
479862750X,塗りフェチ事典 : リアルな肉感キャラを描く! 女の子編,ホビージャパン,ホビージャパン,202202
4866808136,あなたを陰謀論者にする言葉 145 (Forest 2545 Shinsyo),"雨宮,純",フォレスト出版,202110
4635047520,遊歩大全 / ヤマケイ文庫,"Fletcher, Colin, 1922-2007,芦沢, 一洋, 1938-1996,コリン・フレッチャー 著,芦沢一洋 訳",山と溪谷社,"Thu, 10 Jan 2013 23:21:11 +0900"
4065267757,みんなのユニバーサル文章術 : 今すぐ役に立つ「最強」の日本語ライティングの世界 208 (星海社新書),"安田,峰俊",講談社,202201
4802207174,赤羽駅周辺の失われし鉄路を求めて : 特集,,イカロス出版,"Fri, 9 Jan 2026 11:13:45 +0900"
4802207921,消散軌道風景 : あなたの知らない鉄道考古学 Vol.2(2020) / イカロスMOOK,岡本憲之 総合プロデューサー,イカロス出版,"Mon, 2 Mar 2020 23:25:04 +0900"
4802208731,消散軌道風景 : あなたの知らない鉄道考古学 Vol.3(2020) / イカロスMOOK,岡本憲之 総合プロデューサー,イカロス出版,"Fri, 21 Aug 2020 23:21:44 +0900"
4802210280,廃線系鉄道考古学 : あなたの知らない消散軌道風景 2021Vol.2 / イカロスMOOK,岡本憲之 総合プロデューサー,イカロス出版,"Fri, 13 Aug 2021 19:14:41 +0900"
4062177358,究極のナローゲージ鉄道 : せまい鉄路の記録集,"岡本,憲之,1968-",講談社,201205
486320146X,実録鉄道連隊 : 知られざるその使命を解き明かす : 創設から終焉、路線から車両まで… / イカロスmook,,イカロス出版,"Thu, 16 Nov 2023 20:26:30 +0900"
4533039812,"全国鉱山鉄道 : 鉄道の原点""ヤマ""軌道をもとめて (JTBキャンブックス)","岡本,憲之,1968-",JTB,200110
4802209525,廃線系鉄道考古学 : あなたの知らない消散軌道風景 Vol.1(2021) / イカロスMOOK,岡本憲之 総合プロデューサー,イカロス出版,"Fri, 16 Apr 2021 00:20:06 +0900"
4802211015,廃線系鉄道考古学 : あなたの知らない消散軌道風景 2022Vol.3 (イカロスMOOK),,イカロス出版,202202
0764574817,Reversing Secrets of Reverse Engineering,Eldad Eilam,John Wiley & Sons,2005-04-15
4106035952,拷問と処刑の西洋史 (新潮選書),"浜本,隆志,1944-",新潮社,200712
4798164739,ゲームメカニクス大全 : ボードゲームに学ぶ「おもしろさ」の仕掛け,"Engelstein,Geoffrey Shalev,Isaac 小野,卓也",翔泳社,202010
4866365366,ライトノベルの新・潮流 = LIGHT NOVEL NEW TIDE CURRENT : 黎明期→2021,"石井,ぜんじ 太田,祥暉,1996- 松浦,恵介,1980-",スタンダーズ,202201
4863543638,OSSライセンスを正しく理解するための本 = Understand the Open Source Software License Correctly,"姉崎,章博",シーアンドアール研究所,202111
4839977607,AWSではじめるクラウド開発入門 : コードを書いて学ぶエンジニア・科学者のためのハンズオン教材 (Compass Data Science),"真野,智之",マイナビ出版,202109
4864718652,スーパーナチュラル・ウォー : 第一次世界大戦と驚異のオカルト・魔術・民間信仰,"Davies,Owen,1969- 江口,之隆,1958-",ヒカルランド,202004
4010377275,総合的研究問題文の読み取り方-数学1・A・2・B : 大学受験,,旺文社,202108
4150315000,異常論文 1500 (ハヤカワ文庫 JA),"樋口,恭介,1989-",早川書房,202110
4909466010,エヴァンゲリオンイラスト集 : 2007-2017,"「エヴァンゲリオンイラスト集2007-2017」編集部 編,カラー 監修",グラウンドワークス,"Wed, 25 Sep 2019 22:28:05 +0900"
4044006261,もっとヘンな論文 さ70-3 (角川文庫),サンキュータツオ,KADOKAWA,202007
4044003343,ヘンな論文 さ70-2 (角川文庫),サンキュータツオ,KADOKAWA,201711
4046043938,"奇書の世界史 : 歴史を動かす""ヤバい書物""の物語","三崎,律日,1990-",KADOKAWA,201908
4426624096,世界の奇書 : 総解説,,自由国民社,199804
4480510443,キリスト教の幼年期 ト－１９－１ (ちくま学芸文庫),エチエンヌ・トロクメ／著 加藤隆／翻訳,筑摩書房,20210812
4151845518,ブート・バザールの少年探偵 HM 487-1 (ハヤカワ・ミステリ文庫),"Anappara,Deepa 坂本,あおい",早川書房,202104
4863134940,世界の幽霊出現録,"Innes,Brian,1928-2014 大島,聡子",日経BPマーケティング (発売),202108
4065135060,プリキュアコスチュームクロニクル = Precure Costume Chronicle : プリキュア15周年アニバーサリー,東映アニメーション株式会社,講談社,201810
4777519651,Java将棋のアルゴリズム : アルゴリズムの強化手法を探る / I/O BOOKS,"池, 泰弘, 1971-,工学社,池泰弘 著,I O編集部 編集",工学社,"Mon, 12 Sep 2016 20:34:45 +0900"
4767827779,すごいエスカレーター = SUPER ESCALATORS,"田村,美葉,1984-",エクスナレッジ,202009
4905924405,19人の阿部定,"桑原, 稲敏, 1939-1993,桑原稲敏 著",現代書林,"Tue, 26 Jan 1982 09:00:00 +0900"
4757735804,アウトサイダー (ビームコミックス),"田邊,剛,1975-",エンターブレイン,200707
4839971056,マンガで学ぶ恐竜の生態 (サイエンスコミックシリーズ),"金,渡潤 渡辺,麻土香",マイナビ出版,202005
4480435921,「読まなくてもいい本」の読書案内 た－９２－１ (ちくま文庫),橘玲／著,筑摩書房,20190509
4040647343,VISIONS : ILLUSTRATORS BOOK. 2021,ピクシブ株式会社,KADOKAWA,202011
4569841090,マルチ・ポテンシャライト : 好きなことを次々と仕事にして、一生食っていく方法,"Wapnick,Emilie 長澤,あかね",PHP研究所,201809
4150505691,津波の霊たち : 3・11死と生の物語 569 (ハヤカワ文庫 NF),"LloydParry,Richard,1969- 濱野,大道",早川書房,202101
4122052424,ピアニストという蛮族がいる な27-4 (中公文庫),"中村,紘子,1944-2016",中央公論新社,200912
4635048861,マタギ奇談 (ヤマケイ文庫),"工藤,隆雄,1953-",山と溪谷社,202007
4480087044,快読１００万語！ペーパーバックへの道,酒井邦秀／著,筑摩書房,20020601
4863134975,西洋アンティーク・ボードゲーム : 19世紀に愛された遊びの世界 (NATIONAL GEOGRAPHIC),"Seville,Adrian 鍋倉,僚介",日経BPマーケティング (発売),202101
4802612168,Pythonでいかにして暗号を破るか : 古典暗号解読プログラムを自作する本,"Sweigart,Al IPUSIRON,1979-",ソシム,202101
4535606137,数学の言葉づかい100 : 数学地方のおもしろ方言,数学セミナー編集部,日本評論社,199904
4844379038,入門GUI : Webブラウザで作る本格インタラクション / Next Publishing. 技術の泉SERIES,"hashrock,daiiz,miyaoka,f_subal,hashrock, daiiz, miyaoka, f_subal 著",[object Object],"Wed, 25 Jan 2023 06:16:45 +0900"
4299004507,塀の中の元極道YouTuberが明かすヤクザの裏知識,"懲役,太郎",宝島社,202006
4309228038,まじないの文化史 : 見るだけで楽しめる! : 日本の呪術を読み解く (視点で変わるオモシロさ!),新潟県立歴史博物館,河出書房新社,202005
4254102739,人間の許容限界事典,"山崎,昌廣,1953- 坂本,和義 関,邦博,1944-",朝倉書店,201507
4760151931,世界でいちばん虚無な場所 : 旅行に幻滅した人のためのガイドブック,"Rudd,Damien,1984- 菅野,楽章,1988-",柏書房,202004
4488564100,日本怪奇実話集 : 亡者会 Fん3-7. 東西怪奇実話 (創元推理文庫),"東,雅夫,1958-",東京創元社,202009
4140840412,将棋界奇々快々 / NHKライブラリー ; 41,"河口, 俊彦, 1936-2015,河口俊彦 著",日本放送出版協会,"Tue, 3 Feb 2015 07:04:14 +0900"
4389201395,ひとりで学べる地学 (COLOR LECTURE),,清水書院,201909
4839970491,マンガで学ぶ昆虫の進化 (サイエンスコミックシリーズ),"金,渡潤 山口,裕美子,pub.2020",マイナビ出版,202005
4480098844,中世の覚醒 (ちくま学芸文庫),リチャード・Ｅ．ルーベンスタイン／著 小沢千重子／翻訳,筑摩書房,20181010
4635320146,マタギ奇談,"工藤,隆雄,1953-",山と溪谷社,201610
4621063014,暗号の代数理論,"Koblitz, Neal,林, 彬,シュプリンガージャパン,N. コブリッツ著 ; 林彬訳 ; シュプリンガー・ジャパン編集",丸善出版,"Fri, 9 Jan 2026 11:13:45 +0900"
4774197076,超有名進学校生の数学的発想力 : 日本最高峰の頭脳に迫る / 数学への招待,"吉田, 信夫, 1977-,アップ,吉田信夫 著,アップ 編集",技術評論社,"Sat, 16 Jun 2018 01:18:59 +0900"
4041080606,怪と幽 = KWAI & yoo. vol.003 805 (カドカワムック),,KADOKAWA,201912
4041080592,怪と幽 = KWAI & yoo. vol.002 795 (カドカワムック),,KADOKAWA,201908
4041080584,怪と幽 = KWAI & yoo. vol.001 781 (カドカワムック),,KADOKAWA,201904
4041091152,怪と幽 = KWAI & yoo. vol.004 828 (カドカワムック),,KADOKAWA,202004
4286210456,1日30分であなたも現代の魔術師になれる : 混沌魔術入門,"黒野, 忍, 1971-,黒野忍 著",文芸社,"Mon, 6 Apr 2020 18:39:14 +0900"
4596551537,スパイダー・ネットワーク : 金融史に残る詐欺事件-LIBORスキャンダルの全内幕,"Enrich,David,1979- 高崎,拓哉,1979-",ハーパーコリンズ・ジャパン,202003
448009637X,居酒屋の誕生,飯野亮一／著,筑摩書房,20140801
4480433600,幕末単身赴任　下級武士の食日記　増補版 (ちくま文庫),青木直己／著,筑摩書房,20160907
4065163188,未知なるカダスを夢に求めて (星海社FICTIONS),"Lovecraft,HowardPhillips,1890-1937 森瀬,繚,1972-",講談社 ,201909
4908468141,絶対に解けない受験世界史2 2 (大学入試問題問題シリーズ),稲田義智／著,パブリブ,20170810
4784511016,絶対に解けない受験世界史 : 悪問・難問・奇問・出題ミス集 / 大学入試問題問題シリーズ ; 1,稲田義智 著,社会評論社,"Mon, 27 Oct 2014 18:49:13 +0900"
4150505489,行動経済学の逆襲. 下 548 (ハヤカワ文庫 NF),"Thaler,RichardH,1945- 遠藤,真美,1963-",早川書房,201910
4150505470,行動経済学の逆襲. 上 547 (ハヤカワ文庫 NF),"Thaler,RichardH,1945- 遠藤,真美,1963-",早川書房,201910
4166612417,総会屋とバブル 1241 (文春新書),"尾島,正洋,1966-",文藝春秋,201911
4775300350,魔導具事典 6 (Truth in fantasy事典シリーズ),"山北,篤,1960- 稲葉,義明,1970-",新紀元社,200112
4778316681,信長名鑑,"姫川,榴弾",太田出版,201911
4041035511,旧談 き26-64 (角川文庫),"根岸,守信,1737-1815 京極,夏彦,1963-",KADOKAWA,201601
4795244731,妖怪現わる : 現代妖怪談義,"中山, 市朗, 1959-,中山市朗 著",遊タイム出版,"Tue, 20 Sep 1994 09:00:00 +0900"
4758013241,拘束少女絵巻 学園編,,一迅社,201307
4758014140,拘束少女絵巻 制服編,,一迅社,"Fri, 16 Jan 2015 19:17:14 +0900"
4758013624,拘束少女絵巻 日本の歴史編,,一迅社,201404
4758014809,体育少女拘束絵巻,,一迅社,201602
4758012652,拘束少女絵巻 高潔編,,一迅社,201204
4758012113,拘束少女絵巻,,一迅社,201102
4837309127,モダリーナのファッションパーツ図鑑 : デザインの用語や特徴がイラストでわかる,"溝口,康彦 福地,宏子 數井,靖子",マール社,201907
4122065607,本で床は抜けるのか に21-1 (中公文庫),"西牟田,靖,1970-",中央公論新社,201803
4041059291,外国人ヒットマン,"一橋,文哉",KADOKAWA,201909
4905158680,FANZA BOOK,FANZA／監修,スモール出版,20190730
4044000999,官能小説の奥義 [C116-1] ([角川ソフィア文庫]),"永田,守弘,1933-",KADOKAWA,201604
4331607739,女豹の危機 : 長篇ポリスミステリー / 廣済堂文庫. ミステリー&ハードノベルス. 特捜女刑事官 ; 3,"竜, 一京, 1941-,龍一京 著",廣済堂出版,"Tue, 15 Aug 2000 00:05:00 +0900"
4062633604,アトポス (講談社文庫),"島田,荘司,1948-",講談社,199610
4062632861,眠れぬ夜の殺人 / 講談社文庫,"岡嶋, 二人,岡嶋二人 [著]",講談社,"Tue, 28 Jan 1997 09:00:00 +0900"
4048529080,それをなすもの : 「新世紀エヴァンゲリオン」コンセプトデザインワークス (Newtype Eva book),"山下,いくと,1965-",角川書店ニュータイプ,199803
4791761030,天使の世界,"Godwin, Malcolm,大滝, 啓裕, 1952-,マルコム・ゴドウィン 著,大瀧啓裕 訳",青土社,"Wed, 1 Dec 2004 19:43:05 +0900"
4903713016,新世紀エヴァンゲリオン原画集,,ガイナックス,2000-12-22
4903713040,Groundwork of Evangelion The Movie 1,"Gainax,ガイナックス",GAINAX,2001
4903713008,新世紀エヴァンゲリオン原画集,Gainax／著 庵野秀明／監修,ガイナックス,2000-10-14
4903713024,新世紀エヴァンゲリオン原画集,,ガイナックス,2001-03-30
4903713059,Groundwork of Evangelion The Movie 2,,GAINAX,2001
4905033071,新世紀エヴァンゲリオンTVアニメーション設定資料集2015 edition,,グラウンドワークス,201508
4760150072,「舞姫」の主人公をバンカラとアフリカ人がボコボコにする最高の小説の世界が明治に存在したので20万字くらいかけて紹介する本,"山下, 泰平, 1977-,山下泰平 著",柏書房,"Thu, 15 Aug 2019 18:51:04 +0900"
4801303722,文豪たちの悪口本 文豪たちの悪口本,彩図社文芸部／編,彩図社,20190524
4756250122,陰翳礼讃,"谷崎,潤一郎,1886-1965 大川,裕弘",パイインターナショナル,201801
4905033209,ヱヴァンゲリヲン新劇場版: 破全記録全集 : 設定資料版,"轟木, 一騎,庵野秀明 企画・監修,轟木一騎 構成・編集,三好寛, 田渕浩久, 神村典子 編",[object Object],"Sun, 24 Oct 2021 06:12:50 +0900"
4905033195,ヱヴァンゲリヲン新劇場版: 破全記録全集 : ビジュアルストーリー版,"轟木, 一騎,庵野秀明 企画・監修,轟木一騎 構成・編集,三好寛, 田渕浩久, 神村典子 編",[object Object],"Thu, 15 Apr 2021 06:16:42 +0900"
4905033187,ヱヴァンゲリヲン新劇場版: 序全記録全集 : ビジュアルストーリー版・設定資料版,"轟木, 一騎,庵野秀明 企画・監修,轟木一騎 構成・編集,三好寛, 田渕浩久, 神村典子 編",[object Object],"Thu, 26 Sep 2019 01:31:55 +0900"
4596550751,否定と肯定 : ホロコーストの真実をめぐる闘い NF・リ1・1 (ハーパーBOOKS),"Lipstadt,DeborahE 山本,やよい,1949-",ハーパーコリンズ・ジャパン,201711
4022505273,サザエさんパンダを見に行く : サザエさんをさがして その4,朝日新聞社,朝日新聞出版,200901
4022503556,またまたサザエさんをさがして,朝日新聞社,朝日新聞社,200711
4022502479,サザエさんをさがして その2,朝日新聞社,朝日新聞社,200612
402250076X,サザエさんをさがして,朝日新聞社,朝日新聞社,200512
4480098003,美少女美術史 人々を惑わせる究極の美 (ちくま学芸文庫),池上英洋／著 荒井咲紀／著,筑摩書房,20170606
4480096523,残酷美術史,池上英洋／著,筑摩書房,20141201
4480096515,官能美術史,池上英洋／著,筑摩書房,20141101
4865650075,『宅間守　精神鑑定書』を読む (飢餓陣営せれくしょん),飢餓陣営・佐藤幹夫／編,言視舎,20141225
4750513105,宅間守 精神鑑定書,岡江晃／著,亜紀書房,20130527
4101306354,残虐記 (新潮文庫),"桐野,夏生,1951-",新潮社,200708
4344410300,銀行籠城 / 幻冬舎文庫,"新堂, 冬樹, 1966-,新堂冬樹 [著]",幻冬舎,"Mon, 14 Apr 2008 18:13:15 +0900"
4062748851,魔笛 (講談社文庫),"野沢,尚,1960-2004",講談社,200409
4905325137,現代アニメ「超」講義,,第二次惑星開発委員会／PLANETS,20190630
4768308856,ヒロイン専用スーツ・武器の作りかた = HOW TO MAKE HEROINE SUITS AND WEAPONS,"西脇,直人,1971- 梅森,充 桜田,美和子",玄光社,201708
4480082344,グレン・グールド　孤独のアリア,ミシェル・シュネデール／著 千葉文夫／翻訳,筑摩書房,19950101
404892477X,姉なるもの = The sister of the woods with a Thousand Young 1 N185-01 (電撃コミックスNEXT),"飯田,ぽち",KADOKAWA,201612
4758013551,川村敏江東映アニメーションプリキュアワークス = KAWAMURA TOSHIE TOEI ANIMATION PRECURE WORKS,"川村,敏江",一迅社,201402
4758014221,高橋晃東映アニメーションプリキュアワークス = TAKAHASHI AKIRA TOEI ANIMATION PRECURE WORKS,"高橋,晃,1971-",一迅社,201503
4758015155,香川久東映アニメーションプリキュアワークス = KAGAWA HISASHI TOEI ANIMATION PRECURE WORKS,"香川,久,1963-",一迅社,201608
4758016364,宮本絵美子東映アニメーションプリキュアワークス,"宮本, 絵美子,宮本絵美子 画,東映アニメーション株式会社 監修",[object Object],"Thu, 11 Jul 2019 20:18:36 +0900"
433605777X,定本何かが空を飛んでいる,"稲生,平太郎,1954-",国書刊行会,201311
4802611927,"Pythonによるスクレイピング&機械学習〈開発テクニック〉 : Scrapy,BeautifulSoup,scikit-learn,TensorFlowを使ってみよう",クジラ飛行机,ソシム,201901
4861823730,フェティシズム全書,ジャン・ストレフ／著 加藤雅郁／翻訳 橋本克己／翻訳,作品社,20160510
4022613440,長谷川町子思い出記念館,"長谷川,町子,1920-1992",朝日新聞社,200108
4861008670,"GUMI GRAPHIXXX : The virtual vocalist ""GUMI"" is the character of VOCALOID Megpoid. : GUMI 5th Anniversary Official Art Book",,ビー・エヌ・エヌ新社,201402
410610704X,フィリピンパブ嬢の社会学 704 (新潮新書),"中島,弘象,1989-",新潮社,201702
4873114985,子どもが体験するべき50の危険なこと (Make:Japan Books),"Tulley,Gever Spiegler,Julie 金井,哲夫,1958-",オーム社,201105
4652077904,スパイガール,"Carter, Ally,橋本, 恵, 1964-,アリー・カーター 作,橋本恵 訳",理論社,"Mon, 11 Jul 2022 21:50:04 +0900"
4837957765,全図解アメリカ海軍SEALのサバイバル・マニュアル,"Emerson,Clint 小林,朋子",三笠書房,201703
4837957854,全図解アメリカ海軍SEALのサバイバル・マニュアル 災害・アウトドア編,"Emerson,Clint 竹花,秀春",三笠書房,201712
4576180975,恐い間取り : 事故物件怪談,"松原,タニシ,1982-",二見書房,201807
4562040971,実戦スパイ技術ハンドブック,"Davies,Barry,1944- 伊藤,綺",原書房,200709
4480096302,数学をいかに教えるか,志村五郎／著,筑摩書房,20140801
4061399659,ビアンカ・オーバーステップ 下 ト2-02 (星海社FICTIONS),"筒城,灯士郎,1989-",講談社,201703
4061399640,ビアンカ・オーバーステップ 上 ト2-01 (星海社FICTIONS),"筒城,灯士郎,1989-",講談社,201703
4065141974,這い寄る混沌 (星海社FICTIONS),"Lovecraft,HowardPhillips,1890-1937 森瀬,繚,1972-",講談社 ,201811
