note_title,note_url,user_nickname,published_at,liked_count
GitHubã®è‡ªåˆ†ã®å…¨ãƒªãƒã‚¸ãƒˆãƒªã‚’NASã«è‡ªå‹•ãƒãƒƒã‚¯ã‚¢ãƒƒãƒ—ã™ã‚‹,https://zenn.dev/link/articles/github-backup-nas,kn1cht,2022-04-16T23:19:38.737+09:00,5
å®Ÿè·µ Docker - ã‚½ãƒ•ãƒˆã‚¦ã‚§ã‚¢ã‚¨ãƒ³ã‚¸ãƒ‹ã‚¢ã®ã€ŒDocker ã‚ˆãã‚ã‹ã‚‰ãªã„ã€ã‚’çµ‚ã‚ã‚Šã«ã™ã‚‹æœ¬,https://zenn.dev/link/books/2022-03-docker-practice-8ae36c33424b59,ã»ã’ã•ã‚“,2022-03-21T23:45:24.556+09:00,729
marp ã§ã„ã„å…·åˆã«ã‚¹ãƒ©ã‚¤ãƒ‰ã®ãƒ†ãƒ³ãƒ—ãƒ¬ãƒ¼ãƒˆã‚’ä½œã‚ŠãŸã„,https://zenn.dev/link/scraps/215c16a3e80099,ega4432,2021-04-26T00:48:59.445+09:00,3
JSã®éåŒæœŸå‡¦ç†ã‚’ç†è§£ã™ã‚‹ãŸã‚ã«å¿…è¦ã ã£ãŸçŸ¥è­˜ã¨å­¦ç¿’ãƒ­ãƒ¼ãƒ‰ãƒãƒƒãƒ—,https://zenn.dev/link/articles/js-async-programming-roadmap,PADAoneğŸ•,2022-04-09T13:52:08.015+09:00,124
ãƒ—ãƒ­ã‚°ãƒ©ãƒŸãƒ³ã‚°çš„ã‚¾ãƒ³ãƒ“ã¨ãƒ—ãƒ­ã‚°ãƒ©ãƒŸãƒ³ã‚°ã®å­¦ç¿’ã«ã¤ã„ã¦,https://zenn.dev/link/articles/31447a77d852a95f5dbc,Nobkz,2020-10-21T02:46:38.088+09:00,76
ã€Œã‚¨ãƒ³ã‚¸ãƒ‹ã‚¢ã«æ•°å­¦ãŒå¿…è¦ã‹ã€ã¯ã€ãã‚‚ãã‚‚é•ã†ã ã‚ã†ã¨ã„ã†è©±,https://zenn.dev/link/articles/6839fb2a192210,Akira Kashihara,2022-01-09T18:48:06.739+09:00,48
Rustå…¥é–€,https://zenn.dev/link/books/22d4c1ed9b0003,mebiusbox,2021-03-08T00:03:45.715+09:00,1194
Re: åƒ•ã‚‰ã‚’ç¸›ã‚‹ Node.js ã¨ã„ã†å‘ªã„ã«ã¤ã„ã¦ - ã‚ã‚‹ã„ã¯ãªãœ TypeScript ä»¥å¤–ãŒçœŸã£å½“ãªé¸æŠè‚¢ã«ãªã‚‰ãªã‹ã£ãŸã‹,https://zenn.dev/link/articles/todays-javascript,mizchi,2022-04-06T12:04:45.167+09:00,385
è¤‡é›‘ç³»ã¯ãªãœå»ƒã‚Œã¦ã—ã¾ã£ãŸã‹ï¼Ÿ(ç§çš„è€ƒå¯Ÿ),https://zenn.dev/link/articles/fddccd0c3aa4fd,Koba,2021-08-03T16:02:12.338+09:00,24
ãƒãƒƒã‚¯ã‚¨ãƒ³ãƒ‰ã‚¢ãƒ—ãƒªã‚±ãƒ¼ã‚·ãƒ§ãƒ³ãŒã‚„ã£ã¦ã‚‹ã“ã¨ã¯5ã¤ã«è¦ç´„ã§ãã‚‹,https://zenn.dev/link/articles/bdf73092fa00a9,ãƒãƒˆã™ã‘,2022-04-03T14:26:16.454+09:00,141
Nimã‚’çŸ¥ã£ã¦ã»ã—ã„2022,https://zenn.dev/link/articles/b475b3b4f7d0da,medyğŸğŸ‘‘,2022-04-04T06:26:07.000+09:00,170
Vim scriptã§è‡ªå‹•å¾®åˆ†ã—ã¦ã¿ãŸ,https://zenn.dev/link/articles/482e89ddff329c,pit-ray,2022-04-01T00:44:39.095+09:00,23
å®Ÿè¡Œç’°å¢ƒä¾å­˜ã®ã‚³ãƒ¼ãƒ‰ã«å¯¾ã—ã¦ãƒ†ã‚¹ãƒˆã‚’æ›¸ãè€ƒãˆæ–¹,https://zenn.dev/link/articles/no-env-specific-in-func,mizchi,2022-03-04T12:09:01.423+09:00,140
æ¥•å††æ›²ç·šæš—å·ã®Pythonã«ã‚ˆã‚‹å®Ÿè£…ãã®2ï¼ˆæ¥•å††æ›²ç·šã¨ECDSAï¼‰,https://zenn.dev/link/articles/sd202203-ecc-2,herumi,2022-03-24T10:43:01.198+09:00,7
æ¥•å††æ›²ç·šæš—å·ã®Pythonã«ã‚ˆã‚‹å®Ÿè£…ãã®1ï¼ˆæœ‰é™ä½“ã¨ECDHéµå…±æœ‰ï¼‰,https://zenn.dev/link/articles/sd202203-ecc-1,herumi,2022-03-24T10:02:40.661+09:00,45
ã¯ã˜ã‚ã¦ã®è¡›æ˜Ÿãƒ‡ãƒ¼ã‚¿ ~ãƒ‡ãƒ¼ã‚¿ã‚’æ‰±ã†å‰ã«çŸ¥ã£ã¦ãŠãã¨ã„ã„ã“ã¨~,https://zenn.dev/link/books/87cea1d467e2a6,yonda,2022-03-21T19:02:24.678+09:00,22
(è‡ªåˆ†ã®) JavaScript ã®ãƒ¦ãƒ‹ãƒƒãƒˆãƒ†ã‚¹ãƒˆã®æ›¸ãæ–¹,https://zenn.dev/link/articles/my-test-policy,mizchi,2022-03-22T11:14:54.337+09:00,356
Rustã§å§‹ã‚ã‚‹Vulkan Raytracing,https://zenn.dev/link/books/52bcb9e9f7c87d,hatoo,2021-12-14T10:06:49.116+09:00,95
useStateã¯ã©ã†ä½œã‚‰ã‚Œã¦ã„ã‚‹ã®ã‹ã€Reactã®ã‚½ãƒ¼ã‚¹ã‚’èª­è§£ã—ã¦ã¿ãŸ,https://zenn.dev/link/articles/bb656e2533894a,ã‚Šã‚“ã ,2022-03-06T17:51:19.061+09:00,88
GitHub Projects ã§æ—¥å¸¸ã®ã‚¿ã‚¹ã‚¯ç®¡ç†ã‚’è¡Œã†,https://zenn.dev/link/articles/f3aeb3895fd1fb,t4t5u0,2020-12-09T02:18:27.187+09:00,33
Reactã®çŠ¶æ…‹ç®¡ç†ã®å¤‰é·ã«é–¢ã™ã‚‹è‡ªåˆ†å² From 2014 To 2022,https://zenn.dev/link/articles/afcc43990d13c0,shimpeiws,2022-03-05T07:26:09.972+09:00,174
Rustã‚’å†™çµŒã™ã‚‹ç’°å¢ƒã‚’ä½œã‚‹,https://zenn.dev/link/articles/20220304-8nefpx6tlmhxgbpvqwah2gzoff,watarukura,2022-03-04T08:46:37.693+09:00,64
ã‚ªãƒ¼ãƒ—ãƒ³ã‚½ãƒ¼ã‚¹ã‚½ãƒ•ãƒˆã‚¦ã‚§ã‚¢ã„ã‚ã„ã‚,https://zenn.dev/link/articles/a9842956f09d67,sat,2022-01-07T21:40:54.474+09:00,74
ç·šå½¢ä»£æ•°ã¨ç¢ºç‡éç¨‹ã®è©±,https://zenn.dev/link/articles/markov_eigenvalue,ãƒ­ãƒœå¤ª,2021-06-08T20:29:04.553+09:00,36
é€±åˆŠå°‘å¹´èªŒã®ãƒ‡ãƒ¼ã‚¿ã§æ•™æã‚’ä½œã£ãŸã‚‰æ–‡åŒ–åºã®ã‚³ãƒ³ãƒ†ã‚¹ãƒˆã§å…¥è³ã—ãŸ,https://zenn.dev/link/articles/2022-02-madb,Kakeami,2022-02-20T16:00:50.159+09:00,32
VRç ”ç©¶è€…ãƒãƒƒãƒˆãƒ¯ãƒ¼ã‚¯ã®åˆ†æã‚’ã‚„ã£ã¦ã¿ãŸ,https://zenn.dev/link/articles/8a5a510f2b7626,ãã‚…ãƒ¼,2022-02-24T23:01:03.563+09:00,8
chezmoi ã§ dotfiles ã‚’æ‰‹è»½ã«æŸ”è»Ÿã«ã‚»ã‚­ãƒ¥ã‚¢ã«ç®¡ç†ã™ã‚‹,https://zenn.dev/link/articles/introduce-chezmoi,ryo_kawamata,2021-02-17T20:03:24.405+09:00,103
NFTã«å¯¾ã™ã‚‹æŠ€è¡“çš„ãªèª¤è§£,https://zenn.dev/link/articles/23cbeb2752af63,hkiridera,2022-02-17T20:52:01.725+09:00,220
çµ±è¨ˆæ¤œå®šæº–1ç´šã«å—ã‹ã‚‹ãŸã‚ã®å‹‰å¼·æ³•ãƒ»å‚è€ƒã‚µã‚¤ãƒˆ,https://zenn.dev/link/articles/5300da50921070,ã§ã‚‹ã¶,2022-02-15T19:21:12.367+09:00,48
npmã§ç®¡ç†ã—ã¦ã„ã‚‹ãƒ©ã‚¤ãƒ–ãƒ©ãƒªã®ãƒãƒ¼ã‚¸ãƒ§ãƒ³ã‚¢ãƒƒãƒ—æ‰‹é †ã¾ã¨ã‚,https://zenn.dev/link/articles/820187fd237b44,yoshii0110,2021-04-06T23:38:38.329+09:00,27
è‡ªåˆ†ã®ãŠæ°—ã«å…¥ã‚Šã®ã‚¨ãƒ‡ã‚£ã‚¿ãƒ†ãƒ¼ãƒã‚’è¦‹ã¤ã‘ã‚‰ã‚Œã‚‹ã‚µãƒ¼ãƒ“ã‚¹ã‚’ä½œã£ãŸ,https://zenn.dev/link/articles/6dcfca5532cbffcbf8a0,sadnessOjisan,2022-02-14T18:57:39.526+09:00,63
å¯Œå£«é€šã®æ’¤é€€ã™ã‚‹ã€Œãƒ¡ã‚¤ãƒ³ãƒ•ãƒ¬ãƒ¼ãƒ ã€ã£ã¦ãã‚‚ãã‚‚ä½•ï¼Ÿ,https://zenn.dev/link/articles/bc0e5acb3d6656,koduki,2022-02-14T07:56:05.966+09:00,230
ãªãœRustãªã®ï¼Ÿã¨è¨€ã‚ã‚ŒãŸæ™‚ã®ãŸã‚ã«,https://zenn.dev/link/articles/rust-beginners-catchup,"khale ",2022-02-12T16:36:58.333+09:00,240
5å¹´ã‹ã‘ã¦ä½œã£ãŸã‚¦ã‚§ãƒ–ã‚¢ãƒ—ãƒªã‚’ Hacker News ã«æŠ•ç¨¿ã—ã€æœ€åˆã®1ãƒ‰ãƒ«ã‚’å¾—ãŸè©±,https://zenn.dev/link/articles/6da216dc43557a,ryohey,2022-02-12T22:54:04.742+09:00,347
GitHub Actions ã§ç°¡å˜ã«ãƒãƒ¼ã‚¸ãƒ§ãƒ³ç•ªå·ä»˜ããƒªãƒªãƒ¼ã‚¹ã¨ãƒªãƒªãƒ¼ã‚¹ãƒãƒ¼ãƒˆã‚’ä½œæˆã™ã‚‹æ–¹æ³•,https://zenn.dev/link/articles/20220211-easy-generate-release-notes,ã“ãƒ¼ã®ã„ã‘,2022-02-11T16:35:56.058+09:00,197
ã€ŒRustã§ã‚„ã‚‹ã¨çŸ¥ã‚‰ãªã„ã†ã¡ã«è©°ã‚€è¨­è¨ˆã€ã‚’é¿ã‘ã‚‹ãŸã‚ã®Tipsã‚’é›†ã‚ã¦ã¿ã‚‹,https://zenn.dev/link/scraps/93071f7c813cb9,Masaki Hara,2022-02-06T22:05:24.909+09:00,204
ã¯ã˜ã‚ã¦ã®Jestå…¥é–€,https://zenn.dev/link/books/78676684ccdeb090f7b8,ganezasan,2021-01-23T14:10:00.162+09:00,69
NPMãƒ‘ãƒƒã‚±ãƒ¼ã‚¸ä½œæˆå…¥é–€ ~ TypeScriptã§ã¤ãã‚‹JSãƒ©ã‚¤ãƒ–ãƒ©ãƒª,https://zenn.dev/link/books/9325fe6c9c1ba9,Kei Touge,2021-07-18T17:17:52.477+09:00,52
rollup.js Ã— TypeScriptã®ãƒ©ã‚¤ãƒ–ãƒ©ãƒªã‚’npmå…¬é–‹ã™ã‚‹ç’°å¢ƒã®æ§‹ç¯‰ï¼ˆ2020å¹´12æœˆç‰ˆï¼‰,https://zenn.dev/link/articles/74f80c4243919ea2a247-2,ã‚‰ã‚“ã™ğŸ,2021-03-13T08:36:58.928+09:00,29
p5.jsã§å’ŒæŸ„ã‚’ã¤ãã‚ã†,https://zenn.dev/link/articles/cfe736a5c4fcd0,Baba,2022-02-02T20:27:00.887+09:00,115
TypeScript 4.5 ä»¥é™ã§ ESM å¯¾å¿œã¯ã©ã†ãªã‚‹ã®ã‹ï¼Ÿ,https://zenn.dev/link/articles/2021-10-typescript-45-esm,teppeis,2021-10-24T23:30:14.562+09:00,155
èª¿æŸ»:è‰¯ã„DXã‚’ãƒ©ã‚¤ãƒ–ãƒ©ãƒªãƒ¦ãƒ¼ã‚¶ãƒ¼ã«æä¾›ã™ã‚‹ãŸã‚ã«ã€TypeScriptãƒ©ã‚¤ãƒ–ãƒ©ãƒªã®tsconfigè¨­å®šã¯ã©ã†ã‚ã‚‹ã¹ãã‹ï¼Ÿ,https://zenn.dev/link/scraps/9f454023cefb67,suin,2022-01-31T10:41:07.609+09:00,3
"GitHubã®ãƒ—ãƒ­ãƒ•ã‚£ãƒ¼ãƒ«ã‚’ã‚«ãƒƒã‚³ã‚ˆãã™ã‚‹æ–¹æ³•â‘   GitHub Readme Stats, Github Profile Trophyç·¨",https://zenn.dev/link/articles/0411396e6b887d,A-ichi,2021-07-12T02:13:22.651+09:00,27
githubActionsã‚’å®šæœŸå®Ÿè¡Œã•ã›ã¦ã€ã‚ªãƒªã‚¸ãƒŠãƒ«ãªREADME.mdã‚’ã¤ãã‚‹,https://zenn.dev/link/articles/5fed5e6e8f1cd7,kata,2022-01-23T17:53:54.605+09:00,35
"ã€Œï½ºï½²ï¾‚, ï¾ƒï¾ï½·ï¾™...!!ã€ã£ã¦ãªã‚‹ã‹ã‚‚ã—ã‚Œãªã„å†å¸°é–¢æ•°ã®ä½œã‚Šæ–¹",https://zenn.dev/link/articles/dfa23c8357b274,kj455,2022-01-23T20:58:40.017+09:00,97
ã‚½ãƒ¼ã‚¹ã‚³ãƒ¼ãƒ‰ã‚’å…¬é–‹ã—ãŸã‚½ãƒ•ãƒˆã‚¦ã‚§ã‚¢ã§åç›Šã‚’å¾—ã¦ã„ã‚‹ä¼šç¤¾,https://zenn.dev/link/articles/2021-11-29-3fe9ccd53b5395d5ad5b,åå‰ã‚’ã“ã“ã«æ›¸ã,2021-11-29T09:42:08.505+09:00,255
Isabelleã«ã‚ˆã‚‹ãƒ—ãƒ­ã‚°ãƒ©ãƒ æ¤œè¨¼ã®ä¾‹,https://zenn.dev/link/articles/a9115aee6f6982,hatsugai,2021-04-26T14:43:35.818+09:00,5
JavaScriptã‹ã‚‰TypeScriptã¸ã®ç§»è¡Œäº‹ä¾‹ã‚’é›†ã‚ã‚‹,https://zenn.dev/link/scraps/6307af373a0766,ã‚Šã‚…ãƒ¼ãã†,2021-04-24T07:09:37.638+09:00,2
æ™‚ã€…ã‚³ãƒãƒ³ãƒ‰ã«ä»˜ã„ã¦ã‚‹--(Double Dash)ã£ã¦ä½•ãªã®ï¼Ÿ,https://zenn.dev/link/articles/245df006deee0c,dowanna6,2022-01-17T16:12:20.834+09:00,104
JavaScriptã®ãƒ¬ã‚¬ã‚·ãƒ¼æŒ™å‹•ã‚’å®šã‚ãŸAnnex Bã‚’ã²ãŸã™ã‚‰èª­ã‚€è¨˜äº‹,https://zenn.dev/link/articles/1d96f2c0c662f6,Masaki Hara,2022-01-16T20:23:18.114+09:00,72
è­˜åˆ¥å­ï¼ˆå¤‰æ•°åã‚„é–¢æ•°åãªã©ï¼‰ã®å‘½åã‚¬ã‚¤ãƒ‰ãƒ©ã‚¤ãƒ³,https://zenn.dev/link/articles/4f1da698779f67,chelproc,2022-01-14T23:38:26.280+09:00,46
ãƒ—ãƒ­ã‚°ãƒ©ãƒãƒ¼ãŒãƒ«ãƒ¼ãƒ“ãƒƒã‚¯ã‚­ãƒ¥ãƒ¼ãƒ–ã‚’ã‚„ã‚‹ãƒ¡ãƒªãƒƒãƒˆ,https://zenn.dev/link/articles/1ad48b4c5ee45e,Kyome,2022-01-15T18:30:57.653+09:00,37
Reactã®ãƒˆãƒ©ãƒ³ã‚¸ã‚·ãƒ§ãƒ³ã§ä¸–ç•Œã‚’åˆ†å²ã•ã›ã‚‹ãƒãƒ³ã‚ºã‚ªãƒ³,https://zenn.dev/link/books/react-concurrent-handson-2,uhyo,2022-01-13T23:25:11.293+09:00,237
GitHub ã¨ã‹ã§ãƒ¦ãƒ¼ã‚¶ãƒ¼ç™»éŒ²æ™‚ã®åˆæœŸã‚¢ã‚¤ã‚³ãƒ³ã®ã‚¢ãƒ¬,https://zenn.dev/link/articles/initial-icon-when-user-registered-github-or-other,Takeshi ETOH,2022-01-14T12:09:21.405+09:00,58
JavaScriptã®Set/Mapã®forEachå†…ã§æ–°ã—ã„å€¤ã‚’è¿½åŠ ã™ã‚‹ã¨ç„¡é™ãƒ«ãƒ¼ãƒ—ãŒç™ºç”Ÿã™ã‚‹å•é¡Œã‚’èª¿æŸ»ã™ã‚‹,https://zenn.dev/link/scraps/2e9605d480e897,uttk,2021-08-18T08:03:20.399+09:00,3
é–²è¦§å±¥æ­´ãƒ»ãƒ–ãƒƒã‚¯ãƒãƒ¼ã‚¯ãƒ»ã‚¿ãƒ–ã‚’æ¨ªæ–­çš„ã«æ¤œç´¢ã—ç§»å‹•ã§ãã‚‹Chromeæ‹¡å¼µã‚’ä½œã£ã¦ã¿ãŸ,https://zenn.dev/link/articles/chikamichi-chrome-ex,ryo_kawamata,2022-01-13T12:15:23.310+09:00,155
Webãƒ•ãƒ­ãƒ³ãƒˆã‚¨ãƒ³ãƒ‰ã®é–‹ç™ºåŠ¹ç‡ã‚’é«˜ãä¿ã¤ãŸã‚ã®è€ƒãˆæ–¹,https://zenn.dev/link/articles/e173f75c512e10,adwd,2022-01-09T23:43:10.132+09:00,497
ãƒ•ãƒ­ãƒ³ãƒˆã‚¨ãƒ³ãƒ‰è‹¦æ‰‹æ„è­˜ã‚’å…‹æœã™ã¹ãã€ãŠæ‰‹è»½ä»®æƒ³DOMã‚’è‡ªä½œã—ãŸ,https://zenn.dev/link/articles/de4c2478046173,khmory,2022-01-10T11:28:37.505+09:00,107
ã‚ªãƒ³ãƒ©ã‚¤ãƒ³å¯¾æˆ¦ãƒ•ã‚§ã‚¢ãƒªãƒ¼ãƒã‚§ã‚¹ã‚¦ã‚§ãƒ–ã‚¢ãƒ—ãƒªã‚’ã¤ãã‚‹,https://zenn.dev/link/scraps/9fc8903ebfa4cb,ã¿ã©ã‚Šã¿ã¡,2022-01-09T21:53:47.166+09:00,1
colorsãªã©ã®npmãƒ‘ãƒƒã‚±ãƒ¼ã‚¸ã«æ‚ªæ„ã‚ã‚‹ã‚³ãƒ¼ãƒ‰ãŒå«ã¾ã‚Œã¦ã„ã‚‹å•é¡Œã«ã¤ã„ã¦,https://zenn.dev/link/articles/d56615b2e11ad1,azu,2022-01-10T16:38:50.785+09:00,344
Juliaã§å¯è¦–åŒ–ï¼šæ°´ç´ åŸå­,https://zenn.dev/link/articles/e1103bc0d58ceb,Shuhei Ohno,2022-01-09T17:01:00.025+09:00,20
ãƒ‡ã‚³ãƒ¬ãƒ¼ã‚¿ã‚’ä½¿ã£ãŸã‚³ãƒãƒ³ãƒ‰ãƒ©ã‚¤ãƒ³ãƒ‘ãƒ¼ã‚µã€Œclassoptã€ã‚’ä½œã£ãŸ,https://zenn.dev/link/articles/b12cafac19cb43,stsysd,2022-01-04T15:35:15.058+09:00,11
TypeScriptã®declareã‚„interface Windowã‚’å‹˜ã§æ›¸ãã®ã‚’ã‚„ã‚ã‚‹2022,https://zenn.dev/link/articles/9c4ce0f1b68350,Masaki Hara,2022-01-01T00:09:53.053+09:00,275
ãƒ•ãƒ­ãƒ³ãƒˆã‚¨ãƒ³ãƒ‰ã®ãƒ‡ã‚¶ã‚¤ãƒ³ãƒ‘ã‚¿ãƒ¼ãƒ³,https://zenn.dev/link/books/learning-patterns-1,Shinya Fujino,2022-01-03T12:01:24.273+09:00,853
å¼·åŒ–å­¦ç¿’ã®ãƒãƒ³ã‚«ãƒ©ç’°å¢ƒã‚’ä½œã£ãŸè©± - ãƒãƒ«ãƒã‚¨ãƒ¼ã‚¸ã‚§ãƒ³ãƒˆRLãƒ©ã‚¤ãƒ–ãƒ©ãƒªæ¦‚è¦³,https://zenn.dev/link/articles/0bf081b7ddbbfc,Qiushi Pan,2021-12-25T05:09:25.587+09:00,6
ã€Œã‚³ãƒ³ãƒ”ãƒ¥ãƒ¼ã‚¿ã‚·ã‚¹ãƒ†ãƒ ã®ç†è«–ã¨å®Ÿè£…ã€ã‚’Swiftã§å®Ÿè£…ã—ã¦ã¿ãŸ,https://zenn.dev/link/articles/nand2tetris-swift,Yoki,2021-12-23T22:32:54.037+09:00,33
ä¸€å„„ç·æ•™ç¥–æ™‚ä»£ã‚’å¼·åŠ›ã«ã‚µãƒãƒ¼ãƒˆã™ã‚‹ãŸã‚ã®ã€ãŠæ‰‹è»½è–å…¸ä½œæˆæŠ€è¡“,https://zenn.dev/link/articles/2dd0287e32a982,hsjoihs,2021-12-23T17:22:36.902+09:00,15
JavaScriptã§ã®ãƒ“ãƒƒãƒˆæ¼”ç®—ãŒæƒ³åƒã—ã¦ã„ãŸã‚‚ã®ã¨ã¡ã‚‡ã£ã¨é•ã£ã¦ã„ãŸè©±,https://zenn.dev/link/articles/tech_js_bitwiseoperation,ã®ã¼ã£ã“,2021-12-15T19:09:10.057+09:00,3
Nintendo Switchâ„¢ ãƒã‚¤ãƒ†ã‚£ãƒ–ãƒã‚¤ãƒŠãƒªã¸ã® Go ã‚³ãƒ³ãƒ‘ã‚¤ãƒ«ã‚’æˆåŠŸã•ã›ãŸè©±,https://zenn.dev/link/articles/72f027db464280,Hajime Hoshi,2021-12-24T19:26:00.758+09:00,198
74thã®æŠ€è¡“åŒäººèªŒåŸ·ç­†ç’°å¢ƒï¼ˆMarkdown+Vivliostyle+VS Codeï¼‰,https://zenn.dev/link/articles/ed2229692ba6c6,Atsushi Morimoto,2021-12-19T07:35:19.936+09:00,75
æƒ…å ±å·¥å­¦ã‚’å­¦ã‚“ã ã“ã¨ã«ã‚ˆã‚‹å¤‰åŒ–,https://zenn.dev/link/articles/07d9b63e277a4c,manamin0521,2021-12-15T10:15:15.159+09:00,40
ç«¶æŠ€ãƒ—ãƒ­ã‚°ãƒ©ãƒŸãƒ³ã‚°ã‚’ã—ãªãã¦ã‚‚çŸ¥ã£ã¦ãŠããŸã„è¨ˆç®—é‡ã®ã¯ãªã—,https://zenn.dev/link/articles/2021-12-order-71a11ef156126d,ã»ã’ã•ã‚“,2021-12-14T10:21:52.232+09:00,59
Lensã ã‘ã§ä½œã‚‹ãƒ‹ãƒ¥ãƒ¼ãƒ©ãƒ«ãƒãƒƒãƒˆãƒ¯ãƒ¼ã‚¯,https://zenn.dev/link/articles/14458f024674e14f4134,lotz,2021-12-15T00:12:40.504+09:00,46
tmux ã£ã½ã VSCode ã‚’æ“ä½œã™ã‚‹,https://zenn.dev/link/articles/tmux-like-vscode,ganyariya,2021-12-09T19:26:41.827+09:00,42
é…ä¿¡èƒŒæ™¯ã‚’TypeScript(Processing)ã§æ›¸ã„ã¦ã¿ãŸ,https://zenn.dev/link/articles/live-backgrounds,ç éŸ¿ãã†ã_ãˆã¦ã¿ãªã‚‹,2021-12-13T12:38:56.608+09:00,44
ã‚­ãƒ¼ãƒœãƒ¼ãƒ‰ã«å€‹æ€§ã‚’å‡ºã™ã²ã¨æ‰‹é–“ã«ã¤ã„ã¦,https://zenn.dev/link/articles/d4f67c9225d154,techmech,2021-12-09T22:55:48.879+09:00,10
Python ã®æ•°ç†æœ€é©åŒ–ã‚½ãƒ«ãƒãƒ¼ã‚’è©¦ã—ã¦ã¿ãŸ,https://zenn.dev/link/articles/036_solver_pulp,koji/ãƒ¡ã‚¬ãƒç”·,2021-04-25T09:50:38.403+09:00,6
ãƒãƒåŸ‹ã‚è¾¼ã¿æ³•ã‚’ä½¿ã£ã¦éš£æ¥è¡Œåˆ—ã‹ã‚‰ã‚°ãƒ©ãƒ•ã‚’æç”»ã™ã‚‹,https://zenn.dev/link/articles/9e47c54994876f25d1e5,lotz,2020-12-30T23:50:56.996+09:00,15
"ãƒ—ãƒ­ã‚³ãƒ³ã«OSSã‚’ä½¿ã£ã¦ã¯ã„ã‘ãªã„ã®ã‹ï¼Ÿ #procon32 ",https://zenn.dev/link/articles/b7c310b96f51fc,koduki,2021-10-11T15:08:20.849+09:00,103
Scala ãƒ¦ãƒ¼ã‚¶ãƒ¼ãŒã¬ã‚‹ã£ã¨Haskellã«å…¥ä¿¡ã—ãŸã®ã§Haskellã®ã¯ã˜ã‚ã‹ãŸã«ã¤ã„ã¦æ›¸ã,https://zenn.dev/link/articles/8d1d9072d06695,110416,2021-12-06T13:39:22.941+09:00,15
niconicoå‹•ç”»ã®APIã‚¯ãƒ©ã‚¤ã‚¢ãƒ³ãƒˆã‚’ä½œã£ã¦ã¿ãŸ,https://zenn.dev/link/articles/3f9cd733554846,Javakky,2021-12-03T17:38:42.215+09:00,5
React ã‚’æ·±ãçŸ¥ã‚‹ãŸã‚ã®å…¥ã‚Šå£,https://zenn.dev/link/articles/deep-dive-into-react,ãƒ—ãƒ­ã‚°ãƒ©ãƒŸãƒ³ã‚°ã‚’ã™ã‚‹ãƒ‘ãƒ³ãƒ€,2021-03-07T13:09:08.403+09:00,275
çŒ¿ã§ã‚‚åˆ†ã‹ã‚‹ï¼Vueã®ãƒªã‚¢ã‚¯ãƒ†ã‚£ãƒ–ã‚·ã‚¹ãƒ†ãƒ ,https://zenn.dev/link/articles/c740c72edeabbe,kj455,2021-05-08T15:35:35.017+09:00,14
ãƒ‹ã‚³ãƒ‹ã‚³äº’æ›ã‚³ãƒ¡ãƒ³ãƒˆæç”»ãƒ©ã‚¤ãƒ–ãƒ©ãƒªã‚’ä½œã£ã¦ã¿ãŸ,https://zenn.dev/link/articles/f1ad30840f9830,xpadev,2021-12-01T01:48:13.022+09:00,5
é–¢æ•°å‹ã¯ãƒ—ãƒ­ã‚°ãƒ©ãƒŸãƒ³ã‚°ã‚¹ã‚¿ã‚¤ãƒ«,https://zenn.dev/link/articles/97b458eff8283c783d9b,j5ik2o,2021-11-28T22:36:18.239+09:00,157
Javaã§ã‚‚ã†ä¸€åº¦å­¦ã³ç›´ã™ã‚ªãƒ–ã‚¸ã‚§ã‚¯ãƒˆæŒ‡å‘ãƒ—ãƒ­ã‚°ãƒ©ãƒŸãƒ³ã‚°ã‚’é–¢æ•°å‹ãƒ—ãƒ­ã‚°ãƒ©ãƒŸãƒ³ã‚°ã§è€ƒãˆç›´ã™ ã€œç¬¬5ç« ã€œ,https://zenn.dev/link/articles/3ced6e75d120fb,ABABâ†‘â†“BA,2021-03-27T17:05:19.636+09:00,14
Reactã§ã‚µã‚¯ãƒƒã¨chromeã®æ‹¡å¼µæ©Ÿèƒ½ã‚’ã¤ãã‚‹,https://zenn.dev/link/articles/how-to-make-chrome-extension,tokku5552,2021-11-23T10:52:55.002+09:00,117
"æ–‡åŒ–ç¥­å…¥é€€å ´ãƒ»æ··é›‘ç®¡ç†ã‚·ã‚¹ãƒ†ãƒ  ""CAPPUCCINO"" é–‹ç™ºãƒ»é‹ç”¨è¨˜",https://zenn.dev/link/articles/cappuccino-system,ã™ã°ã‚‹,2021-11-24T20:15:58.627+09:00,183
Immutable.jsã¨Immerã€ã¡ã‚ƒã‚“ã¨ä½¿ã„åˆ†ã‘ã¦ã„ã¾ã™ã‹ï¼Ÿ,https://zenn.dev/link/articles/immutable-immer,uhyo,2021-03-27T17:54:45.042+09:00,104
Puppeteerã‚’ä½¿ã£ã¦Zennã®Bookã‚’PDFå‡ºåŠ›ã™ã‚‹,https://zenn.dev/link/articles/5cafb00d942fe9fdfebf,ganezasan,2021-01-23T23:54:12.501+09:00,27
ã€å…¥é–€ç·¨ã€‘Reduxã«ã‚ˆã‚‹çŠ¶æ…‹ç®¡ç†ã®ä»•çµ„ã¿ã‚’ç†è§£ã™ã‚‹,https://zenn.dev/link/articles/25c10b27783093,jojo,2021-03-21T20:41:24.293+09:00,58
JSã®ãƒ¢ã‚¸ãƒ¥ãƒ¼ãƒ«ã«ã¤ã„ã¦ã®ã‚ã‚Œã“ã‚Œ,https://zenn.dev/link/scraps/47abc4f7052ff7,ã‚ãã²ã‚,2021-03-25T10:43:02.007+09:00,16
TypeScriptã®JSDocã‚µãƒãƒ¼ãƒˆã§ã§ãã‚‹ã“ã¨ã€ã§ããªã„ã“ã¨,https://zenn.dev/link/articles/56917d9bf9077b,Masaki Hara,2021-11-06T18:45:37.739+09:00,70
æ±äº¬å¤§å­¦å¤§å­¦é™¢ æƒ…å ±ç†å·¥å­¦ç³»ç ”ç©¶ç§‘ã®å…¥è©¦å¯¾ç­–,https://zenn.dev/link/articles/utokyo-ist-admission,å¾Œç”Ÿæ¥½ åºƒå°è·¯,2021-02-28T09:31:32.702+09:00,7
æ±äº¬å¤§å­¦å¤§å­¦é™¢ å·¥å­¦ç³»ç ”ç©¶ç§‘ã®å…¥è©¦å¯¾ç­–,https://zenn.dev/link/articles/utokyo-engineering-admission,å¾Œç”Ÿæ¥½ åºƒå°è·¯,2021-03-13T10:15:50.300+09:00,6
ES5ä»¥é™ã®JavaScriptã§Arrayã®æœ€å¾Œã‚’å–å¾—ã™ã‚‹,https://zenn.dev/link/articles/c9a242bdee5579,å €å·ç™»å–œçŸ¢,2021-08-23T12:02:31.573+09:00,3
"æ­£è¦è¡¨ç¾ã®""æ­£è¦""ã¨ã¯ä½•ã‹æ°—ã«ãªã£ãŸã‚‰æ­£è¦è¡¨ç¾ã®æ­´å²ã‚’ç´è§£ãã“ã¨ã«ãªã£ã¦ã—ã¾ã£ãŸè©±",https://zenn.dev/link/articles/0b554e59db0158,yucatio,2021-10-31T09:00:10.702+09:00,183
lodashã®ä»£ã‚ã‚Šã«justã‚’ä½¿ã†,https://zenn.dev/link/articles/2020-11-26-lodash-just,terrierscript,2020-11-26T23:12:22.761+09:00,86
æŠ€è¡“è¨˜äº‹ã®3é¡å‹: åˆå¿ƒè€…ã«ã‚ˆã‚‹æŠ€è¡“è¨˜äº‹åŸ·ç­†ã®ã™ã™ã‚,https://zenn.dev/link/articles/technical-articles,uhyo,2021-08-05T00:25:41.640+09:00,171
TypeScriptã®å‹ã‚’ä½¿ã£ã¦FizzBuzzã¨ãƒ•ã‚£ãƒœãƒŠãƒƒãƒæ•°ã‚’è¨ˆç®—ã—ã¦ã¿ãŸ,https://zenn.dev/link/articles/613b5a819922d6,youta,2021-02-14T22:17:34.560+09:00,16
Turing Complete,https://zenn.dev/link/articles/600f3873940248,Kazuki Sakamoto,2021-10-14T14:23:44.223+09:00,10
2021å¹´ã®ã€Œã‚ªãƒ–ã‚¸ã‚§ã‚¯ãƒˆæŒ‡å‘ã€ã‚’è€ƒãˆã‚‹,https://zenn.dev/link/articles/d34b1a3b244e46,takahashim,2021-10-09T13:02:23.486+09:00,184
å¤§å­¦ã®ç ”ç©¶å®¤ã«ãŠã‘ã‚‹Discordå°å…¥ã®ä¸€ä¾‹,https://zenn.dev/link/articles/ceb60da5d053b2,chemAkipe,2021-10-11T18:40:50.000+09:00,33
JavaScriptã®éåŒæœŸå‡¦ç†ã‚’ã˜ã£ãã‚Šç†è§£ã™ã‚‹ (2) Promise,https://zenn.dev/link/articles/0aa6ec47248d80,Masaki Hara,2021-10-03T17:19:37.280+09:00,165
Pythonistaã®ãŸã‚ã®Nimå…¥é–€,https://zenn.dev/link/articles/3f4f1c288ada66,medyğŸğŸ‘‘,2021-03-13T08:08:56.257+09:00,57
ãªãœç§ã¯ãƒ‡ãƒ¼ã‚¿å‡¦ç†ã«ãŠã„ã¦Nimã‚’Pythonã®ä»£ã‚ã‚Šã«ä½¿ã†ã®ã‹ï¼ˆç¿»è¨³ï¼‰,https://zenn.dev/link/articles/6d9d614502c249,medyğŸğŸ‘‘,2021-09-26T11:32:59.454+09:00,44
JavaScriptã®Iterator / Generatorã®æ•´ç†,https://zenn.dev/link/articles/112af47edfda96,Masaki Hara,2021-09-04T23:05:27.681+09:00,139
ãˆã£ã¡ãªã‚µã‚¤ãƒˆã‚’ä½œã‚‹(22),https://zenn.dev/link/articles/a8d37452000022,ãƒãƒ£ã‚¢ãƒ¼ãƒãƒ³,2021-08-16T01:13:01.381+09:00,3
TypeScriptã®å…¨ã¦ã®asã‚’æ’²æ»…ã™ã‚‹as-safelyã¨ã„ã†OSSã‚’ä½œã£ãŸã‚¾ã‚©ã‚©ã€œ,https://zenn.dev/link/articles/fdbc464f31c292,Yuito Sato,2021-09-11T17:02:46.145+09:00,128
"ã€Puppeteer + istanbulã€‘Node.jsã§ãƒšãƒ¼ã‚¸ã®ã‚«ãƒãƒ¬ãƒƒã‚¸ã‚’å–å¾—ã—ã¦ã¿ã‚‹ ",https://zenn.dev/link/articles/1d1f9a386aa635,ã¾ãˆã ,2021-05-26T20:09:30.319+09:00,13
ã‚³ãƒ³ãƒ‘ã‚¤ãƒ«æŠ€æ³•: ãƒ‘ã‚¿ãƒ¼ãƒ³ãƒãƒƒãƒ,https://zenn.dev/link/books/compiling-pattern-matching,Îºeen,2021-09-06T00:31:57.818+09:00,198
<script>è¦ç´ ã®æ§‹æ–‡,https://zenn.dev/link/articles/4f6c728d452295,Masaki Hara,2021-08-22T16:06:28.207+09:00,38
äºŒåˆ†æ¢ç´¢ã‚’ç”¨ã„ãŸé…¸å¡©åŸºå¹³è¡¡ã‚·ãƒŸãƒ¥ãƒ¬ãƒ¼ã‚·ãƒ§ãƒ³,https://zenn.dev/link/articles/equilibrium-simulation,ã¨ãŒ,2021-07-22T20:10:28.660+09:00,6
i3wmï¼Œconfig ã—ãªã„ãªã‚“ã¦å‹¿ä½“ãªã„ï¼,https://zenn.dev/link/articles/i3-window-manager,ã¨ãŒ,2021-08-08T13:54:19.802+09:00,12
JavaScript ã§æ–‡å­—æ•°ã‚’ length ã§æ•°ãˆã‚‹ã®ã¯ã‚„ã‚ã‚ˆã†ã®å®Ÿä¾‹,https://zenn.dev/link/articles/d21d69a5914a03,Sosuke Suzuki,2021-08-04T00:47:47.989+09:00,192
Zennã‚’æ”¯ãˆã‚‹æŠ€è¡“ã¨ã‚µãƒ¼ãƒ“ã‚¹æ§‹æˆ,https://zenn.dev/link/articles/zenn-dev-stack,catnose,2020-09-08T18:32:00.000+09:00,1093
Haskell ã« IDE ã¯ãªã„ã®ã‹ï¼Ÿâ”€â”€ç‹¬æ–­ã¨åè¦‹ã«ã‚ˆã‚‹ Haskell ã® IDE åå¹´å²,https://zenn.dev/link/articles/1a60baba9848a1,konn,2021-02-05T22:05:41.515+09:00,92
"[Mastodon]10ç¨®é¡ã®Webãƒ•ãƒ¬ãƒ¼ãƒ ãƒ¯ãƒ¼ã‚¯ã§ActivityPubå®Ÿè£… ä¸€(Express, Fastify)",https://zenn.dev/link/articles/78b203b30f689f,é»’ãƒ°æ¨¹,2020-12-23T23:55:16.999+09:00,7
é–¢æ•°å‹ãƒ—ãƒ­ã‚°ãƒ©ãƒŸãƒ³ã‚°ã¯ã¾ãšã¯ç´”ç²‹é–¢æ•°å‹è¨€èªã‚’ç”¨ã„ã¦ã€è€ƒãˆæ–¹ã‹ã‚‰ç†è§£ã—ã‚ˆã†,https://zenn.dev/link/articles/fb25358a570763,ABABâ†‘â†“BA,2021-07-19T15:11:13.545+09:00,123
AWSã®MFAã‚’jsã§ç”Ÿæˆã™ã‚‹ã€Œtotp.jsã€ã‚’èª­ã‚€,https://zenn.dev/link/articles/114449b0213daf,Akihiro MATOBA,2021-02-03T15:26:21.610+09:00,11
ç«¶ãƒ—ãƒ­ã®ãŸã‚ã®æ¨™æº– C++,https://zenn.dev/link/books/standard-cpp-for-competitive-programming,Ryo Suzuki,2021-04-23T22:11:59.257+09:00,120
Rust + LLVMã§è‡ªä½œè¨€èªã‚’ã‚»ãƒ«ãƒ•ãƒ›ã‚¹ãƒ†ã‚£ãƒ³ã‚°ã—ãŸè©±,https://zenn.dev/link/articles/eaaeeab742b4a1,yubrot,2021-07-08T13:54:20.957+09:00,78
ãƒ—ãƒ­ã‚°ãƒ©ãƒã®ãŸã‚ã®åœè«– (åŸ·ç­†ä¸­),https://zenn.dev/link/books/850b20937af93b,ã•ã®ãŸã‘ã¨,2021-04-24T21:18:12.199+09:00,217
æ­£å¼ä»•æ§˜ãƒªãƒªãƒ¼ã‚¹ï¼ JavaScriptã®æœ€æ–°ä»•æ§˜ES2021ã§è¿½åŠ ã•ã‚ŒãŸæ–°æ©Ÿèƒ½ã¾ã¨ã‚,https://zenn.dev/link/articles/es2021-whats-new,é¹¿é‡ å£®,2021-06-24T09:05:46.068+09:00,409
ã¼ãã®ã‹ã‚“ãŒãˆãŸãƒ•ãƒ­ãƒ³ãƒˆã‚¨ãƒ³ãƒ‰ã‚¢ãƒ¼ã‚­ãƒ†ã‚¯ãƒãƒ£,https://zenn.dev/link/articles/fddf0eb35ffa2a,kichion,2021-03-31T09:22:40.703+09:00,168
PlantUMLã®ã‚·ãƒ¼ã‚±ãƒ³ã‚¹å›³ã®æ›¸ãæ–¹ã¾ã¨ã‚,https://zenn.dev/link/articles/006ca2947f309a074939,kitabatake,2020-09-22T14:18:39.528+09:00,9
AWSã§ç«‹ã¦ãŸãƒã‚¤ã‚¯ãƒ©ã‚µãƒ¼ãƒã«ãƒœã‚¿ãƒ³èµ·å‹•ã¨è‡ªå‹•åœæ­¢ã®ä»•çµ„ã¿ã‚’å…¥ã‚Œã‚‹,https://zenn.dev/link/articles/50c43d875a64eb,shatos,2021-06-15T20:29:03.872+09:00,19
Electronå…¥é–€ ~ Webã®æŠ€è¡“ã§ã¤ãã‚‹ãƒ‡ã‚¹ã‚¯ãƒˆãƒƒãƒ—ã‚¢ãƒ—ãƒª,https://zenn.dev/link/books/6f6a0bf2fd301c,Kei Touge,2021-06-12T16:45:10.087+09:00,130
è«–ç†æ¼”ç®—å¯èƒ½ãªæ­£è¦è¡¨ç¾ã‚¨ãƒ³ã‚¸ãƒ³ã‚’ä½œã‚ã†,https://zenn.dev/link/books/spex-prototype,j5c8k6m8,2021-06-13T23:47:57.010+09:00,44
Webassemblyã‚³ãƒ³ãƒ‘ã‚¤ãƒ©ã‚’è‡ªä½œã—ã‚ˆã†,https://zenn.dev/link/articles/c7a4ece880e54e,Akatsuki,2021-06-11T17:37:46.724+09:00,142
Next.jsã¨microCMSã§ã‚«ãƒƒãƒ—ãƒ©ãƒ¼ãƒ¡ãƒ³é£Ÿã¹ãŸå›æ•°ã‚«ã‚¦ãƒ³ã‚¿ãƒ¼ã‚’ä½œã‚‹,https://zenn.dev/link/articles/a957006ba6ffb6,Yoshiyuki Hisamatsu,2021-06-06T15:03:49.686+09:00,83
Electronã§çµ„ã¿è¾¼ã¿ç«¯æœ«å‘ã‘ã‚¢ãƒ—ãƒªã‚±ãƒ¼ã‚·ãƒ§ãƒ³ã‚’é–‹ç™ºã—3å¹´é–“é‹ç”¨ã—ã¦ã¿ã¦,https://zenn.dev/link/articles/2021-06-electron-embedded,aku,2021-06-06T09:32:51.702+09:00,272
ã‚ªãƒªã‚¸ãƒŠãƒ«ã®JavaScriptãƒ©ã‚¤ãƒ–ãƒ©ãƒªã‚’å…¬é–‹ã—ã‚ˆã†,https://zenn.dev/link/books/fcd96342f5cb1b468799,yusuke,2021-05-24T09:42:42.155+09:00,129
Rustã§ç°¡æ˜“ã‚¦ã‚§ãƒ–ã‚¯ãƒ­ãƒ¼ãƒ©ã‚’ä½œã‚‹,https://zenn.dev/link/books/32df27b4cc54df4fa7a5,Shotaro Tsuji,2020-12-08T19:56:44.123+09:00,165
åŸºç¤ã‹ã‚‰ã¯ã˜ã‚ã‚‹ç‰©ç†ãƒ™ãƒ¼ã‚¹ãƒ¬ãƒ³ãƒ€ãƒªãƒ³ã‚°,https://zenn.dev/link/books/619c81d2fbeafd,mebiusbox,2021-02-23T18:08:04.112+09:00,115
ãƒ¬ã‚¤ãƒˆãƒ¬ãƒ¼ã‚·ãƒ³ã‚°å…¥é–€,https://zenn.dev/link/books/8d9c42883df9f6,mebiusbox,2021-02-23T12:25:53.188+09:00,128
ã€Œã‚¸ãƒ§ãƒ¼ã‚¸ã‚¢å·¥ç§‘å¤§å­¦ã«åˆæ ¼ã™ã‚‹ã¾ã§ã®572æ™‚é–“29åˆ†02ç§’ã€ã‚’å…¬é–‹ã™ã‚‹ã‚µã‚¤ãƒˆã‚’ç´„82æ™‚é–“21åˆ†11ç§’ã‹ã‘ã¦ä½œã£ãŸ,https://zenn.dev/link/articles/617efe3bf9841d,Kakeami,2021-05-28T10:30:08.038+09:00,97
ğŸ“šãƒ–ãƒ©ã‚¦ã‚¶ã®ä»•çµ„ã¿ã‚’å­¦ã¶,https://zenn.dev/link/articles/e10295948e17ca,silverbirder,2021-05-29T17:39:19.782+09:00,91
GitHub Actions ã§ Dependabot ã®ãƒ—ãƒ«ãƒªã‚¯ã‚¨ã‚¹ãƒˆã®æ»ç•™ã‚’é˜²ãä»•çµ„ã¿ã¥ãã‚Š,https://zenn.dev/link/articles/improve-dependabot-pr,ryo_kawamata,2021-04-29T19:45:01.279+09:00,87
ãƒ—ãƒ­ã‚°ãƒ©ãƒŸãƒ³ã‚°åˆå¿ƒè€…ã®ãŸã‚ã® JavaScript ã¨ Node.js ã®æ­´å²ã€ãã‚Œã‚’è¸ã¾ãˆãŸå‹‰å¼·æ–¹æ³•,https://zenn.dev/link/articles/3789a101dae388d98159,mizchi,2020-11-13T12:33:10.608+09:00,587
èª­æ›¸è¨˜éŒ²ã€Œãƒ¬ã‚¬ã‚·ãƒ¼ã‚³ãƒ¼ãƒ‰æ”¹å–„ã‚¬ã‚¤ãƒ‰ã€,https://zenn.dev/link/scraps/a026ee3c34acf7,kitagry,2021-01-17T16:27:20.137+09:00,2
çµ„ã¿è¾¼ã¿ã§èˆ¬è‹¥å¿ƒçµŒã‚’æ‰±ã†éš›ã®åŠ¹ç‡çš„ãªãƒ¡ãƒ¢ãƒªé…ç½®æ–¹æ³•ã®æ¤œè¨,https://zenn.dev/link/articles/02c243a6ba7795,ã†ã“,2021-05-17T18:24:43.030+09:00,46
ç§ãŒã‚µãƒ¼ãƒãƒ¬ã‚¹ã«å…¨é¢ç§»è¡Œã—ãŸç†ç”±ã¯ã‚»ã‚­ãƒ¥ãƒªãƒ†ã‚£ã§ã™ã€‚ã‚»ã‚­ãƒ¥ãƒªãƒ†ã‚£ãƒ‘ãƒƒãƒã‚‚å½“ã¦ãšæ”¾ç½®ã—ã¦ã—ã¾ã£ã¦ã„ã¾ã—ãŸã€‚,https://zenn.dev/link/articles/a259a3241918da,æ¦ŠåŸæ˜Œå½¦,2021-04-19T21:51:52.364+09:00,108
ãƒªãƒ•ã‚¡ã‚¯ã‚¿ãƒªãƒ³ã‚°ç¬¬2ç‰ˆèª­æ›¸ãƒ¡ãƒ¢,https://zenn.dev/link/scraps/9d7d78c7779f02,ã¶ã‚‹ãƒ¼,2021-03-31T21:52:42.006+09:00,1
Rustã§æ•°å€¤è¨ˆç®—,https://zenn.dev/link/books/b4bce1b9ea5e6853cb07,termoshtt,2020-10-06T21:27:03.970+09:00,216
ã€TSã€‘ä»Šã•ã‚‰èã‘ãªã„ã‚¤ãƒ†ãƒ¬ãƒ¼ã‚¿ãƒ»ã‚¸ã‚§ãƒãƒ¬ãƒ¼ã‚¿,https://zenn.dev/link/articles/a464d4bd9d48fc23ec06,nekoniki,2020-11-03T22:18:08.039+09:00,19
ã‚²ãƒ¼ãƒ é–‹ç™ºè€…ã®ãŸã‚ã® C++11ã€œC++20 æŠ€è¡“æ›¸å…¸ 10 Ver.,https://zenn.dev/link/books/cpp11-cpp20-for-game-developers,Tetsuro Matsumura,2021-01-08T23:21:52.830+09:00,53
pyenvã§ä»»æ„ã®Pythonãƒãƒ¼ã‚¸ãƒ§ãƒ³ã«åˆ‡ã‚Šæ›¿ãˆã‚‹æ–¹æ³•,https://zenn.dev/link/articles/pyenv-python-switch-versions,Masuyama,2021-03-30T14:33:42.004+09:00,1
æœªè¸ã‚¸ãƒ¥ãƒ‹ã‚¢ã€ä¼ã‚ã‚‹ææ¡ˆæ›¸ã‚’ä½œã‚‹ 5 ã¤ã®ã‚³ãƒ„,https://zenn.dev/link/articles/idea-mitoujr,Ryo Suzuki,2021-05-02T21:46:39.519+09:00,44
ã‚ªãƒªã‚¸ãƒŠãƒ«ã®JavaScriptãƒ©ã‚¤ãƒ–ãƒ©ãƒªã‚’ä½œã‚ã†,https://zenn.dev/link/books/b6f2d99b5208e9,manycicadas,2021-01-16T18:06:24.163+09:00,104
Classãƒ™ãƒ¼ã‚¹ã§ã¯ãªã„JavaScriptã®ãƒ©ã‚¤ãƒ–ãƒ©ãƒªé›†,https://zenn.dev/link/scraps/b525999e5f343e,Koji Ishimoto,2021-01-29T10:24:16.001+09:00,3
ç¾ä»£ã®ã‚ªãƒ–ã‚¸ã‚§ã‚¯ãƒˆæŒ‡å‘ã® class ã®å‰²ã‚Œçª“åŒ–ã¨å®£è¨€çš„ãƒ—ãƒ­ã‚°ãƒ©ãƒŸãƒ³ã‚°,https://zenn.dev/link/articles/oop-think-modern,mizchi,2021-01-21T16:00:01.907+09:00,255
Webpackã®å…¥é–€æ›¸,https://zenn.dev/link/books/4391b9280f823061932c,Yuri,2020-09-19T07:01:47.931+09:00,310
å¤§è¦æ¨¡ãªã‚½ãƒ¼ã‚¹ã‚³ãƒ¼ãƒ‰ã‚’ç†è§£ã™ã‚‹,https://zenn.dev/link/articles/78af1e87cbd9d0,okmttdhr,2021-04-30T15:13:02.861+09:00,52
æ•°å­¦è¨˜å·è¨˜æ³•ä¸€è¦§ï¼ˆé›†åˆãƒ»ç·šå½¢ä»£æ•°ï¼‰,https://zenn.dev/link/articles/b0b3a51cac5d7fe4555b,Josh Nobus,2020-10-15T01:59:01.577+09:00,79
çŒ¿ã§ã‚‚ã‚ã‹ã‚‹ï¼discord.pyã®Intentsã«ã¤ã„ã¦ï¼,https://zenn.dev/link/articles/discordintents,2ãƒ¬ã‚¸,2020-09-30T14:39:08.299+09:00,10
ã‚«ãƒ¼ãƒ‰ç•ªå·ã‚’Saltç„¡ã—ã®SHA256ã§ãƒˆãƒ¼ã‚¯ãƒ³åŒ–ã™ã‚‹ã®ãŒã©ã®ãã‚‰ã„å±é™ºã‹è©¦ã—ã¦ã¿ãŸ,https://zenn.dev/link/articles/c6ef840d06aaf0,koduki,2021-04-22T14:05:21.920+09:00,91
ãƒªãƒ†ãƒ©ãƒ«ãªã—ã§FizzBuzzã‚’å®Ÿè£…ã™ã‚‹,https://zenn.dev/link/articles/fizzbuzz-without-literal,tkz,2021-04-18T01:25:25.217+09:00,13
JavaScriptã®æ•°å€¤è¨ˆç®—ã¯ã©ã‚Œãã‚‰ã„æ­£ç¢ºãªã®ã‹,https://zenn.dev/link/articles/javascript-math-accuracy,uhyo,2020-11-03T18:03:11.003+09:00,45
ã€ãƒªã‚½ãƒ¼ã‚¹å–å¾—APIã®æ¯”è¼ƒã€‘fetchã¨axiosã®4ã¤ã®ç›¸é•ç‚¹,https://zenn.dev/link/articles/9840082d1a6633,ã—ã‚…ã†,2020-12-16T16:25:56.581+09:00,113
çœŒã®Go To Eat ã‚µã‚¤ãƒˆãŒä½¿ã„ã¥ã‚‰ã‹ã£ãŸã®ã§Playwright + AppSheetã§è‡ªåˆ†ç”¨ã‚¢ãƒ—ãƒªã‚’ä½œã£ã¦ã¿ãŸè©±,https://zenn.dev/link/articles/go-to-eat-to-appsheet,ryo_kawamata,2020-11-13T19:24:07.039+09:00,55
Puppeteerä½¿ã„ãŒPlaywrightã‚’ä½¿ã£ã¦ã¿ã¦æ„Ÿã˜ãŸåˆ©ç‚¹,https://zenn.dev/link/articles/ed6f66ab80c7ce,84q,2021-02-02T12:56:39.462+09:00,47
Minecraft è¾²æ¥­ã®è‡ªå‹•åŒ–,https://zenn.dev/link/books/5c3375fcc105fc,ãŸãã®ã‚ã˜ãƒ / Takunology,2021-03-18T16:54:54.743+09:00,70
GitHubã®æ©Ÿèƒ½ã‚’ãƒ•ãƒ«ã«ä½¿ã£ã¦è·å‹™çµŒæ­´æ›¸ã®ç¶™ç¶šçš„ã‚¤ãƒ³ãƒ†ã‚°ãƒ¬ãƒ¼ã‚·ãƒ§ãƒ³ã‚’å®Ÿç¾ã™ã‚‹,https://zenn.dev/link/articles/resume-on-github,ryo_kawamata,2020-10-19T20:17:15.303+09:00,302
ã“ã‚Œã‹ã‚‰JSæ²¼ã«è¶³ã‚’çªã£è¾¼ã‚‚ã†ã¨ã—ã¦ã„ã‚‹æ–¹ã«è´ˆã‚‹é…åˆ—æ“ä½œã®ã„ã‚ã¯,https://zenn.dev/link/articles/78450a1fe35664,Ubugeeei,2021-03-10T10:55:39.156+09:00,96
docker-compose ã® bind mount ã‚’1è¡Œã§æ›¸ããª,https://zenn.dev/link/articles/0c1db052d09921,Sarisia,2021-02-24T10:09:45.876+09:00,211
CGã®ãŸã‚ã®æ•°å­¦,https://zenn.dev/link/books/132b654aa02124,mebiusbox,2021-02-24T11:02:00.000+09:00,489
GitHubã®TUIãƒ„ãƒ¼ãƒ«ã‚’ä½œã£ãŸ,https://zenn.dev/link/articles/2021-02-22-go-github-tui,ç¦°è±†ã‚´ãƒªãƒ©,2021-02-22T22:37:17.223+09:00,78
æœ¬æ°—ã§æŠ€è¡“è¨˜äº‹ã‚’æ›¸ãæ™‚ã®ãƒ—ãƒ­ã‚»ã‚¹,https://zenn.dev/link/articles/47ecabce77d68c,seya,2021-02-13T12:12:22.733+09:00,78
æ™‚é–“ãŒã‹ã‹ã‚‹è¤‡æ•°ã®CLIã‚¿ã‚¹ã‚¯ã‚’Rustè£½ãƒ„ãƒ¼ãƒ«ã®Pueueã§ç®¡ç†ã™ã‚‹,https://zenn.dev/link/articles/b777836712294dc22bd4,ã•,2021-02-14T17:34:39.872+09:00,63
Haskell ã®å­¦ç¿’ãƒ­ã‚° (åŸºç¤~Stateãƒ¢ãƒŠãƒ‰ãã‚‰ã„ã¾ã§),https://zenn.dev/link/scraps/7f3f05b6db45fa,ãŠãƒ¼ã¿ãƒ¼,2021-01-03T18:27:39.762+09:00,12
ThinkPad ã¨å¤–ä»˜ã‘ GPU ã§æœ€é«˜ã®ãŠã†ã¡é–‹ç™ºç’°å¢ƒã‚’ã¤ãã‚‹,https://zenn.dev/link/articles/best-dev-env-with-x1c-and-egpu,ã™ã°ã‚‹,2020-12-08T07:43:59.006+09:00,21
å®¶ãŒãªããªã£ãŸã®ã§2ãƒ¶æœˆé–“ãƒ¯ãƒ¼ã‚±ãƒ¼ã‚·ãƒ§ãƒ³ã—ã¦ã¿ãŸ,https://zenn.dev/link/articles/ec0c16665476ca,tinoji,2020-12-24T10:33:00.000+09:00,74
AtCoder ã¨ Rust ã§å§‹ã‚ã‚‹ï¼ç«¶æŠ€ãƒ—ãƒ­ã‚°ãƒ©ãƒŸãƒ³ã‚°å…¥é–€ï¼ˆRust ç‰ˆ APG4bï¼‰,https://zenn.dev/link/books/apg4b-rust-ver,ã¨ãŒ,2020-12-30T20:24:26.461+09:00,230
Rust ã¯ä½•ã‚’è§£æ±ºã—ã‚ˆã†ã¨ã—ãŸã®ã‹ï¼›ãƒ¡ãƒ¢ãƒªã¨ãƒªã‚½ãƒ¼ã‚¹ã¨æ‰€æœ‰æ¨©,https://zenn.dev/link/articles/630a64fbc9c65e29b566,karno,2021-01-12T20:13:12.272+09:00,251
Raspberry Piã¯æœ¬å½“ã«å£Šã‚Œã‚„ã™ã„ã®ã‹,https://zenn.dev/link/articles/97b9e25d0ae41c,su,2021-01-06T22:31:02.456+09:00,324
ã‚°ãƒ©ãƒ•ã‹ã‚‰ã‚³ãƒŸãƒ¥ãƒ‹ãƒ†ã‚£æ§‹é€ ã‚’æŠ½å‡ºã™ã‚‹ ã€œãƒªãƒƒãƒãƒ•ãƒ­ãƒ¼ã«ã‚ˆã‚‹ã‚°ãƒ©ãƒ•ã®æ™‚é–“ç™ºå±•ã€œ,https://zenn.dev/link/articles/eebd7ea4d1fe776f1f66,lotz,2020-12-23T09:21:51.528+09:00,50
"Rust ã§ã¯ã˜ã‚ã‚‹ Twitter API ",https://zenn.dev/link/books/83ef64248646f18d246a,/bin/zsh,2020-10-03T18:06:26.478+09:00,36
Rustã§ã¤ãã‚‹Gitå…¥é–€,https://zenn.dev/link/books/impl-git-in-rust,ã†ã˜ã¾ã‚‹,2020-10-30T12:56:54.610+09:00,226
React / Redux ã‚’å®Ÿå‹™ã§ä½¿ã†ã¨ã„ã†ã“ã¨ã¯,https://zenn.dev/link/articles/35ace7a7cd127f9a1d08,ã™ãš,2020-10-23T13:58:00.000+09:00,658
"2020å¹´ç‰ˆ: ãªãœä»®æƒ³ DOM / å®£è¨€çš„ UI ã¨ã„ã†æ¦‚å¿µãŒã€ã‚ã®ã¨ãã®ä¿ºé”ã®é­‚ã‚’éœ‡ãˆã•ã›ãŸã®ã‹ ",https://zenn.dev/link/books/0c55c230f5cc754c38b9,mizchi,2020-09-20T18:23:00.000+09:00,438