url,title,created_date,clipped_date
https://seiga.nicovideo.jp/seiga/im11622935,ミクぴょん,2025年06月08日 18:03,2025年06月08日 19:44
https://seiga.nicovideo.jp/seiga/im11576558,ミクの日2025,2025年03月09日 17:26,2025年03月20日 22:52
https://seiga.nicovideo.jp/seiga/im11578209,えぬてい,2025年03月12日 17:58,2025年03月20日 22:52
https://seiga.nicovideo.jp/seiga/im11582334,＼コロンミク／,2025年03月20日 18:02,2025年03月20日 22:52
https://seiga.nicovideo.jp/seiga/im11565040,はぴばれ！,2025年02月14日 18:02,2025年02月14日 21:20
https://seiga.nicovideo.jp/seiga/im1408620,ちょっとルカさんパンツ丸見えですよ!!,2011年09月05日 22:44,2025年02月13日 17:08
https://seiga.nicovideo.jp/seiga/im10775769,巡音ルカ 緊縛,2021年07月10日 15:25,2025年02月01日 01:00
https://seiga.nicovideo.jp/seiga/im11555784,lksn,2025年01月27日 18:44,2025年01月27日 21:51
https://seiga.nicovideo.jp/seiga/im7758254,【すいまじ】さらにツメてみた【SBRV】,2017年12月28日 09:24,2025年01月17日 17:46
https://seiga.nicovideo.jp/seiga/im3985609,イース様,2014年05月09日 00:44,2024年12月14日 02:25
https://seiga.nicovideo.jp/seiga/im11490037,セカイミク,2024年09月30日 18:04,2024年10月01日 02:30
https://seiga.nicovideo.jp/seiga/im11488554,エレベーター,2024年09月28日 09:30,2024年09月30日 03:54
https://seiga.nicovideo.jp/seiga/im11467935,Lily 14th,2024年08月25日 18:13,2024年08月25日 18:25
https://seiga.nicovideo.jp/seiga/im11462193,夏ミク2024,2024年08月16日 19:33,2024年08月17日 02:45
https://seiga.nicovideo.jp/seiga/im11423010,Tda式アペミク12周年,2024年04月30日 18:00,2024年04月30日 23:30
https://seiga.nicovideo.jp/seiga/im1836246,千鶴ちゃん緊縛 其の二,2012年03月08日 19:36,2024年04月06日 04:21
https://seiga.nicovideo.jp/seiga/im11399726,Tacミクさん,2024年03月27日 19:27,2024年03月27日 22:42
https://seiga.nicovideo.jp/seiga/im11395295,れーしんぐみく,2024年03月20日 18:07,2024年03月20日 21:40
https://seiga.nicovideo.jp/seiga/im11362166,LUKA 15th,2024年01月30日 17:53,2024年03月01日 23:16
https://seiga.nicovideo.jp/seiga/im11382547,カルもミクさん,2024年02月29日 18:03,2024年02月29日 20:40
https://seiga.nicovideo.jp/seiga/im8968260,セミ様,2019年02月14日 00:03,2024年02月19日 11:39
https://seiga.nicovideo.jp/seiga/im11195541,悪のマキマキと白い悪魔,2023年05月21日 20:55,2024年02月07日 10:33
https://seiga.nicovideo.jp/seiga/im11367191,ﾂﾐﾐｸｻﾝ,2024年02月06日 18:24,2024年02月06日 22:23
https://seiga.nicovideo.jp/seiga/im11213506,む～～～ぶミクさん,2023年06月17日 18:17,2024年01月17日 21:11
https://seiga.nicovideo.jp/seiga/im11265347,ミクさんじゅうろくさい,2023年09月05日 18:28,2024年01月17日 21:11
https://seiga.nicovideo.jp/seiga/im11275290,おナス式ルカ様,2023年09月21日 19:46,2024年01月17日 21:11
https://seiga.nicovideo.jp/seiga/im11321158,39NT,2023年12月02日 18:30,2024年01月17日 21:10
https://seiga.nicovideo.jp/seiga/im5357892,１号ちゃん,2015年11月21日 20:02,2024年01月05日 19:19
https://seiga.nicovideo.jp/seiga/im3667708,hzeo式巡音ルカ Debut !,2013年12月28日 22:19,2023年12月29日 05:53
https://seiga.nicovideo.jp/seiga/im10893950,巡音ルカ 13周年記念,2022年02月02日 00:10,2023年12月29日 05:50
https://seiga.nicovideo.jp/seiga/im11323383,「初音ミク」,2023年12月05日 18:27,2023年12月06日 21:16
https://seiga.nicovideo.jp/seiga/im11063943,サウナに監禁されるエンジェルローズ,2022年11月01日 00:24,2023年10月12日 04:09
https://seiga.nicovideo.jp/seiga/im11230297,脚を見せてくれ、アコ,2023年07月12日 20:25,2023年07月13日 22:12
https://seiga.nicovideo.jp/seiga/im11081967,1129　親潮進水日,2022年11月30日 00:54,2023年06月17日 17:29
https://seiga.nicovideo.jp/seiga/im11206394,テトすゎん,2023年06月06日 19:26,2023年06月06日 21:11
https://seiga.nicovideo.jp/seiga/im10710840,happybirthday!　新谷芹菜,2021年03月14日 01:22,2023年05月19日 15:38
https://seiga.nicovideo.jp/seiga/im11190158,しーれちゃん13th,2023年05月14日 18:00,2023年05月14日 18:07
https://seiga.nicovideo.jp/seiga/im11178278,11th Anniversary,2023年04月30日 18:08,2023年05月10日 19:50
https://seiga.nicovideo.jp/seiga/im11186672,壽屋,2023年05月10日 19:30,2023年05月10日 19:50
https://seiga.nicovideo.jp/seiga/im11182601,ささかや式レーシングミク2022,2023年05月06日 18:21,2023年05月07日 18:54
https://seiga.nicovideo.jp/seiga/im11155473,OCUUDA式ミクさん,2023年03月24日 19:26,2023年03月25日 20:53
https://seiga.nicovideo.jp/seiga/im1432844,忍成長記録,2011年09月16日 01:33,2023年03月21日 03:28
https://seiga.nicovideo.jp/seiga/im11144326,sikmksn,2023年03月05日 19:23,2023年03月05日 19:40
https://seiga.nicovideo.jp/seiga/im11128214,ろんどらいん式ふとももらいん,2023年02月10日 19:35,2023年03月02日 18:34
https://seiga.nicovideo.jp/seiga/im11141626,コロミクさん,2023年03月01日 19:32,2023年03月02日 18:34
https://seiga.nicovideo.jp/seiga/im11136590,寝っ転みっく,2023年02月22日 18:33,2023年02月22日 20:59
https://seiga.nicovideo.jp/seiga/im11113986,スクナヒコナ年賀状2023,2023年01月18日 17:34,2023年01月28日 03:27
https://seiga.nicovideo.jp/seiga/im11107303,バニバニ,2023年01月07日 20:44,2023年01月28日 03:27
https://seiga.nicovideo.jp/seiga/im11108580,バニーキターン☆,2023年01月09日 15:21,2023年01月28日 03:27
https://seiga.nicovideo.jp/seiga/im11114596,NTFSS,2023年01月19日 19:23,2023年01月25日 18:33
https://seiga.nicovideo.jp/seiga/im11113497,V2FSS,2023年01月17日 18:26,2023年01月18日 23:03
https://seiga.nicovideo.jp/seiga/im6184297,水着のイースII,2016年10月17日 19:48,2023年01月15日 01:36
https://seiga.nicovideo.jp/seiga/im1849252,美しすぎるプリキュア,2012年03月13日 13:00,2023年01月14日 16:38
https://seiga.nicovideo.jp/seiga/im4344222,YYB式初音ミク配布【v1.02修正~】,2014年09月30日 20:47,2023年01月09日 16:18
https://seiga.nicovideo.jp/seiga/im10900290,マイ,2022年02月13日 14:19,2023年01月04日 17:39
https://seiga.nicovideo.jp/seiga/im11100806,392022,2022年12月30日 18:16,2022年12月30日 18:58
https://seiga.nicovideo.jp/seiga/im11090422,Racing Miku,2022年12月14日 18:17,2022年12月15日 18:34
https://seiga.nicovideo.jp/seiga/im2142030,あんまり描かない東方,2012年06月14日 14:27,2022年12月09日 23:32
https://seiga.nicovideo.jp/seiga/im3895093,なぜフォーチュンさんの出番がないのか考えてみた,2014年04月01日 23:52,2022年11月30日 00:51
https://seiga.nicovideo.jp/seiga/im7676399,ワイヤー拘束ぷれい,2017年12月03日 16:28,2022年11月20日 15:29
https://seiga.nicovideo.jp/seiga/im11074001,NEUTRINOお衣装姉妹,2022年11月16日 21:55,2022年11月17日 13:37
https://seiga.nicovideo.jp/seiga/im11052030,equip,2022年10月14日 19:49,2022年10月14日 20:28
https://seiga.nicovideo.jp/seiga/im11029630,YYB Hatsune Miku Default,2022年09月08日 18:36,2022年09月08日 18:37
https://seiga.nicovideo.jp/seiga/im11024387,MIKU 15th Anniversary,2022年08月31日 00:22,2022年08月31日 18:14
https://seiga.nicovideo.jp/seiga/im9933859,つよつよハートフルデビル桃フォーム,2019年12月20日 20:40,2022年07月14日 03:14
https://seiga.nicovideo.jp/seiga/im10992000,きょうえいみずぎ,2022年07月10日 18:17,2022年07月10日 18:35
https://seiga.nicovideo.jp/seiga/im10973374,れーみく,2022年06月11日 19:51,2022年06月12日 18:15
https://seiga.nicovideo.jp/seiga/im10965959,つかさ式ミクさん,2022年05月31日 18:30,2022年05月31日 18:41
https://seiga.nicovideo.jp/seiga/im6150107,ベアトリクス,2016年10月03日 05:46,2022年04月25日 02:20
https://seiga.nicovideo.jp/seiga/im5480003,グラブル４コマ：今日のベアトリクスちゃん。,2016年01月09日 02:44,2022年04月25日 02:20
https://seiga.nicovideo.jp/seiga/im4339533,超電磁砲71話の食蜂様,2014年09月28日 21:32,2022年04月05日 18:18
https://seiga.nicovideo.jp/seiga/im7600740,暴君ネロ,2017年11月07日 02:09,2022年03月30日 01:03
https://seiga.nicovideo.jp/seiga/im8853563,鹵獲された愛宕,2019年01月07日 23:45,2022年03月09日 15:47
https://seiga.nicovideo.jp/seiga/im4721358,姫騎士がぁ！！！ 捕まってぇぇ！！！ 姫騎士がぁ！ 牢屋端ぃぃっ！！！オークが呼ばれて！まだ入る,2015年03月05日 22:13,2022年03月09日 15:43
https://seiga.nicovideo.jp/seiga/im10274192,ジョージアさん建造記念,2020年04月01日 11:03,2022年03月07日 14:03
https://seiga.nicovideo.jp/seiga/im8133145,琴葉姉妹フリー立ち絵素材ver2,2018年05月16日 07:32,2022年02月15日 00:29
https://seiga.nicovideo.jp/seiga/im10889920,：,2022年01月25日 19:48,2022年01月25日 20:49
https://seiga.nicovideo.jp/seiga/im10887497,電脳道産子,2022年01月21日 19:32,2022年01月22日 18:42
https://seiga.nicovideo.jp/seiga/im10883781,Fight!G.S.R.,2022年01月14日 19:42,2022年01月15日 18:28
https://seiga.nicovideo.jp/seiga/im10881695,ダイヤモンド＆パール,2022年01月10日 19:33,2022年01月10日 21:22
https://seiga.nicovideo.jp/seiga/im8293164,早起きアーチャー・インフェルノ,2018年07月06日 19:07,2022年01月09日 22:16
https://seiga.nicovideo.jp/seiga/im8012872,巡音ルカ,2018年04月03日 19:00,2022年01月02日 06:04
https://seiga.nicovideo.jp/seiga/im1521666,巡音ルカ,2011年10月21日 01:04,2021年12月04日 01:21
https://seiga.nicovideo.jp/seiga/im4552786,エリザベス,2014年12月28日 02:09,2021年10月20日 22:48
https://seiga.nicovideo.jp/seiga/im10704019,キュアサマー,2021年03月01日 00:38,2021年09月25日 13:22
https://seiga.nicovideo.jp/seiga/im4320207,キュアミューズ（黄色くない方）,2014年09月21日 08:50,2021年09月25日 13:22
https://seiga.nicovideo.jp/seiga/im10572667,縄忍ドル,2020年08月01日 20:49,2021年09月13日 02:56
https://seiga.nicovideo.jp/seiga/im10617212,ちよタード,2020年10月08日 00:29,2021年09月13日 02:56
https://seiga.nicovideo.jp/seiga/im10722329,ハイレグしぶりん,2021年04月04日 21:02,2021年09月13日 02:29
https://seiga.nicovideo.jp/seiga/im3397848,巡音ルカ　『閃光の踊り』,2013年09月02日 18:01,2021年08月29日 18:05
https://seiga.nicovideo.jp/seiga/im4934075,ナンシーナンシリーさん,2015年05月29日 20:28,2021年07月14日 00:34
https://seiga.nicovideo.jp/seiga/im4968120,ナンシー＝サン,2015年06月13日 06:03,2021年07月14日 00:34
https://seiga.nicovideo.jp/seiga/im5267894,ちひろさんが一言物申したいそうです,2015年10月16日 20:01,2021年05月28日 20:43
https://seiga.nicovideo.jp/seiga/im10733936,riato式ミクさんFSS,2021年04月25日 20:16,2021年04月25日 20:19
https://seiga.nicovideo.jp/seiga/im10724920,SuperGT2021 開幕！,2021年04月09日 20:22,2021年04月09日 20:28
https://seiga.nicovideo.jp/seiga/im10676157,モルカー三世,2021年01月13日 11:38,2021年02月23日 09:16
https://seiga.nicovideo.jp/seiga/im10674812,何かが壊れた樋口円香・喪失編,2021年01月10日 21:47,2021年02月07日 04:40
https://seiga.nicovideo.jp/seiga/im3063628,御坂美琴さんが食蜂さんに捕まった感じで,2013年05月01日 12:34,2021年01月17日 01:55
https://seiga.nicovideo.jp/seiga/im3366297,ボディスーツ娘,2013年08月21日 22:10,2021年01月08日 16:29
https://seiga.nicovideo.jp/seiga/im5895292,木曾 水着,2016年06月24日 04:49,2021年01月08日 15:08
https://seiga.nicovideo.jp/seiga/im9749137,ハイレグウサミン,2019年10月19日 20:50,2021年01月08日 15:08
https://seiga.nicovideo.jp/seiga/im6221356,おやしおべすとぶるま,2016年11月01日 16:56,2021年01月08日 15:08
https://seiga.nicovideo.jp/seiga/im8060642,マシュさん,2018年04月19日 22:16,2021年01月08日 15:08
https://seiga.nicovideo.jp/seiga/im10634882,RQゴトランド,2020年11月04日 00:15,2020年11月18日 00:54
https://seiga.nicovideo.jp/seiga/im9683888,Tda式「界隈を賑わせている例のアレ」,2019年09月28日 19:36,2020年10月20日 00:22
https://seiga.nicovideo.jp/seiga/im5051493,Ruka_mechanizm(1),2015年07月18日 20:38,2020年10月20日 00:15
https://seiga.nicovideo.jp/seiga/im9635670,ちひろさんと利息の回収をする五十嵐響子ちゃん,2019年09月11日 21:41,2020年10月13日 12:04
https://seiga.nicovideo.jp/seiga/im8769698,[HOT LIMIT]高森藍子,2018年12月09日 09:05,2020年09月20日 20:59
https://seiga.nicovideo.jp/seiga/im6523837,[HOT LIMIT]一ノ瀬志希,2017年03月01日 22:35,2020年09月20日 20:55
https://seiga.nicovideo.jp/seiga/im7689794,HOTLIMIT 十時愛梨,2017年12月08日 00:13,2020年09月20日 20:54
https://seiga.nicovideo.jp/seiga/im8058071,HOT LIMIT 新田美波,2018年04月19日 13:35,2020年09月20日 20:54
https://seiga.nicovideo.jp/seiga/im9152624,あかりんごとりんごろう,2019年04月11日 08:31,2020年09月20日 05:07
https://seiga.nicovideo.jp/seiga/im8953472,新アイドル3人でセクギルポーズ！,2019年02月08日 22:39,2020年08月13日 17:36
https://seiga.nicovideo.jp/seiga/im6392131,初！,2017年01月08日 20:56,2020年07月24日 15:38
https://seiga.nicovideo.jp/seiga/im9220644,辻野あかりのりんごろうで一儲け漫画,2019年05月02日 08:09,2020年07月16日 00:10
https://seiga.nicovideo.jp/seiga/im10546269,【MMD】モダンホテル【モデル配布】,2020年06月21日 09:21,2020年06月22日 01:35
https://seiga.nicovideo.jp/seiga/im10073487,事務員ズ2,2020年02月03日 00:55,2020年06月17日 11:35
https://seiga.nicovideo.jp/seiga/im10047246,夢枕ぼく,2020年01月25日 22:04,2020年06月17日 11:35
https://seiga.nicovideo.jp/seiga/im10541319,テレワーク中のちひろさん,2020年06月15日 20:05,2020年06月17日 11:35
https://seiga.nicovideo.jp/seiga/im10422725,高槻やよいと連ちゃんパパ,2020年05月13日 03:00,2020年06月08日 22:07
https://seiga.nicovideo.jp/seiga/im8984412,餃子パーティー,2019年02月18日 22:26,2020年06月07日 21:00
https://seiga.nicovideo.jp/seiga/im8871600,箱詰めあかりんご,2019年01月14日 18:42,2020年06月05日 14:51
https://seiga.nicovideo.jp/seiga/im10501471,ほたる…様,2020年06月03日 23:27,2020年06月04日 11:59
https://seiga.nicovideo.jp/seiga/im10250864,世の中が野球を欲している,2020年03月24日 23:21,2020年06月04日 11:58
https://seiga.nicovideo.jp/seiga/im10501372,そろそろぶちギレそうなゆっき,2020年06月03日 22:38,2020年06月04日 11:31
https://seiga.nicovideo.jp/seiga/im4797128,男子の視線が気になり始めた前川さん,2015年04月03日 23:13,2020年06月03日 01:42
https://seiga.nicovideo.jp/seiga/im6749388,コンクリ壁の地下室・拡張【ＭＭＤステージ配布】,2017年05月28日 05:31,2020年05月24日 04:16
https://seiga.nicovideo.jp/seiga/im4690668,MMD用モブガレージステージセット,2015年02月21日 17:09,2020年05月24日 04:04
https://seiga.nicovideo.jp/seiga/im10448142,ニンジャ大胡蝶しのぶ,2020年05月19日 22:55,2020年05月23日 03:15
https://seiga.nicovideo.jp/seiga/im6913081,しがみつく。,2017年07月29日 10:00,2020年05月23日 02:09
https://seiga.nicovideo.jp/seiga/im2468433,ゆっくり怪盗チームのエミリさん！,2012年10月02日 11:37,2020年05月23日 02:09
https://seiga.nicovideo.jp/seiga/im5159501,レザーぬえ,2015年08月31日 16:55,2020年05月23日 02:08
https://seiga.nicovideo.jp/seiga/im2582419,魅惑の女怪盗,2012年11月13日 02:32,2020年05月23日 02:07
https://seiga.nicovideo.jp/seiga/im9984703,神風さんは僕の性癖を突き上げてくる悪い娘,2020年01月04日 23:21,2020年05月18日 15:23
https://seiga.nicovideo.jp/seiga/im10435051,Star Stage,2020年05月16日 19:49,2020年05月16日 19:51
https://seiga.nicovideo.jp/seiga/im6532792,TDA式洛天依金絲雀チャイナドレスver.羽衣翅 モデルテスト03,2017年03月05日 14:51,2020年05月14日 03:24
https://seiga.nicovideo.jp/seiga/im10373036,む～～ぶ,2020年04月29日 13:45,2020年04月29日 18:47
https://seiga.nicovideo.jp/seiga/im10316006,ダ式初音ミク,2020年04月13日 19:51,2020年04月22日 23:59
https://seiga.nicovideo.jp/seiga/im10347706,bless you,2020年04月22日 20:16,2020年04月22日 23:59
https://seiga.nicovideo.jp/seiga/im4279965,アンラブリー,2014年09月03日 18:43,2020年04月21日 16:15
https://seiga.nicovideo.jp/seiga/im8156709,【MMDモデル配布あり】Tda式改変重音テト・デフォ服 (v1.01),2018年05月23日 19:22,2020年04月01日 12:01
https://seiga.nicovideo.jp/seiga/im10264288,【素材】きりたんにいろいろ持たせられる動画素材,2020年03月28日 21:55,2020年03月29日 03:50
https://seiga.nicovideo.jp/seiga/im10225791,螺旋王式初音ミク,2020年03月17日 20:21,2020年03月26日 20:16
https://seiga.nicovideo.jp/seiga/im10206471,む～ぶミクさんFSS,2020年03月12日 20:08,2020年03月26日 20:16
https://seiga.nicovideo.jp/seiga/im10209694,Newむ～ぶミクさん,2020年03月13日 19:45,2020年03月26日 20:16
https://seiga.nicovideo.jp/seiga/im10257650,waiting time,2020年03月26日 20:13,2020年03月26日 20:16
https://seiga.nicovideo.jp/seiga/im5730605,周子,2016年04月17日 20:16,2020年03月20日 03:32
https://seiga.nicovideo.jp/seiga/im5855301,水着楓さん！,2016年06月07日 20:32,2020年03月09日 17:43
https://seiga.nicovideo.jp/seiga/im8851323,いやしからすと月岡恋鐘,2019年01月07日 10:29,2020年03月03日 11:22
https://seiga.nicovideo.jp/seiga/im4650942,【MMD/MMM】リミテッドアニメーション作成検証：その２,2015年02月06日 20:32,2020年02月29日 16:45
https://seiga.nicovideo.jp/seiga/im4650937,【MMD/MMM】リミテッドアニメーション作成検証：その１,2015年02月06日 20:30,2020年02月29日 16:45
https://seiga.nicovideo.jp/seiga/im5274840,リーゼたそ～,2015年10月19日 18:33,2020年02月10日 02:57
https://seiga.nicovideo.jp/seiga/im4390800,トリニティセブン リーゼさん,2014年10月20日 19:37,2020年02月10日 02:57
https://seiga.nicovideo.jp/seiga/im6500207,トリニティセブン リーゼさん,2017年02月20日 19:34,2020年02月10日 02:57
https://seiga.nicovideo.jp/seiga/im9519207,ニュイ・ソシエールさん,2019年08月04日 16:40,2020年01月31日 15:55
https://seiga.nicovideo.jp/seiga/im9091902,緑,2019年03月24日 10:22,2020年01月31日 01:21
https://seiga.nicovideo.jp/seiga/im5703022,ベアトリクスさん,2016年04月06日 09:24,2020年01月29日 20:45
https://seiga.nicovideo.jp/seiga/im9983397,この服装と体で皇妃は無理でしょ,2020年01月04日 05:57,2020年01月05日 15:43
https://seiga.nicovideo.jp/seiga/im9981194,はるちん運動後,2020年01月03日 00:54,2020年01月05日 15:43
https://seiga.nicovideo.jp/seiga/im9979345,(無題),2020年01月02日 03:03,2020年01月02日 17:30
https://seiga.nicovideo.jp/seiga/im9979992,咲き乱れろ文化の花！世紀末ウィーン！（オーストリア＝ハンガリー帝国）,2020年01月02日 16:10,2020年01月02日 17:30
https://seiga.nicovideo.jp/seiga/im2129083,ふとももSF,2012年06月09日 22:06,2019年12月25日 22:39
https://seiga.nicovideo.jp/seiga/im9469757,水本ゆかり×競泳水着,2019年07月19日 23:20,2019年12月22日 17:37
https://seiga.nicovideo.jp/seiga/im7593548,オペラグローブ,2017年11月03日 22:53,2019年12月22日 17:37
https://seiga.nicovideo.jp/seiga/im9759225,向井拓海,2019年10月24日 02:46,2019年12月22日 17:37
https://seiga.nicovideo.jp/seiga/im7809963,篠原礼,2018年01月19日 12:56,2019年12月22日 17:36
https://seiga.nicovideo.jp/seiga/im1494380,マジ天使♪,2011年10月09日 21:44,2019年12月22日 14:21
https://seiga.nicovideo.jp/seiga/im9506779,夏コミ参加するよアスカ,2019年07月31日 18:11,2019年12月22日 14:21
https://seiga.nicovideo.jp/seiga/im9931486,背のでかい選手と声のでかいセコンド,2019年12月20日 01:55,2019年12月22日 10:20
https://seiga.nicovideo.jp/seiga/im7984026,C3 上野錐霞,2018年03月24日 10:30,2019年12月21日 00:07
https://seiga.nicovideo.jp/seiga/im9928477,地下アトリウム,2019年12月19日 05:59,2019年12月21日 00:06
https://seiga.nicovideo.jp/seiga/im3980005,防毒マスクちゃん,2014年05月06日 19:30,2019年12月21日 00:06
https://seiga.nicovideo.jp/seiga/im7595528,ボンテージ とときん,2017年11月04日 19:49,2019年12月21日 00:06
https://seiga.nicovideo.jp/seiga/im4679424,【艦これ】記憶報告書【史実】,2015年02月17日 13:01,2019年12月19日 03:03
https://seiga.nicovideo.jp/seiga/im1825570,プロフ用「そうかな」,2012年03月04日 02:54,2019年12月17日 23:31
https://seiga.nicovideo.jp/seiga/im8231956,沈黙の鎮守府～すれ違う二人～,2018年06月19日 00:20,2019年12月17日 23:19
https://seiga.nicovideo.jp/seiga/im8272159,姉の残念な部分を目撃してしまい、いたたまれない気持ちになる妹,2018年06月29日 23:53,2019年12月17日 23:19
https://seiga.nicovideo.jp/seiga/im8257695,駆逐艦と仲良くなるため、自らが駆逐艦になることを決意した長門,2018年06月25日 23:44,2019年12月17日 23:19
https://seiga.nicovideo.jp/seiga/im9920722,檄！提督過激団＜新章＞,2019年12月16日 15:40,2019年12月16日 18:06
https://seiga.nicovideo.jp/seiga/im4561271,Bismarck drei,2014年12月31日 23:30,2019年12月15日 19:04
https://seiga.nicovideo.jp/seiga/im9763047,ハイレグミユサン,2019年10月24日 21:51,2019年12月12日 03:50
https://seiga.nicovideo.jp/seiga/im5185765,袖を切って脇に手を入れたい,2015年09月13日 00:00,2019年12月03日 03:16
https://seiga.nicovideo.jp/seiga/im8632155,パッショーネ24時人気投票結果,2018年10月25日 22:06,2019年11月30日 00:11
https://seiga.nicovideo.jp/seiga/im4068043,射的でBang!Bang!Bang!,2014年06月12日 19:49,2019年11月28日 21:14
https://seiga.nicovideo.jp/seiga/im2910585,オーソンにて２,2013年03月09日 11:19,2019年11月27日 03:18
https://seiga.nicovideo.jp/seiga/im2811581,ジョジョボスラッシュ,2013年02月05日 18:40,2019年11月27日 00:31
https://seiga.nicovideo.jp/seiga/im2445957,桜ミク,2012年09月24日 15:41,2019年09月12日 18:44
https://seiga.nicovideo.jp/seiga/im1770515,黒髪ロング,2012年02月09日 23:36,2019年09月12日 18:44
https://seiga.nicovideo.jp/seiga/im1100826,ヱヴァQアスカ,2011年05月02日 14:29,2019年09月06日 03:41
https://seiga.nicovideo.jp/seiga/im9601991,【MMD】底辺508式初音ミク・恋色ガード【配布終了】,2019年08月30日 18:42,2019年08月30日 20:45
https://seiga.nicovideo.jp/seiga/im5125408,監禁中のゆかりさん,2015年08月18日 10:13,2019年08月27日 03:22
https://seiga.nicovideo.jp/seiga/im9348877,ライザちゃん,2019年06月11日 12:10,2019年08月24日 02:58
https://seiga.nicovideo.jp/seiga/im9295024,おはようございます,2019年05月25日 14:57,2019年08月24日 02:58
https://seiga.nicovideo.jp/seiga/im3210397,ヤマト講座第5回・第6回告知の色紙（桐生美影）,2013年06月24日 03:52,2019年08月23日 01:42
https://seiga.nicovideo.jp/seiga/im9545207,めぐみん,2019年08月12日 09:35,2019年08月16日 00:48
https://seiga.nicovideo.jp/seiga/im9510906,涼みアクアさま,2019年08月01日 18:03,2019年08月16日 00:48
https://seiga.nicovideo.jp/seiga/im9545208,アクアさま,2019年08月12日 09:36,2019年08月16日 00:47
https://seiga.nicovideo.jp/seiga/im3069654,ヤシマ作戦発動,2013年05月03日 19:22,2019年08月16日 00:46
https://seiga.nicovideo.jp/seiga/im9546649,内緒,2019年08月12日 22:32,2019年08月13日 00:22
https://seiga.nicovideo.jp/seiga/im1829946,魔法騎士レイアースより、龍咲海,2012年03月06日 01:11,2019年07月27日 01:49
https://seiga.nicovideo.jp/seiga/im8481475,初音ミク 11th Anniversary,2018年09月04日 04:23,2019年07月21日 19:29
https://seiga.nicovideo.jp/seiga/im9459336,きさりあ式ミクさん,2019年07月16日 20:00,2019年07月16日 20:06
https://seiga.nicovideo.jp/seiga/im9444915,Tac水,2019年07月11日 20:18,2019年07月11日 20:23
https://seiga.nicovideo.jp/seiga/im9259569,シーレ君9周年,2019年05月15日 12:03,2019年07月04日 02:55
https://seiga.nicovideo.jp/seiga/im9221701,む～ぶミクさん,2019年05月02日 20:27,2019年07月04日 02:52
https://seiga.nicovideo.jp/seiga/im9318963,FMGFSS,2019年06月01日 20:21,2019年07月04日 02:52
https://seiga.nicovideo.jp/seiga/im9406915,magicalmirai 2017,2019年06月28日 20:41,2019年07月04日 02:51
https://seiga.nicovideo.jp/seiga/im9417417,初音ミク Project DIVA 10th Anniversary,2019年07月02日 20:00,2019年07月03日 01:48
https://seiga.nicovideo.jp/seiga/im9407611,追想,2019年06月29日 01:49,2019年06月29日 13:04
https://seiga.nicovideo.jp/seiga/im9174948,最後の砦,2019年04月19日 11:51,2019年06月20日 20:53
https://seiga.nicovideo.jp/seiga/im7703703,【MMD】セクシーポーズ集（ベンチ10種）ベンチ付【ポーズ配布】,2017年12月12日 23:00,2019年06月20日 17:51
https://seiga.nicovideo.jp/seiga/im7626653,【MMD】セクシーポーズ集（椅子10種）【ポーズ配布】（椅子付）,2017年11月15日 22:51,2019年06月20日 17:50
https://seiga.nicovideo.jp/seiga/im4431530,繋ぎ止め,2014年11月07日 21:14,2019年06月20日 17:48
https://seiga.nicovideo.jp/seiga/im9294959,～1頂点1剛体スカートモデルアップデートのお知らせ～,2019年05月25日 14:27,2019年06月07日 22:15
https://seiga.nicovideo.jp/seiga/im4425457,ザベスさん,2014年11月05日 10:49,2019年06月04日 15:55
https://seiga.nicovideo.jp/seiga/im6767447,DC :Supergirl -Kara Zor-El (Prime Earth) -001,2017年06月04日 09:57,2019年06月03日 07:26
https://seiga.nicovideo.jp/seiga/im674262,媚薬を飲まされた状態で縛られ放置される八意永琳女史,2010年09月18日 11:28,2019年06月03日 07:25
https://seiga.nicovideo.jp/seiga/im7575985,地下アイドル時代の菜々さん。,2017年10月28日 16:25,2019年06月02日 23:45
https://seiga.nicovideo.jp/seiga/im5196234,はじめようちひろ蒸し,2015年09月17日 15:14,2019年06月02日 22:46
https://seiga.nicovideo.jp/seiga/im8489056,広告,2018年09月06日 11:22,2019年06月02日 22:29
https://seiga.nicovideo.jp/seiga/im5804572,菜々さんとの出会い,2016年05月17日 22:56,2019年06月02日 22:29
https://seiga.nicovideo.jp/seiga/im8031661,[声優☆ウサミン]安部菜々,2018年04月10日 01:18,2019年06月02日 22:29
https://seiga.nicovideo.jp/seiga/im5631224,(無題),2016年03月07日 15:04,2019年06月02日 05:34
https://seiga.nicovideo.jp/seiga/im9294131,めぇ〜,2019年05月25日 00:04,2019年06月02日 05:30
https://seiga.nicovideo.jp/seiga/im9224125,穿て！,2019年05月04日 00:11,2019年06月02日 05:30
https://seiga.nicovideo.jp/seiga/im9258928,シロちゃんと馬の微笑ましいやり取り,2019年05月15日 00:05,2019年06月02日 05:29
https://seiga.nicovideo.jp/seiga/im1424355,ユーコン川160キロ,2011年09月12日 05:37,2019年06月02日 05:29
https://seiga.nicovideo.jp/seiga/im7045899,フレンズ達と動物観察する大泉洋と鈴井貴之,2017年09月16日 17:35,2019年06月02日 05:28
https://seiga.nicovideo.jp/seiga/im6526313,HOT BLOOD,2017年03月02日 23:07,2019年06月02日 04:52
https://seiga.nicovideo.jp/seiga/im7773552,双葉杏拉致事件２,2018年01月04日 15:38,2019年06月02日 01:50
https://seiga.nicovideo.jp/seiga/im9049805,水どう落書き まとめ9,2019年03月11日 01:01,2019年06月02日 01:44
https://seiga.nicovideo.jp/seiga/im3538819,双葉杏拉致事件,2013年10月31日 20:16,2019年05月31日 04:37
https://seiga.nicovideo.jp/seiga/im5218383,双葉杏の壇ノ浦レポート,2015年09月25日 22:09,2019年05月31日 04:36
https://seiga.nicovideo.jp/seiga/im2613148,壇ノ浦レポート,2012年11月25日 17:09,2019年05月31日 04:36
https://seiga.nicovideo.jp/seiga/im7780715,な、何よ……？,2018年01月07日 19:36,2019年05月27日 02:04
https://seiga.nicovideo.jp/seiga/im8768018,ぐっちゃんに赤面させたいだけの絵,2018年12月08日 10:51,2019年05月26日 20:07
https://seiga.nicovideo.jp/seiga/im9287069,ぎゅるぎゅる月岡,2019年05月23日 12:21,2019年05月23日 17:37
https://seiga.nicovideo.jp/seiga/im8950433,いよいよデビューという時に過去写真が流失してしまい大炎上のち夢が潰えるりあむ,2019年02月08日 05:08,2019年05月23日 17:16
https://seiga.nicovideo.jp/seiga/im9252717,【MMD】吊し上げ,2019年05月13日 23:21,2019年05月14日 02:20
https://seiga.nicovideo.jp/seiga/im9145070,彼女とデートに行く,2019年04月08日 08:10,2019年05月09日 22:04
https://seiga.nicovideo.jp/seiga/im9237230,カルデアで若いウェイバー君と絡むライネス嬢とグレイちゃん,2019年05月08日 23:20,2019年05月09日 17:49
https://seiga.nicovideo.jp/seiga/im1730468,IA -ARIA ON THE PLANETES-,2012年01月23日 12:06,2019年05月05日 01:00
https://seiga.nicovideo.jp/seiga/im2890991,アペIAさんの衣装を,2013年03月03日 03:47,2019年05月04日 14:08
https://seiga.nicovideo.jp/seiga/im9218621,【MMD-OMF9】SF風ポール型ホログラム投影装置【MMDアクセサリ配布あり】,2019年05月01日 16:30,2019年05月02日 07:33
https://seiga.nicovideo.jp/seiga/im7690220,スターオーシャン：アナムネシス 一周年,2017年12月08日 08:43,2019年05月01日 23:16
https://seiga.nicovideo.jp/seiga/im9210831,【MMD艦これ】水着大和緊縛,2019年04月28日 18:17,2019年04月29日 03:50
https://seiga.nicovideo.jp/seiga/im5525377,L_ShadowShader_Ver1.00 公開,2016年01月27日 00:29,2019年04月23日 19:43
https://seiga.nicovideo.jp/seiga/im4553303,主よ種も仕掛けもないことをお許しください,2014年12月28日 11:52,2019年04月16日 23:39
https://seiga.nicovideo.jp/seiga/im2397815,聖なるしっぽで,2012年09月07日 23:04,2019年04月16日 23:31
https://seiga.nicovideo.jp/seiga/im8122493,【MMD】人型モデル作成時の足ＩＫ関連ボーンの位置,2018年05月11日 22:44,2019年04月11日 10:01
https://seiga.nicovideo.jp/seiga/im4978915,神楽坂 飛鳥,2015年06月17日 22:07,2019年04月08日 17:54
https://seiga.nicovideo.jp/seiga/im9047095,カルデア食堂の今日のごはん,2019年03月09日 21:47,2019年03月10日 20:08
https://seiga.nicovideo.jp/seiga/im5167366,旧劇場版：EOE,2015年09月03日 23:20,2019年03月10日 02:16
https://seiga.nicovideo.jp/seiga/im6350684,吾あの『らふむ』とかいうの生理的に無理だから本当に勘弁してほしい,2016年12月23日 22:09,2019年02月27日 01:26
https://seiga.nicovideo.jp/seiga/im6601611,ニコニコ漫画一括ダウンローダー,2017年04月01日 03:39,2019年02月05日 03:38
https://seiga.nicovideo.jp/seiga/im6801507,BBがいじられてるところがもっと見たい,2017年06月17日 20:45,2019年02月05日 02:23
https://seiga.nicovideo.jp/seiga/im2818359,怠慢,2013年02月08日 04:34,2018年12月24日 23:21
https://seiga.nicovideo.jp/seiga/im8760784,虞美人はほんとに美人,2018年12月06日 00:34,2018年12月22日 01:03
https://seiga.nicovideo.jp/seiga/im8760741,虞美人,2018年12月06日 00:04,2018年12月22日 01:03
https://seiga.nicovideo.jp/seiga/im4935338,インクリングジェット,2015年05月30日 02:39,2018年12月14日 19:19
https://seiga.nicovideo.jp/seiga/im1849817,ありがとうございます！,2012年03月13日 16:18,2018年12月08日 03:46
https://seiga.nicovideo.jp/seiga/im8750714,水槽【MMDモデル配布】,2018年12月03日 00:38,2018年12月06日 00:30
https://seiga.nicovideo.jp/seiga/im8739154,カサンドラ,2018年11月28日 23:25,2018年11月29日 23:04
https://seiga.nicovideo.jp/seiga/im8735690,秦良玉,2018年11月27日 23:13,2018年11月28日 01:48
https://seiga.nicovideo.jp/seiga/im2849626,杉本鈴美公開処刑,2013年02月17日 23:34,2018年11月27日 23:25
https://seiga.nicovideo.jp/seiga/im1359363,鎮魂下のゴールドエクスペリエンス,2011年08月18日 00:16,2018年11月27日 00:02
https://seiga.nicovideo.jp/seiga/im4973091,榛名,2015年06月15日 08:49,2018年11月25日 22:58
https://seiga.nicovideo.jp/seiga/im7930900,にじさんじ,2018年03月05日 02:34,2018年11月25日 22:34
https://seiga.nicovideo.jp/seiga/im8724529,(無題),2018年11月23日 20:39,2018年11月25日 01:50
https://seiga.nicovideo.jp/seiga/im6066496,緊張で寝付きが悪い吉良吉影,2016年08月30日 00:00,2018年11月25日 01:49
https://seiga.nicovideo.jp/seiga/im896589,コマ模写,2011年01月27日 00:15,2018年11月24日 02:07
https://seiga.nicovideo.jp/seiga/im2689300,ミスタP,2012年12月24日 20:39,2018年11月20日 22:22
https://seiga.nicovideo.jp/seiga/im5492056,絶体絶命楓さん,2016年01月14日 04:36,2018年11月20日 22:20
https://seiga.nicovideo.jp/seiga/im4772461,ジョジョ座りしぶりん,2015年03月26日 13:41,2018年11月20日 22:18
https://seiga.nicovideo.jp/seiga/im6580652,かばんさん,2017年03月24日 00:16,2018年11月20日 22:16
https://seiga.nicovideo.jp/seiga/im5754233,ざ・はんど,2016年04月26日 22:11,2018年11月20日 22:07
https://seiga.nicovideo.jp/seiga/im1138314,５プラス１,2011年05月19日 17:05,2018年11月20日 21:55
https://seiga.nicovideo.jp/seiga/im8711395,独特のフランクフルトの食べ方をするアカネちゃん,2018年11月19日 23:40,2018年11月20日 21:51
https://seiga.nicovideo.jp/seiga/im2629505,SAO２２話感想,2012年12月02日 11:31,2018年11月20日 21:50
https://seiga.nicovideo.jp/seiga/im1741475,宮川あつしは静かに暮らしたい,2012年01月28日 15:46,2018年11月20日 21:49
https://seiga.nicovideo.jp/seiga/im2416432,ようこそ…『ムスカの世界』へ…,2012年09月14日 16:01,2018年11月20日 21:48
https://seiga.nicovideo.jp/seiga/im4121817,野々村さんをジョジョにしてみた,2014年07月03日 18:30,2018年11月20日 21:34
https://seiga.nicovideo.jp/seiga/im5750162,モテモテ提督２,2016年04月25日 18:25,2018年11月20日 21:32
https://seiga.nicovideo.jp/seiga/im4769792,モテモテ提督,2015年03月25日 04:54,2018年11月20日 21:32
https://seiga.nicovideo.jp/seiga/im3459575,ヴェールヌイさん（13.09.26）,2013年09月27日 16:02,2018年11月20日 21:31
https://seiga.nicovideo.jp/seiga/im5121435,艦これ漫画『夏イベント2015③~駆逐艦初雪は動かない⑤~』,2015年08月16日 23:23,2018年11月20日 21:24
https://seiga.nicovideo.jp/seiga/im4264554,『駆逐艦初雪は動かない』②,2014年08月27日 23:19,2018年11月20日 21:21
https://seiga.nicovideo.jp/seiga/im2820472,ナチス親衛隊と化したUDNG姉貴,2013年02月08日 21:42,2018年10月29日 03:02
https://seiga.nicovideo.jp/seiga/im8514191,夢と夢と夢,2018年09月15日 14:40,2018年10月29日 02:54
https://seiga.nicovideo.jp/seiga/im1799172,円　環　の　理,2012年02月21日 22:33,2018年10月29日 02:52
https://seiga.nicovideo.jp/seiga/im3786980,キバヤシ承太郎,2014年02月18日 05:15,2018年10月29日 02:50
https://seiga.nicovideo.jp/seiga/im3855089,イタリアンを食べに行こう！,2014年03月17日 12:25,2018年10月26日 00:05
https://seiga.nicovideo.jp/seiga/im5952925,ルプスレギナ！お前には失望したぞ！！,2016年07月16日 21:36,2018年10月25日 03:17
https://seiga.nicovideo.jp/seiga/im797306,由真,2010年12月04日 17:45,2018年10月25日 03:09
https://seiga.nicovideo.jp/seiga/im1519962,殺人人形,2011年10月20日 06:33,2018年10月25日 03:09
https://seiga.nicovideo.jp/seiga/im2605202,Il teatro delle marionette,2012年11月22日 17:07,2018年10月25日 03:08
https://seiga.nicovideo.jp/seiga/im590318,なっ！何をするだァーッ！,2010年07月29日 06:09,2018年10月25日 02:20
https://seiga.nicovideo.jp/seiga/im8605517,スカートの中ちら見せしてくれる 新条アカネちゃん,2018年10月17日 08:13,2018年10月22日 00:38
https://seiga.nicovideo.jp/seiga/im5698289,ペースアップ,2016年04月04日 17:25,2018年10月20日 01:11
https://seiga.nicovideo.jp/seiga/im5397504,エロ同人みたいに！,2015年12月08日 12:04,2018年10月20日 01:08
https://seiga.nicovideo.jp/seiga/im6803457,ホムラ,2017年06月18日 17:31,2018年10月12日 22:40
https://seiga.nicovideo.jp/seiga/im7676454,ホムラちゃん,2017年12月03日 16:48,2018年10月12日 22:39
https://seiga.nicovideo.jp/seiga/im8003746,アマデウス紅莉栖,2018年03月31日 10:31,2018年09月29日 02:22
https://seiga.nicovideo.jp/seiga/im5415679,助手ちゃん,2015年12月15日 17:18,2018年09月29日 01:40
https://seiga.nicovideo.jp/seiga/im7749867,ふぁてご #89 (第2部プロローグちょっとネタバレ),2017年12月26日 12:46,2018年09月23日 17:18
https://seiga.nicovideo.jp/seiga/im8484810,セクシードレス美波,2018年09月05日 06:30,2018年09月23日 17:16
https://seiga.nicovideo.jp/seiga/im8507097,チョーレグ美波,2018年09月13日 06:46,2018年09月23日 17:15
https://seiga.nicovideo.jp/seiga/im7762099,新世紀カルデリオン 激辛麻婆豆腐を、君に,2017年12月29日 22:48,2018年09月23日 16:28
https://seiga.nicovideo.jp/seiga/im8525137,いつまで経っても仕事ができないぼくに優しく諭してくれる上司のアカネちゃん,2018年09月20日 08:21,2018年09月23日 15:45
https://seiga.nicovideo.jp/seiga/im8413863,縛られたがる鶴,2018年08月11日 11:09,2018年09月23日 15:38
https://seiga.nicovideo.jp/seiga/im6044493,10億円貰えるかわりに一生服が着れなくなるボタン,2016年08月22日 07:00,2018年09月21日 20:38
https://seiga.nicovideo.jp/seiga/im8387341,未成艦でも演習がしたい,2018年08月03日 13:22,2018年09月19日 15:16
https://seiga.nicovideo.jp/seiga/im8522306,ブラジャー13,2018年09月19日 00:02,2018年09月19日 15:16
https://seiga.nicovideo.jp/seiga/im7740551,艦娘解体ショーの始まりや,2017年12月23日 20:28,2018年09月18日 22:57
https://seiga.nicovideo.jp/seiga/im8338182,バ美肉しました,2018年07月20日 23:03,2018年09月18日 22:32
https://seiga.nicovideo.jp/seiga/im5436654,セリス,2015年12月22日 22:33,2018年09月02日 00:23
https://seiga.nicovideo.jp/seiga/im4407483,セリス将軍,2014年10月29日 10:59,2018年09月02日 00:22
https://seiga.nicovideo.jp/seiga/im6405976,吊るし大和,2017年01月14日 18:12,2018年09月02日 00:20
https://seiga.nicovideo.jp/seiga/im5481279,舞先輩のリンボー電気責めシーンを完全再現してみた,2016年01月09日 22:04,2018年09月02日 00:15
https://seiga.nicovideo.jp/seiga/im5472045,年賀状,2016年01月05日 19:20,2018年09月02日 00:11
https://seiga.nicovideo.jp/seiga/im5118423,遠足中に襲撃を受けて拘束されたりーさん！,2015年08月15日 19:17,2018年09月02日 00:01
https://seiga.nicovideo.jp/seiga/im5458920,タッパーの自己言及式と化した先輩,2015年12月31日 06:01,2018年08月30日 21:06
https://seiga.nicovideo.jp/seiga/im1525435,アスカ,2011年10月22日 22:41,2018年08月12日 03:13
https://seiga.nicovideo.jp/seiga/im2228100,惣流・アスカ・ラングレー,2012年07月14日 19:46,2018年08月12日 01:37
https://seiga.nicovideo.jp/seiga/im4532002,靴下の種類,2014年12月21日 03:53,2018年07月18日 01:16
https://seiga.nicovideo.jp/seiga/im6425480,皿を出せ,2017年01月22日 18:10,2018年06月16日 20:24
https://seiga.nicovideo.jp/seiga/im7103516,琴葉姉妹 ～立ち絵・イラスト素材～,2017年10月09日 14:01,2018年06月15日 01:23
https://seiga.nicovideo.jp/seiga/im8212828,ふぁてご #120,2018年06月12日 23:14,2018年06月15日 01:19
https://seiga.nicovideo.jp/seiga/im8183244,茜ちゃんを人質にとられて面積の少ない水着を着させられる葵ちゃん,2018年06月01日 23:08,2018年06月08日 00:02
https://seiga.nicovideo.jp/seiga/im6740894,ザビ「玉藻も幸せならOKです」,2017年05月25日 00:02,2018年06月07日 22:04
https://seiga.nicovideo.jp/seiga/im8187934,茜ちゃん「もう無理……もういや、嫌や……！もう許してえぇ！！」,2018年06月04日 00:46,2018年06月07日 22:01
https://seiga.nicovideo.jp/seiga/im1931147,垣根♀,2012年04月04日 17:41,2018年05月14日 23:51
https://seiga.nicovideo.jp/seiga/im4888092,ゆくラボ２支援,2015年05月10日 09:11,2018年04月30日 03:24
https://seiga.nicovideo.jp/seiga/im3165986,【Minecraft】 MINEBASE 01 MAP 【LISTEL】,2013年06月08日 05:23,2018年04月29日 01:43
https://seiga.nicovideo.jp/seiga/im3360000,削板軍覇,2013年08月19日 02:08,2017年11月23日 20:15
https://seiga.nicovideo.jp/seiga/im6914747,【MMD】FGO スカサハ (ランサー) 【モデル配布】,2017年07月30日 04:58,2017年08月18日 02:41
https://seiga.nicovideo.jp/seiga/im3735550,アイマス映画の感想,2014年01月27日 16:21,2017年08月18日 02:36
https://seiga.nicovideo.jp/seiga/im5460155,輝きの向こう側へ,2015年12月31日 21:32,2017年08月18日 02:35
https://seiga.nicovideo.jp/seiga/im4412267,川内改二,2014年10月31日 09:19,2017年07月26日 21:27
https://seiga.nicovideo.jp/seiga/im4436051,てーんりゅーうー,2014年11月09日 15:57,2017年07月26日 21:27
https://seiga.nicovideo.jp/seiga/im6421277,肉体を強化したいマスターと物申すサーヴァントたち,2017年01月20日 18:27,2017年05月24日 03:01
https://seiga.nicovideo.jp/seiga/im6734804,玉藻「ご主人様が幸せならOKです♡」,2017年05月22日 21:45,2017年05月24日 02:58
https://seiga.nicovideo.jp/seiga/im6147478,宝具展開時の二人のマシュのイメージ,2016年10月02日 00:05,2017年05月24日 02:56
https://seiga.nicovideo.jp/seiga/im6465303,けものFGOンズ,2017年02月07日 00:19,2017年02月11日 02:05
https://seiga.nicovideo.jp/seiga/im5474212,阿良々木くんいつか吐く,2016年01月06日 20:09,2017年02月06日 00:08
https://seiga.nicovideo.jp/seiga/im2700033,阿良々木家 - 鉛筆,2012年12月28日 01:49,2017年02月06日 00:07
https://seiga.nicovideo.jp/seiga/im4310680,緊縛なんかに絶対まけない！！,2014年09月16日 21:37,2017年01月14日 01:50
https://seiga.nicovideo.jp/seiga/im5642480,杏武とか,2016年03月12日 17:57,2017年01月01日 22:59
https://seiga.nicovideo.jp/seiga/im2087572,新型ベイビィ・フェイス,2012年05月26日 15:33,2016年12月27日 11:59
https://seiga.nicovideo.jp/seiga/im4290567,裸婦３号・表４ヒトコマ,2014年09月08日 02:38,2016年11月27日 11:23
https://seiga.nicovideo.jp/seiga/im6261263,良くってよ！,2016年11月18日 21:30,2016年11月19日 15:51
https://seiga.nicovideo.jp/seiga/im6260366,ふみか,2016年11月18日 16:06,2016年11月19日 15:50
https://seiga.nicovideo.jp/seiga/im1725728,ミクを,2012年01月21日 04:21,2016年11月07日 00:58
https://seiga.nicovideo.jp/seiga/im4800938,学校の開かずの扉,2015年04月05日 14:54,2016年11月07日 00:58
https://seiga.nicovideo.jp/seiga/im4094759,【MMD】鎖に縛られた姫様,2014年06月23日 20:38,2016年11月06日 00:19
https://seiga.nicovideo.jp/seiga/im2689786,【MMD】祝福しろ 結婚にはそれが必要だ【ジョジョm@s】,2012年12月24日 22:19,2016年09月11日 00:00
https://seiga.nicovideo.jp/seiga/im5041946,瑞鳳をロック(保護)しました,2015年07月14日 17:09,2016年07月11日 19:45
https://seiga.nicovideo.jp/seiga/im1466611,このＤＩＯとの約束だッ！！,2011年09月29日 15:22,2016年07月11日 19:38
https://seiga.nicovideo.jp/seiga/im2254512,どうだ？俺のビッグマグナｍ・・・,2012年07月23日 00:11,2015年12月18日 11:40
https://seiga.nicovideo.jp/seiga/im1827874,千鶴ちゃん緊縛 其の一,2012年03月05日 02:39,2014年10月21日 01:32