title,url
Japanese Bride Bondage,https://www.boundhub.com/videos/668610/japanese-bride-bondage2/
chinese bondage,https://www.boundhub.com/videos/970833/chinese-bondage26865/
chinese bondage,https://www.boundhub.com/videos/439721/chinese-bondage-510/
Tapegag,https://www.boundhub.com/videos/967847/tapegag14/
Chinese  bondage,https://www.boundhub.com/videos/831028/chinese-bondage17595/
Chinese Bondage,https://www.boundhub.com/videos/971397/chinese-bondage26937/
Chinese Bondage,https://www.boundhub.com/videos/971780/chinese-bondage26969/
cosplay bondage,https://www.boundhub.com/videos/970648/cosplay-bondage1070/
Sluts tied together part 3,https://www.boundhub.com/videos/459751/sluts-tied-together-part-3/
Sluts tied together,https://www.boundhub.com/videos/459746/sluts-tied-together/
Megan slave,https://www.boundhub.com/videos/578352/megan-slave/
cosplay bounage,https://www.boundhub.com/videos/885717/cosplay-bounage/
Chinese Bondage,https://www.boundhub.com/videos/970857/chinese-bondage26870/
the detective's trap 2,https://www.boundhub.com/videos/268875/the-detective-s-trap-2/
the detective's trap 1,https://www.boundhub.com/videos/268874/the-detective-s-trap-1/
Deadly Traps,https://www.boundhub.com/videos/337360/deadly-traps/
chinese bondage,https://www.boundhub.com/videos/965014/chinese-bondage26232/
Japanese superheroine bound and gagged,https://www.boundhub.com/videos/235203/japanese-superheroine-bound-and-gagged/
Lindsey 8,https://www.boundhub.com/videos/970104/lindsey-8/
German girl tape gagged and blindfolded,https://www.boundhub.com/videos/485642/german-girl-tape-gagged-and-blindfolded/
Chinese Girl Tape Gagged,https://www.boundhub.com/videos/637449/chinese-girl-tape-gagged10/
Chinese bondage,https://www.boundhub.com/videos/382496/chinese-bondage547/
Chinese Bondage,https://www.boundhub.com/videos/965951/chinese-bondage26361/
Japanese investigator captured,https://www.boundhub.com/videos/365261/japanese-investigator-captured/
leather bondage,https://www.boundhub.com/videos/861373/leather-bondage63/
Chinese Mummification,https://www.boundhub.com/videos/778973/chinese-mummification3/
Chinese Bondage,https://www.boundhub.com/videos/966625/chinese-bondage26447/
endless nightmare,https://www.boundhub.com/videos/232593/endless-nightmare/
Silk Stocking Delivery,https://www.boundhub.com/videos/962093/silk-stocking-delivery2/
Cosplay bondage - MYOD 39,https://www.boundhub.com/videos/475507/cosplay-bondage-myod-39/
Why am I tied up,https://www.boundhub.com/videos/926710/why-am-i-tied-up2/
Chinese damsel 2,https://www.boundhub.com/videos/475557/chinese-damsel-23/
Roped,https://www.boundhub.com/videos/728797/roped14/
3 stages of bondage,https://www.boundhub.com/videos/700289/3-stages-of-bondage/
Bondage 3,https://www.boundhub.com/videos/867586/bondage-3136/
Bondage ***,https://www.boundhub.com/videos/959060/bondage7375/
Superheroine Bondage Test and ... Trap,https://www.boundhub.com/videos/419901/superheroine-bondage-test-and-trap/
Andrea Neal bound and gagged in red,https://www.boundhub.com/videos/278058/woman-bound-and-gagged-in-red/
Spy captured,https://www.boundhub.com/videos/898686/spy-captured33/
chinese bondage p1,https://www.boundhub.com/videos/879829/chinese-bondage-p18/
Underwear bondage,https://www.boundhub.com/videos/129713/underwear-bondage/
Chinese bondage,https://www.boundhub.com/videos/922355/chinese-bondage22981/
Youmi,https://www.boundhub.com/videos/953566/youmi12/
Bound,https://www.boundhub.com/videos/957407/bound572/
Chinese Bondage,https://www.boundhub.com/videos/957260/chinese-bondage25530/
black_vs_green,https://www.boundhub.com/videos/823513/black-vs-green/
black_vs_green 2,https://www.boundhub.com/videos/824371/black-vs-green-2/
Japanese Bondage Struggle,https://www.boundhub.com/videos/955494/japanese-bondage-struggle7/
Somewhere FREE,https://www.boundhub.com/videos/955465/somewhere-free/
chair tie peril,https://www.boundhub.com/videos/466492/chair-tie-peril/
Batwoman peril,https://www.boundhub.com/videos/944560/batwoman-peril/
Chair Tied and Tape,https://www.boundhub.com/videos/954754/chair-tied-and-tape/
cosplay bondage,https://www.boundhub.com/videos/954730/cosplay-bondage753/
chinese bondage,https://www.boundhub.com/videos/953871/chinese-bondage25196/
cosplay bondage,https://www.boundhub.com/videos/953292/cosplay-bondage740/
Asian Beauty In Tight Bondage,https://www.boundhub.com/videos/489105/asian-beauty-in-tight-bondage/
Layla Rylan BatGirl,https://www.boundhub.com/videos/790069/layla-rylan-batgirl/
Don't make a Mess,https://www.boundhub.com/videos/704888/don-t-make-a-mess/
Taping Up and Sealing Lorelei Inside a Cardboard Box,https://www.boundhub.com/videos/124216/taping-up-and-sealing-lorelei-inside-a-cardboard-box/
Asian Girls Bound and Gagged rope bondage shibari vibra,https://www.boundhub.com/videos/638736/asian-girls-bound-and-gagged-rope-bondage-shibari-vibra4/
Newsgirl roped and gagged in the basement,https://www.boundhub.com/videos/107158/newsgirl-roped-and-gagged-in-the-basement/
CD Tied at the pole,https://www.boundhub.com/videos/948990/cd-tied-at-the-pole/
Chinese bondage,https://www.boundhub.com/videos/949199/chinese-bondage24776/
chinese girl bondage n vibrated,https://www.boundhub.com/videos/948312/chinese-girl-bondage-n-vibrated20/
August Patreon preview-Batgirl chairtied,https://www.boundhub.com/videos/879981/august-patreon-preview-batgirl-chairtied/
Woman tied up.,https://www.boundhub.com/videos/567038/woman-tied-up7/
Bound with straps,https://www.boundhub.com/videos/948026/bound-with-straps2/
Chinese Bondage,https://www.boundhub.com/videos/549467/chinese-bondage1754/
She’s loving the chair tie,https://www.boundhub.com/videos/947210/she-s-loving-the-chair-tie/
Vibed in her leather pants,https://www.boundhub.com/videos/947177/vibed-in-her-leather-pants/
cosplay bondage,https://www.boundhub.com/videos/936408/cosplay-bondage650/
18 Year Old Girl Taped,https://www.boundhub.com/videos/580368/18-year-old-girl-taped/
bondage and cage imprisonment,https://www.boundhub.com/videos/943214/bondage-and-cage-imprisonment/
Krul  cosplay,https://www.boundhub.com/videos/935491/krul-cosplay/
Bondage the thief girl,https://www.boundhub.com/videos/852050/bondage-the-thief-girl/
chinese bondage,https://www.boundhub.com/videos/914352/chinese-bondage22448/
chinese,https://www.boundhub.com/videos/895230/chinese759/
Bondage33,https://www.boundhub.com/videos/942206/bondage33101/
Comic Bondage part 1,https://www.boundhub.com/videos/941368/comic-bondage-part-1/
comic Bondage part 2,https://www.boundhub.com/videos/942051/comic-bondage-part-22/
"Xuena, black silk cheongsam, cloth shoes",https://www.boundhub.com/videos/533180/xuena-black-silk-cheongsam-cloth-shoes/
"Straight arm, walk the rope",https://www.boundhub.com/videos/529445/straight-arm-walk-the-rope/
fight over a bored game,https://www.boundhub.com/videos/129530/fight-over-a-bored-game/
Chinese bondage,https://www.boundhub.com/videos/926676/chinese-bondage23311/
Chinese bondage,https://www.boundhub.com/videos/920424/chinese-bondage22871/
Catsuit bondage of Chelsea goes wrong,https://www.boundhub.com/videos/882560/catsuit-bondage-of-chelsea-goes-wrong/
"A seductive demon with black silk all over, ravaged and",https://www.boundhub.com/videos/774295/a-seductive-demon-with-black-silk-all-over-ravaged-and/
Secret Mission of the Secret Service Support Section,https://www.boundhub.com/videos/556163/secret-mission-of-the-secret-service-support-section/
Undercover cops captured Part 2 - Asian Bondage,https://www.boundhub.com/videos/625698/undercover-cops-captured-part-2-asian-bondage/
Undercover cops captured Part 1 - Asian Bondage,https://www.boundhub.com/videos/611881/undercover-cops-captured-asian-bondage/
pantyhose  bondage hogtie and vibed,https://www.boundhub.com/videos/844062/pantyhose-bondage-hogtie-and-vibed/
pantyhose  bondage and vibed,https://www.boundhub.com/videos/937387/pantyhose-bondage-and-vibed/
Chinese Bondage,https://www.boundhub.com/videos/938243/chinese-bondage24098/
Chinese bondage (SiMi3),https://www.boundhub.com/videos/713274/chinese-bondage-simi3/
gym girl captured,https://www.boundhub.com/videos/938035/gym-girl-captured/
boots glove bondage,https://www.boundhub.com/videos/852617/boots-glove-bondage/
Tape gag and OTN gagged,https://www.boundhub.com/videos/917179/tape-gag-and-otn-gagged/
Chinese bondage,https://www.boundhub.com/videos/921711/chinese-bondage22940/
jio bondage,https://www.boundhub.com/videos/935790/jio-bondage9/
Chinese CD Bondage,https://www.boundhub.com/videos/930687/chinese-cd-bondage151/
Bonage on chair,https://www.boundhub.com/videos/935826/bonage-on-chair/
Kyara Testing Different Gags,https://www.boundhub.com/videos/866210/kyara-testing-different-gags/
47 minutes of torment,https://www.boundhub.com/videos/145628/47-minutes-of-torment/
detective and police,https://www.boundhub.com/videos/934633/detective-and-police/
Chinese bondage,https://www.boundhub.com/videos/920378/chinese-bondage22863/
Shiny sailor suit bondage part 1,https://www.boundhub.com/videos/874326/shiny-sailor-suit-bondage-part-1/
Chinese bondage,https://www.boundhub.com/videos/928208/chinese-bondage23430/
Chinese bondage,https://www.boundhub.com/videos/715438/chinese-bondage9247/
Chinese metal bondage,https://www.boundhub.com/videos/827121/chinese-metal-bondage8/
viv chairtied,https://www.boundhub.com/videos/932940/viv-chairtied/
Chinese bondage,https://www.boundhub.com/videos/932492/chinese-bondage23720/
Chinese bondage,https://www.boundhub.com/videos/932490/chinese-bondage23719/
Chinese bondage,https://www.boundhub.com/videos/798119/chinese-bondage15573/
Chinese bondage,https://www.boundhub.com/videos/932278/chinese-bondage23705/
Japanese School Girl Kidnapped,https://www.boundhub.com/videos/122883/japanese-school-girl-kidnapped/
Japanese latex bondage,https://www.boundhub.com/videos/865124/japanese-latex-bondage6/
asian gagged 2,https://www.boundhub.com/videos/219744/asian-gagged-22/
Bound in black latex,https://www.boundhub.com/videos/926973/bound-in-black-latex2/
chinese bondage 04,https://www.boundhub.com/videos/273238/chinese-bondage-04/
Chairtied,https://www.boundhub.com/videos/845586/chairtied276/
Chinese bondage,https://www.boundhub.com/videos/923503/chinese-bondage23070/
chinese bondage,https://www.boundhub.com/videos/920161/chinese-bondage22839/
Tightly Tied 8,https://www.boundhub.com/videos/920548/tightly-tied-8/
chinese bondage youmi,https://www.boundhub.com/videos/873877/chinese-bondage-youmi/
Chinese bondage in car,https://www.boundhub.com/videos/900221/chinese-bondage-in-car/
chinese bondage,https://www.boundhub.com/videos/688449/chinese-bondage7912/
Saintess first bondage part1,https://www.boundhub.com/videos/912810/saintess-first-bondage-part1/
Ballerina in tape bondage,https://www.boundhub.com/videos/350226/ballerina-in-tape-bondage/
bondage thief,https://www.boundhub.com/videos/282462/bondage-thief/
yamashiro ren cosplay bondage part4,https://www.boundhub.com/videos/910333/yamashiro-ren-cosplay-bondage-part4/
Jessica Parker Kennedy - Movie Bondage,https://www.boundhub.com/videos/910010/jessica-parker-kennedy-movie-bondage/
incident,https://www.boundhub.com/videos/283607/incident/
Asian Restraint and Imprisonment,https://www.boundhub.com/videos/358802/asian-restraint-and-imprisonment/
cat burglar bound,https://www.boundhub.com/videos/833724/cat-burglar-bound/
Leotard Agent Bound,https://www.boundhub.com/videos/258918/leotard-agent-bound/
cd eula cosplay,https://www.boundhub.com/videos/838362/cd-eula-cosplay/
asian bondage,https://www.boundhub.com/videos/250120/asian-bondage121/
unable to move,https://www.boundhub.com/videos/867963/unable-to-move2/
asian bondage,https://www.boundhub.com/videos/880675/asian-bondage3194/
Shoot the Cook (last),https://www.boundhub.com/videos/896808/bondage8462/
Asian blue catsuit,https://www.boundhub.com/videos/731212/asian-blue-catsuit/
Suspended,https://www.boundhub.com/videos/892435/suspended36/
kidnap 1,https://www.boundhub.com/videos/210732/kidnap-1/
Hostage In Her Hotel Room,https://www.boundhub.com/videos/822201/hostage-in-her-hotel-room/
Chinese cop's challenge1,https://www.boundhub.com/videos/875319/chinese-cop-s-challenge12/
Hot brunette in bondage,https://www.boundhub.com/videos/539982/hot-brunette-in-bondage/
Catburglar Chairtied,https://www.boundhub.com/videos/108880/catburglar-chairtied/
chinese massge,https://www.boundhub.com/videos/869296/chinese-massge/
chinese bondage 1 part 2,https://www.boundhub.com/videos/852968/chinese-bondage-1-part-2/
Chinese bondage,https://www.boundhub.com/videos/626050/chinese-bondage4112/
Tied To Bedpost,https://www.boundhub.com/videos/868065/tied-to-bedpost/
Chinese Bondage,https://www.boundhub.com/videos/819191/chinese-bondage16990/
Sailor Bondage,https://www.boundhub.com/videos/820781/sailor-bondage2/
Chinese CD bondage,https://www.boundhub.com/videos/742822/chinese-cd-bondage35/
Ganyu’s 5-layer suffocation scream training,https://www.boundhub.com/videos/866519/ganyu-s-5-layer-suffocation-scream-training/
CD Bound to the Couch,https://www.boundhub.com/videos/863497/cd-bound-to-the-couch/
Sailor Moon,https://www.boundhub.com/videos/849853/sailor-moon7/
If only I was a superheroine....,https://www.boundhub.com/videos/855957/of-only-i-was-a-superheroine/
Vicki 9,https://www.boundhub.com/videos/261487/vicki-9/
Sexy Serena 1,https://www.boundhub.com/videos/823503/sexy-serena-1/
Chines e,https://www.boundhub.com/videos/823471/chines-e/
Black Silk Tight Belt Hip Skirt Tight Control End,https://www.boundhub.com/videos/857739/black-silk-tight-belt-hip-skirt-tight-control-end/
short TV scene - girl taped,https://www.boundhub.com/videos/856497/short-tv-scene-girl-taped/
asian bondage,https://www.boundhub.com/videos/209845/asian-bondage39/
Chinese Hogtied,https://www.boundhub.com/videos/249827/chinese-hogtied2/
Asian Bondage,https://www.boundhub.com/videos/489853/asian-bondage706/
Cosplay01,https://www.boundhub.com/videos/439185/cosplay01/
Mask man,https://www.boundhub.com/videos/592952/mask-man/
chinese bomdage,https://www.boundhub.com/videos/592275/chinese-bomdage/
Asian bondage,https://www.boundhub.com/videos/627855/asian-bondage1749/
rope bondage shibari ballgag,https://www.boundhub.com/videos/653822/rope-bondage-shibari-ballgag2/
Trapped 2,https://www.boundhub.com/videos/728717/trapped-2/
Cosplay bondage,https://www.boundhub.com/videos/727117/cosplay-bondage147/
asian girl bondage and vibed,https://www.boundhub.com/videos/731171/asian-girl-bondage-and-vibed/
Chinese beauty bondage,https://www.boundhub.com/videos/710833/chinese-beauty-bondage41/
Shibari 65,https://www.boundhub.com/videos/808872/shibari-653/
female boss bound,https://www.boundhub.com/videos/754059/female-boss-bound/
Chinese Bondage,https://www.boundhub.com/videos/831072/chinese-bondage17596/
Cat Girl Cosplay Bondage,https://www.boundhub.com/videos/846203/cat-girl-cosplay-bondage/
Bondage on column,https://www.boundhub.com/videos/852514/bondage-on-column/
bondage,https://www.boundhub.com/videos/847223/bondage7303/
asian girl tied by belt in a closet,https://www.boundhub.com/videos/804758/asian-girl-tied-by-belt-in-a-closet/
Chinese Spy Captured Struggle,https://www.boundhub.com/videos/726415/chinese-spy-captured-struggle/
moon salior,https://www.boundhub.com/videos/844008/moon-salior/
Captured cop,https://www.boundhub.com/videos/164284/captured-cop4/
Chinese bondage 35,https://www.boundhub.com/videos/732491/movie235/
Chinese bunny girl bondage,https://www.boundhub.com/videos/841649/chinese-bunny-girl-bondage/
Loan sister pit sister 04,https://www.boundhub.com/videos/532246/loan-sister-pit-sister-04/
Loan sister pit sister 03,https://www.boundhub.com/videos/532239/loan-sister-pit-sister-03/
Latex bondage,https://www.boundhub.com/videos/831633/latex-bondage255/
Robbery Gone Wrong Part 1,https://www.boundhub.com/videos/792800/robbery-gone-wrong-part-12/
Cheerleader hogtied,https://www.boundhub.com/videos/144897/cheerleader-hogtied/
wouldnt you just love to spank that,https://www.boundhub.com/videos/153966/wouldnt-you-just-love-to-spank-that/
(Movie) 2 Asian Schoolgirl,https://www.boundhub.com/videos/265584/2-japanese-schoolgirl/
Tie up girl in swimsuit AB,https://www.boundhub.com/videos/743408/tie-up-girl-in-swimsuit-ab/
Sapphire In leather and Jeans,https://www.boundhub.com/videos/802970/sapphire-in-leather-and-jeans/
Chinese bondage,https://www.boundhub.com/videos/833500/chinese-bondage17709/
Chinese bondage,https://www.boundhub.com/videos/828221/chinese-bondage17417/
Chinese bondage,https://www.boundhub.com/videos/812207/chinese-bondage16540/
Cosplay bondage,https://www.boundhub.com/videos/833703/cosplay-bondage362/
Yelan's binding temptation,https://www.boundhub.com/videos/833125/yelan-s-binding-temptation/
average people XiaoXiao,https://www.boundhub.com/videos/501394/average-people-xiaoxiao/
Revenge of  Ex-Girlfriend,https://www.boundhub.com/videos/834447/revenge-of-ex-girlfriend/
The Adventures of Paula Peril,https://www.boundhub.com/videos/132451/the-adventures-of-paula-peril/
plug gagged asian catsuit bondage,https://www.boundhub.com/videos/245254/plug-gagged-asian-catsuit-bondage/
"rubber plug gagged, ball gagged, and wrap gagged blonde",https://www.boundhub.com/videos/205048/rubber-plug-gagged-ball-gagged-and-wrap-gagged-blonde/
Double Vibrator Predicament,https://www.boundhub.com/videos/822638/double-vibrator-predicament/
Bedtied in Catsuit,https://www.boundhub.com/videos/820368/bedtied-in-catsuit/
Japanese Bondage,https://www.boundhub.com/videos/150586/japanese-bondage6/
blonde all leathered up & hogcuffed,https://www.boundhub.com/videos/285845/blonde-all-leathered-up-hogcuffed/
Rika Entrapped at Midnight,https://www.boundhub.com/videos/404967/rika-entrapped-at-midnight/
Hogtied girl with torn stockings,https://www.boundhub.com/videos/790207/hogtied-girl-with-torn-stockings/
Breathplay,https://www.boundhub.com/videos/594739/breathplay163/
Shibari Pose,https://www.boundhub.com/videos/805266/shibari-pose/
Chinese girl bondage and panties sniffing,https://www.boundhub.com/videos/480261/chinese-girl-bondage-and-panties-sniffing/
CD Don't Move,https://www.boundhub.com/videos/806689/don-t-move4/
Asian Chairtied,https://www.boundhub.com/videos/813458/asian-chairtied6/
Bondage Session after Working,https://www.boundhub.com/videos/810278/bondage-session-after-working/
Tv scene. Kidnapping of a hot Armenian,https://www.boundhub.com/videos/814394/tv-scene-kidnapping-of-a-hot-armenian/
Spider woman captured and used!,https://www.boundhub.com/videos/151429/spider-woman-captured-and-used/
Ashley Wolf Bound Orgasms,https://www.boundhub.com/videos/354016/ashley-wolf-bound-orgasms/
japanese heroine bondage,https://www.boundhub.com/videos/765995/japanese-heroine-bondage5/
Leotard bondage,https://www.boundhub.com/videos/117185/leotard-bondage/
Anna Lee rope tied,https://www.boundhub.com/videos/133981/anna-lee-rope-tied/
Kept in Collars,https://www.boundhub.com/videos/762451/kept-in-collars/
Genshin cosplay bondage2,https://www.boundhub.com/videos/717779/genshin-cosplay-bondage2/
Ziptied girl,https://www.boundhub.com/videos/170851/ziptied-girl/
Japanese idol is kidnapped by her manager,https://www.boundhub.com/videos/371241/japanese-idol-is-kidnapped-by-her-manager/
Sara in Rubber,https://www.boundhub.com/videos/413547/sara-in-rubber/
Catsuit Hogtied / Chairtied 2,https://www.boundhub.com/videos/599234/catsuit-hogtied-chairtied-2/
Summer Investigates,https://www.boundhub.com/videos/597388/summer-investigates/
Elegant Bitch Chained to the Floor,https://www.boundhub.com/videos/325053/elegant-bitch-chained-to-the-floor/
two Chinese babes in tight metal bondage,https://www.boundhub.com/videos/312753/two-chinese-babes-in-tight-metal-bondage/
Chained in latex,https://www.boundhub.com/videos/589136/chained-in-latex/
Aftermath of overwork,https://www.boundhub.com/videos/814103/aftermath-of-overwork/
Emily Hampshire - Movie Bondage,https://www.boundhub.com/videos/665853/emily-hampshire-movie-bondage/
JP Hostage,https://www.boundhub.com/videos/383268/jp-hostage/
Bondage prewiew,https://www.boundhub.com/videos/706872/bondage-prewiew/
Chinese bondage,https://www.boundhub.com/videos/801603/chinese-bondage15854/
maid bondage #2,https://www.boundhub.com/videos/804774/maid-bondage-24/
SM Miracle Japan 087 *Orgasm Torture*,https://www.boundhub.com/videos/245735/sm-miracle-japan-087-orgasm-torture/
Pantyhose bondage #1,https://www.boundhub.com/videos/799984/pantyhouse-bondage-1/
Chinese bondage,https://www.boundhub.com/videos/783116/chinese-bondage13927/
chinese nylon bondage,https://www.boundhub.com/videos/782324/chinese-nylon-bondage6/
Chinese,https://www.boundhub.com/videos/780075/chinese463/
Carleyelle And Jodielle Sisters Playing Bondage,https://www.boundhub.com/videos/696072/carleyelle-and-jodielle-sisters-playing-bondage/
Bound Feet,https://www.boundhub.com/videos/122311/bound-feet2/
Chinese bondage,https://www.boundhub.com/videos/780030/chinese-bondage13630/
Wenona forced in straight jacket,https://www.boundhub.com/videos/230912/wenona-forced-in-straight-jacket/
3 Short Scenes,https://www.boundhub.com/videos/769165/3-short-scenes/
chinese bondage,https://www.boundhub.com/videos/778189/chinese-bondage13502/
Chinese Girl Cleave Gagged,https://www.boundhub.com/videos/670353/chinese-girl-cleave-gagged3/
Girl chairtied,https://www.boundhub.com/videos/237263/girl-chairtied2/
Chair Tied and Blindfolded 2/2,https://www.boundhub.com/videos/126521/chair-tied-and-blindfolded-2-2/
Chair Tied and Blindfolded 1/2,https://www.boundhub.com/videos/126520/chair-tied-and-blindfolded-1-2/
Chinese bondage on bed,https://www.boundhub.com/videos/528539/chinese-bondage-on-bed/
Chinese self bondage,https://www.boundhub.com/videos/528184/chinese-self-bondage5/
Alexa Costumed and pole gagged,https://www.boundhub.com/videos/596355/alexa-costumed-and-pole-gagged/
Black Taped on a Pole,https://www.boundhub.com/videos/596339/black-taped-on-a-pole/
Costumed and Tape Gagged,https://www.boundhub.com/videos/596336/costumed-and-tape-gagged/
Chinese bondage,https://www.boundhub.com/videos/748001/chinese-bondage11311/
Minidress girl tied up in minidress,https://www.boundhub.com/videos/147602/minidress-girl-tied-up-in-minidress/
Bondage and Latex in Movie,https://www.boundhub.com/videos/737348/bondage-and-latex-in-movie/
They Thought It Was A Hair Modelling Gig,https://www.boundhub.com/videos/713843/they-thought-it-was-a-hair-modelling-gig/
chinese bondage,https://www.boundhub.com/videos/698058/chinese-bondage8436/
In Chains,https://www.boundhub.com/videos/735340/in-chains7/
Chinese bondage,https://www.boundhub.com/videos/728707/chinese-bondage9960/
Chinese bondage,https://www.boundhub.com/videos/728706/chinese-bondage9959/
Thief Learns Her Lesson,https://www.boundhub.com/videos/709255/thief-learns-her-lesson/
Sit Down and Stay Quiet 1,https://www.boundhub.com/videos/719332/sit-down-and-stay-quiet-1/
Escape attempt go down swinging,https://www.boundhub.com/videos/623815/escape-attempt-go-down-swinging/
Can they Escape!!,https://www.boundhub.com/videos/623806/can-they-escape2/
Rude Awakening,https://www.boundhub.com/videos/150270/rude-awakening2/
japanese tied up,https://www.boundhub.com/videos/189905/japanese-tied-up3/
Chinese babe in cuffs 2,https://www.boundhub.com/videos/311931/chinese-babe-in-cuffs-2/
Chinese bondage,https://www.boundhub.com/videos/715437/chinese-bondage9246/
BoundProject Devlog 2 FootageTestBuild,https://www.boundhub.com/videos/712896/boundproject-devlog-2-footagetestbuild/
Short video 3,https://www.boundhub.com/videos/569177/short-video-3/
Long Legs And Rope,https://www.boundhub.com/videos/564333/long-legs-and-rope/
Bondage Picture,https://www.boundhub.com/videos/143362/bondage-picture/
Chinese bondage,https://www.boundhub.com/videos/700344/chinese-bondage8559/
Secretary in distress,https://www.boundhub.com/videos/696042/secretary-in-distress12/
Ninja,https://www.boundhub.com/videos/695401/ninja5/
Bed Ready,https://www.boundhub.com/videos/695276/bed-ready3/
Chinese bondage,https://www.boundhub.com/videos/545440/chinese-bondage1752/
Killer of killer,https://www.boundhub.com/videos/565166/killer-of-killer/
Chinese bondage,https://www.boundhub.com/videos/537883/chinese-bondage1168/
Chinese bondage,https://www.boundhub.com/videos/653441/chinese-bondage5298/
Chinese bondage,https://www.boundhub.com/videos/654363/chinese-bondage5345/
Bondage on bed,https://www.boundhub.com/videos/680522/bondage-on-bed6/
Chinese maid bondage,https://www.boundhub.com/videos/678527/chinese-maid-bondage8/
Magician failed,https://www.boundhub.com/videos/684781/magician-failed/
Chinese bondage,https://www.boundhub.com/videos/684738/chinese-bondage7407/
Hogtied and tickled,https://www.boundhub.com/videos/684831/hogtied-and-tickled29/
Chinese Bondage 25,https://www.boundhub.com/videos/387759/chinese-bondage-253/
Chinese cosplay bondage,https://www.boundhub.com/videos/306951/chinese-cosplay-bondage5/
"Linger red cheongsam rope play, little Luoli who is tor",https://www.boundhub.com/videos/648147/linger-red-cheongsam-rope-play-little-luoli-who-is-tor/
Shiny black silk green cheongsam,https://www.boundhub.com/videos/487707/shiny-black-silk-green-cheongsam/
ballgag vibrator blindfold,https://www.boundhub.com/videos/643028/ballgag-vibrator-blindfold/
Chinese dress,https://www.boundhub.com/videos/553291/chinese-dress2/
lvmao3,https://www.boundhub.com/videos/670034/lvmao32/
Cosplay bondage,https://www.boundhub.com/videos/669892/cosplay-bondage101/
Chinese bondage - Reverse prayer hogtie,https://www.boundhub.com/videos/517209/chinese-bondage-reverse-prayer-hogtie2/
Chinese bondage - 3 girls tied together,https://www.boundhub.com/videos/517755/chinese-bondage-3-girls-tied-up/
Chinese bondage - Frogtied and vibed,https://www.boundhub.com/videos/572461/chinese-bondage-frogtied-and-vibed2/
Chinese bondage - Vibed in frogtie,https://www.boundhub.com/videos/592305/chinese-bondage-vibed-in-frogtie/
straitjacket black,https://www.boundhub.com/videos/291432/straitjacket-black/
Asian Magic Wand Bondage,https://www.boundhub.com/videos/419560/asian-magic-wand-bondage/
straitjacket,https://www.boundhub.com/videos/290698/straitjacket2/
elkie-cooper007,https://www.boundhub.com/videos/163610/elkie-cooper007/
Chinese bobdage - Pantyhose lezdom,https://www.boundhub.com/videos/516316/chinese-bobdage-pantyhose-lezdom/
Chinese bondage 1,https://www.boundhub.com/videos/664949/chinese-bondage-1127/
he0700_02,https://www.boundhub.com/videos/601568/he0700-02/
Tape gagged 1,https://www.boundhub.com/videos/321554/tape-gagged-1/
Vicki 8,https://www.boundhub.com/videos/261486/vicki-8/
To the Gallows,https://www.boundhub.com/videos/126864/to-the-gallows/
Black and White Stocking,https://www.boundhub.com/videos/400569/black-and-white-stocking/
Mask man 3,https://www.boundhub.com/videos/594876/mask-man-3/
chinese girl  tied and vibrator 1,https://www.boundhub.com/videos/603675/chinese-girl-tied-and-vibrator-1/
Le*xx,https://www.boundhub.com/videos/331391/le-xx/
Woman in captive thigh-high boots,https://www.boundhub.com/videos/321830/woman-in-captive-thigh-high-boots/
vibrator suspension crossdresser,https://www.boundhub.com/videos/650220/vibrator-suspension-crossdresser/
Chinese bondage - Foxy girl vibed on bed,https://www.boundhub.com/videos/542151/chinese-bondage-foxy-girl-vibed-on-bed/
"JioJio’s racer uniform, glossy shredded patent leather",https://www.boundhub.com/videos/587550/jiojio-s-racer-uniform-glossy-shredded-patent-leather/
Texas cosplay,https://www.boundhub.com/videos/637979/texas-cosplay/
Chinese bondage,https://www.boundhub.com/videos/635598/chinese-bondage4578/
Chinese beauty,https://www.boundhub.com/videos/270536/chinese-beauty3/
chinese bondage,https://www.boundhub.com/videos/279814/chinese-bondage117/
chinese bondage,https://www.boundhub.com/videos/286181/chinese-bondage146/
foot worship,https://www.boundhub.com/videos/293326/feet-worship3/
Chinese bondage,https://www.boundhub.com/videos/536085/chinese-bondage1586/
Chinese bondage,https://www.boundhub.com/videos/536043/chinese-bondage1624/
chinese bondage,https://www.boundhub.com/videos/293849/chinese-bondage243/
Chinese bondage,https://www.boundhub.com/videos/536946/chinese-bondage1684/
Chinese bondage,https://www.boundhub.com/videos/619955/chinese-bondage3640/
Japaneses Torture1  Free Japanese,https://www.boundhub.com/videos/608660/japaneses-torture1-free-japanese/
Follow Twfetishslavestudio Catsuit Girl is Gag in a Var,https://www.boundhub.com/videos/264330/follow-twfetishslavestudio-catsuit-girl-is-gag-in-a-var/
Chinese Bondage,https://www.boundhub.com/videos/591256/chinese-bondage2472/
Chinese Bondage,https://www.boundhub.com/videos/608006/chinese-bondage2721/
Bondage Red Boots Heroine Part2,https://www.boundhub.com/videos/605354/bondage-red-boots-heroine-part2/
Breathplay,https://www.boundhub.com/videos/587325/breathplay154/
"Dress and high heels, roped and ball-gagged",https://www.boundhub.com/videos/109805/dress-and-high-heels-roped-and-ball-gagged/
The way to deal with love rat,https://www.boundhub.com/videos/439423/the-way-to-deal-with-love-rat/
Challenge the limit,https://www.boundhub.com/videos/584420/challenge-the-limit/
Chinese bondage - Kidnapped in a dark room,https://www.boundhub.com/videos/511264/chinese-bondage-kidnapped-in-a-dark-room/
Hostage,https://www.boundhub.com/videos/575644/hostage13/
The beauty catches the magician,https://www.boundhub.com/videos/568418/the-beauty-catches-the-magician/
it was all a trick,https://www.boundhub.com/videos/150824/it-was-all-a-trick/
Chinese bondage - Chairtied and bed tied,https://www.boundhub.com/videos/550523/chinese-bondage-chairtied-and-bed-tied/
Chinese bondage - Crotch roped & suspended,https://www.boundhub.com/videos/551352/chinese-bondage-crotch-roped-suspended/
Black Tape Gagged 1,https://www.boundhub.com/videos/294344/black-tape-gagged-1/
she can't escape,https://www.boundhub.com/videos/195506/maid-bondage-she-can-t-escape/
Chinese female students,https://www.boundhub.com/videos/557577/chinese-female-students/
Chain bondage,https://www.boundhub.com/videos/310884/chain-bondage/
Asian Girl Chained,https://www.boundhub.com/videos/310726/asian-girl-chained/
chains bondage,https://www.boundhub.com/videos/460376/chains-bondage2/
chinese drama clip,https://www.boundhub.com/videos/557237/chinese-drama-clip/
damselroom,https://www.boundhub.com/videos/556291/damselroom/
Chinese bondage - Cute girl kidnapped,https://www.boundhub.com/videos/555367/chinese-bondage-cute-girl-kidnapped/
cosplay bondage,https://www.boundhub.com/videos/554765/cosplay-bondage67/
breathplay,https://www.boundhub.com/videos/327145/breathplay61/
Emily chairtied pt.2,https://www.boundhub.com/videos/132966/emily-chairtied-pt-2/
JJ tightly tied in black shiny pants,https://www.boundhub.com/videos/121154/jj-tightly-tied-in-black-shiny-pants/
red bondage,https://www.boundhub.com/videos/504359/red-bondage2/
chinese bondage 3,https://www.boundhub.com/videos/153239/chinese-bondage-3/
chinese girl2,https://www.boundhub.com/videos/310620/chinese-girl22/
bound ropewalking,https://www.boundhub.com/videos/551433/bound-ropewalking/
dressup,https://www.boundhub.com/videos/551341/dressup/
Codes of Misconduct Part 3,https://www.boundhub.com/videos/305215/codes-of-misconduct-part-3/
Asian spy caught and tied,https://www.boundhub.com/videos/279302/asian-spy-caught-and-tied/
Asian beauty bondage,https://www.boundhub.com/videos/515318/asian-beauty-bondage240/
break away from,https://www.boundhub.com/videos/510981/break-away-from/
New young slavegirl,https://www.boundhub.com/videos/524824/new-young-slavegirl/
Jessica chained to bed,https://www.boundhub.com/videos/146729/jessica-chained-to-bed/
Man tying up girl on a chair,https://www.boundhub.com/videos/147480/man-tying-up-girl-on-a-chair/
Willing Studio,https://www.boundhub.com/videos/458901/willing-studio/
spy tied,https://www.boundhub.com/videos/529383/spy-tied/
time lock bondage,https://www.boundhub.com/videos/461916/time-lock-bondage/
Hang yourself up,https://www.boundhub.com/videos/508235/hang-yourself-up/
Masked Heroine Agent Captured,https://www.boundhub.com/videos/280474/masked-heroine-agent-captured/
Psylocke Bdsm Marvel Squirtcosplay,https://www.boundhub.com/videos/281505/psylocke-bdsm-marvel-squirtcosplay/
Blond in stockings and high heels is roped and gagged,https://www.boundhub.com/videos/107196/blond-in-stockings-and-high-heels-is-roped-and-gagged/
Japanese girl in leotard,https://www.boundhub.com/videos/272026/japanese-girl-in-leotard/
Super heel red boots female agent.,https://www.boundhub.com/videos/485042/super-heel-red-boots-female-agent/
Leather Catsuit Asian Girl Tied Up,https://www.boundhub.com/videos/302978/leather-catsuit-asian-girl-tied-up/
Mayumi Milf First Time,https://www.boundhub.com/videos/374320/mayumi-milf-first-time/
Tifa Bondage Remake,https://www.boundhub.com/videos/329197/tifa-bondage-remake/
Asian MILF Agent captured,https://www.boundhub.com/videos/271446/asian-milf-agent-captured/
Russian Catsuit Mummification,https://www.boundhub.com/videos/324426/russian-catsuit-mummification/
Psycho Doll in Leather Straitjacket,https://www.boundhub.com/videos/324240/psycho-doll-in-leather-straitjacket/
breathplay,https://www.boundhub.com/videos/327145/breathplay61/
Emily chairtied pt.2,https://www.boundhub.com/videos/132966/emily-chairtied-pt-2/
JJ tightly tied in black shiny pants,https://www.boundhub.com/videos/121154/jj-tightly-tied-in-black-shiny-pants/
red bondage,https://www.boundhub.com/videos/504359/red-bondage2/
chinese bondage 3,https://www.boundhub.com/videos/153239/chinese-bondage-3/
chinese girl2,https://www.boundhub.com/videos/310620/chinese-girl22/
bound ropewalking,https://www.boundhub.com/videos/551433/bound-ropewalking/
dressup,https://www.boundhub.com/videos/551341/dressup/
Codes of Misconduct Part 3,https://www.boundhub.com/videos/305215/codes-of-misconduct-part-3/
Asian spy caught and tied,https://www.boundhub.com/videos/279302/asian-spy-caught-and-tied/
Asian beauty bondage,https://www.boundhub.com/videos/515318/asian-beauty-bondage240/
break away from,https://www.boundhub.com/videos/510981/break-away-from/
New young slavegirl,https://www.boundhub.com/videos/524824/new-young-slavegirl/
Jessica chained to bed,https://www.boundhub.com/videos/146729/jessica-chained-to-bed/
Man tying up girl on a chair,https://www.boundhub.com/videos/147480/man-tying-up-girl-on-a-chair/
Willing Studio,https://www.boundhub.com/videos/458901/willing-studio/
spy tied,https://www.boundhub.com/videos/529383/spy-tied/
time lock bondage,https://www.boundhub.com/videos/461916/time-lock-bondage/
Hang yourself up,https://www.boundhub.com/videos/508235/hang-yourself-up/
Masked Heroine Agent Captured,https://www.boundhub.com/videos/280474/masked-heroine-agent-captured/
Psylocke Bdsm Marvel Squirtcosplay,https://www.boundhub.com/videos/281505/psylocke-bdsm-marvel-squirtcosplay/
Blond in stockings and high heels is roped and gagged,https://www.boundhub.com/videos/107196/blond-in-stockings-and-high-heels-is-roped-and-gagged/
Japanese girl in leotard,https://www.boundhub.com/videos/272026/japanese-girl-in-leotard/
Super heel red boots female agent.,https://www.boundhub.com/videos/485042/super-heel-red-boots-female-agent/
Leather Catsuit Asian Girl Tied Up,https://www.boundhub.com/videos/302978/leather-catsuit-asian-girl-tied-up/
Mayumi Milf First Time,https://www.boundhub.com/videos/374320/mayumi-milf-first-time/
Tifa Bondage Remake,https://www.boundhub.com/videos/329197/tifa-bondage-remake/
Asian MILF Agent captured,https://www.boundhub.com/videos/271446/asian-milf-agent-captured/
Russian Catsuit Mummification,https://www.boundhub.com/videos/324426/russian-catsuit-mummification/
Psycho Doll in Leather Straitjacket,https://www.boundhub.com/videos/324240/psycho-doll-in-leather-straitjacket/
Asian Catsuit Bondage,https://www.boundhub.com/videos/322266/asian-catsuit-bondage4/
Asian Woman Hooded and Strapped,https://www.boundhub.com/videos/372291/asian-woman-hooded-and-strapped/
Asian Leather Bondage,https://www.boundhub.com/videos/318743/asian-leather-bondage2/
Chinese Bondage - Willing Studio,https://www.boundhub.com/videos/152846/chinese-bondage-willing-studio/
Sexy leather girl gets roped and tape-gagged,https://www.boundhub.com/videos/107304/sexy-leather-girl-gets-roped-and-tape-gagged/
Asian Mistress Tied Up,https://www.boundhub.com/videos/255538/asian-mistress-tied-up/
Yuki Victim of Crocifixion,https://www.boundhub.com/videos/400697/yuki-victim-of-crocifixion/
Bondage Education,https://www.boundhub.com/videos/313464/bondage-education/
Pretty asian pump gagged in leather straightjacket,https://www.boundhub.com/videos/192539/pretty-asian-pump-gagged-in-leather-straightjacket/
Asian Girl in Black Dress Tied,https://www.boundhub.com/videos/244564/asian-girl-in-black-dress-tied/
Tifa's Bondage Continues,https://www.boundhub.com/videos/333917/tifa-s-bondage-continues/
Russian Red Catsuit,https://www.boundhub.com/videos/364288/russian-red-catsuit/
Asian Woman Taped Tied,https://www.boundhub.com/videos/370677/asian-woman-taped-tied/
Asian girl,https://www.boundhub.com/videos/270529/asian-girl9/
Roommates tying each other up,https://www.boundhub.com/videos/394121/roommates-tying-each-other-up/
Asian Girl Boxed Up,https://www.boundhub.com/videos/374088/asian-girl-boxed-up/
FPBV10 Formal Restraint,https://www.boundhub.com/videos/376649/fpbv10-formal-restraint/
Bondage in Chinese dress 2,https://www.boundhub.com/videos/137843/bondage-in-chinese-dress-2/
red catsuit agent got captured,https://www.boundhub.com/videos/278917/red-catsuit-agent-got-captured/
Darla cran in peril,https://www.boundhub.com/videos/117249/darla-cran-in-peril/
Movie & TV clips 09,https://www.boundhub.com/videos/289165/movie-tv-clips-09/
Asian Heroine Captured,https://www.boundhub.com/videos/307768/asian-heroine-captured/
Debt Payment,https://www.boundhub.com/videos/285146/debt-payment/
Bondage in Chinese dress 1,https://www.boundhub.com/videos/137840/bondage-in-chinese-dress-1/
Asian Girl Tormented,https://www.boundhub.com/videos/313889/asian-girl-tormented/
Chinese beauties gagged,https://www.boundhub.com/videos/327360/chinese-beauties-gagged2/
Red Leotard Agent Tribulation,https://www.boundhub.com/videos/312123/red-leotard-agent-tribulation/
Girl in black dress stripped and bound,https://www.boundhub.com/videos/208304/girl-in-black-dress-stripped-and-bound/
straitjacket dress,https://www.boundhub.com/videos/200362/straitjacket-dress/
PVC Suspension,https://www.boundhub.com/videos/231009/pvc-suspension/
chinese bondage girll,https://www.boundhub.com/videos/402302/chinese-bondage-girll3/
Isobel Wren tied and tapegagged in latex dress,https://www.boundhub.com/videos/128282/isobel-wren-tied-and-tapegagged-in-latex-dress/
Asian bondage,https://www.boundhub.com/videos/236135/asian-bondage90/
Asian Girl dominated by School Girl,https://www.boundhub.com/videos/234614/asian-girl-dominated-by-school-girl/
SM Miracle 0225,https://www.boundhub.com/videos/298477/sm-miracle-0225/
Asian Theif Punished,https://www.boundhub.com/videos/269864/asian-theif-punished/
Chinese bondage,https://www.boundhub.com/videos/313016/chinese-bondage385/
lovely red dress,https://www.boundhub.com/videos/259517/lovely-red-dress2/
Blond in leather dress and boots gets pole tied,https://www.boundhub.com/videos/56/blond-in-leather-dress-and-boots-gets-pole-tied/
Asian Girl Catsuit Tickle,https://www.boundhub.com/videos/347750/asian-girl-catsuit-tickle/
Asian Red Dress Woman Tied Up,https://www.boundhub.com/videos/244569/asian-red-dress-woman-tied-up/
very hot,https://www.boundhub.com/videos/306699/very-hot2/
shannon Straitjacket,https://www.boundhub.com/videos/293017/shannon-straitjacket/
Woman kidnapped for her dress,https://www.boundhub.com/videos/376607/woman-kidnapped-for-her-dress/
Ninja Girl in Bondage,https://www.boundhub.com/videos/238500/ninja-girl-in-bondage/
Amber bondage,https://www.boundhub.com/videos/407860/amber-bondage2/
cutie student girl,https://www.boundhub.com/videos/277585/cutie-student-girl/
Tape gagged and hogtied,https://www.boundhub.com/videos/482752/tape-gagged-and-hogtied/
Anna Mills Ziptied 2,https://www.boundhub.com/videos/136068/anna-mills-ziptied-2/
Asian bondage,https://www.boundhub.com/videos/408747/asian-bondage316/
Forced to smoke,https://www.boundhub.com/videos/425530/forced-to-smoke2/
Asian bondage,https://www.boundhub.com/videos/433192/i-just-want-to-sleep/
Gagged Babe in Leather Miniskirt,https://www.boundhub.com/videos/126543/gagged-babe-in-leather-miniskirt/
Pretty agent caught,https://www.boundhub.com/videos/432966/pretty-agent-caught/
Asian bondage,https://www.boundhub.com/videos/425774/asian-bondage481/
tight bondage escape,https://www.boundhub.com/videos/149218/tight-bondage-escape/
GagPara GH-2171 part 1,https://www.boundhub.com/videos/230376/gagpara-gh-2171-part-1/
lovely red dress,https://www.boundhub.com/videos/212106/lovely-red-dress/
Asian Red Latex Bondage,https://www.boundhub.com/videos/239941/asian-red-latex-bondage/
sexual Japanese bondage 3,https://www.boundhub.com/videos/205443/sexual-japanese-bondage-3/
Asian Ninja Girl in Peril,https://www.boundhub.com/videos/247265/asian-ninja-girl-in-peril/
Long Legs 3,https://www.boundhub.com/videos/184449/long-legs-3/
Bridal Kidnapping Gone Wrong,https://www.boundhub.com/videos/181695/bridal-kidnapping-gone-wrong/
Chinese heroine,https://www.boundhub.com/videos/180140/chinese-heroine/
Rope Bondage Escape Challenge 3,https://www.boundhub.com/videos/170440/rope-bondage-escape-challenge-3/
Chinese bondage,https://www.boundhub.com/videos/155196/chinese-bondage10/
chinese hanging,https://www.boundhub.com/videos/397544/chinese-hanging/
Chinese bondage 22,https://www.boundhub.com/videos/398427/chinese-bondage-223/
Catwoman leather restraint,https://www.boundhub.com/videos/357819/catwoman-leather-restraint/
left hanging,https://www.boundhub.com/videos/149560/left-hanging/
asian bondage petgirl inflatable pump gagged and leash,https://www.boundhub.com/videos/235578/asian-bondage-petgirl-inflatable-pump-gagged-and-leash/