full_name,html_url,description,stargazers_count
"akamhy/waybackpy","https://github.com/akamhy/waybackpy","Wayback Machine API interface and a command-line tool. Archive webpages and retrieve archived URLs easily.",157
"sakura-cooking/takoyaki","https://github.com/sakura-cooking/takoyaki"," ã•ãã‚‰ã‚¤ãƒ³ã‚¿ãƒ¼ãƒãƒƒãƒˆç§˜ä¼ã®ãŸã“ç„¼ããƒ¬ã‚·ãƒ”",345
"mgechev/javascript-algorithms","https://github.com/mgechev/javascript-algorithms","ğŸ’» JavaScript implementations of computer science algorithms",7066
"veler/DevToys","https://github.com/veler/DevToys","A Swiss Army knife for developers.",6473
"raphamorim/awesome-canvas","https://github.com/raphamorim/awesome-canvas","A curated list of awesome HTML5 Canvas with examples, related articles and posts.",1097
"siketyan/house","https://github.com/siketyan/house","An issue tracker for my house.",6
"lydiahallie/javascript-questions","https://github.com/lydiahallie/javascript-questions","A long list of (advanced) JavaScript questions, and their explanations :sparkles:  ",41162
"elsewhencode/project-guidelines","https://github.com/elsewhencode/project-guidelines","A set of best practices for JavaScript projects",26188
"stoeffel/awesome-frp-js","https://github.com/stoeffel/awesome-frp-js","A curated list of awesome functional reactive programming stuff in js",279
"aphenriques/stochastic-calculus-for-finance-solutions","https://github.com/aphenriques/stochastic-calculus-for-finance-solutions","Solutions for the exercise problems of Steven E. Shreve's Stochastic Calculus for Finance",12
"kurema/cpp-intro","https://github.com/kurema/cpp-intro","Beginner's guide for C++",14
"fantasyland/fantasy-land","https://github.com/fantasyland/fantasy-land","Specification for interoperability of common algebraic structures in JavaScript",9272
"Nyanyan/Nyanyan","https://github.com/Nyanyan/Nyanyan",,2
"matiassingers/awesome-readme","https://github.com/matiassingers/awesome-readme","A curated list of awesome READMEs",11185
"shaack/cm-pgn","https://github.com/shaack/cm-pgn","Parse and create PGNs (Portable Game Notation for chess games)",14
"danbev/learning-v8","https://github.com/danbev/learning-v8","Project for learning V8 internals",1706
"caderek/benny","https://github.com/caderek/benny","A dead simple benchmarking framework for JS/TS libs",500
"rooklift/nibbler","https://github.com/rooklift/nibbler","Chess analysis GUI for UCI engines, with extra features for Leela (Lc0) in particular.",278
"maksimKorzh/hgm-mailbox-trials","https://github.com/maksimKorzh/hgm-mailbox-trials","Mirror of a highly optimized for speed experimental array based chess engine by H.G. Muller",2
"kaityo256/yaml_cv","https://github.com/kaityo256/yaml_cv","YAMLã«ã‚ˆã‚‹å±¥æ­´æ›¸ä½œæˆã‚¹ã‚¯ãƒªãƒ—ãƒˆ",272
"mame/6x6-reversi-oracle","https://github.com/mame/6x6-reversi-oracle","6x6-reversi oracle is a ""perfect"" player for reversi using 6x6 board",44
"deepaksood619/RegexCrossword","https://github.com/deepaksood619/RegexCrossword","Solution to RegexCrossword Puzzles",27
"lys-lang/node-ebnf","https://github.com/lys-lang/node-ebnf","Create AST PEG Parsers from formal grammars in JavaScript",71
"wavebeem/bread-n-butter","https://github.com/wavebeem/bread-n-butter","Parser combinators for TypeScript and JavaScript",23
"peggyjs/peggy","https://github.com/peggyjs/peggy","Peggy: Parser generator for JavaScript",253
"janten/dpt-rp1-py","https://github.com/janten/dpt-rp1-py","Python script to manage a Sony DPT-RP1 without the Digital Paper App",415
"komori-n/KomoringHeights","https://github.com/komori-n/KomoringHeights","A simple and powerful mate solver for Shogi.",14
"wader/fq","https://github.com/wader/fq","jq for binary formats",3313
"LumaKernel/LumaKernel","https://github.com/LumaKernel/LumaKernel","State-of-the-self",2
"WandererXII/lishogi","https://github.com/WandererXII/lishogi","â˜— lishogi.org: the forever free, adless and open source shogi server forked from lichess.org â˜—",129
"nsg21/Arduino-Casio-Serial-library","https://github.com/nsg21/Arduino-Casio-Serial-library","A library for Arduino to communicate with Casio graphing calculators",11
"bespoyasov/frontend-clean-architecture","https://github.com/bespoyasov/frontend-clean-architecture","React + TypeScript app built using clean architecture principlesÂ Â· ğŸ§¼â€¯ğŸ›â€¯ğŸª",1339
"fang2hou/nobo","https://github.com/fang2hou/nobo","A spider for fetching data from Manaba+R & CampusWeb. (Ritsumeikan Univ.)",8
"cli-guidelines/cli-guidelines","https://github.com/cli-guidelines/cli-guidelines","A guide to help you write better command-line programs, taking traditional UNIX principles and updating them for the modern day.",1637
"phasmatic3d/webrays","https://github.com/phasmatic3d/webrays","WebRays - Ray Tracing on the Web",39
"fingerprintjs/fingerprintjs","https://github.com/fingerprintjs/fingerprintjs","Browser fingerprinting library with the highest accuracy and stability.",15863
"Yagami360/My_NoteBook","https://github.com/Yagami360/My_NoteBook","ã‚µã‚¤ã‚¨ãƒ³ã‚¹ã€ãƒ†ã‚¯ãƒãƒ­ã‚¸ãƒ¼ã€ã‚¨ãƒ³ã‚¸ãƒ‹ã‚¢ãƒªãƒ³ã‚°é–¢é€£ã®æƒ…å ±ã‚’è¨˜è¼‰ã—ãŸãƒãƒ¼ãƒˆï¼ˆå¿˜å‚™éŒ²ï¼‰ã§ã™ã€‚",96
"Elucidation/ChessboardFenTensorflowJs","https://github.com/Elucidation/ChessboardFenTensorflowJs","Find chessboard FEN from a screenshot using TensorflowJs",14
"frpays/lc0-js","https://github.com/frpays/lc0-js","The LC0 engine ported to javascript with Emscripten.",93
"ungap/structured-clone","https://github.com/ungap/structured-clone","A structuredClone polyfill",70
"azu/large-scale-javascript","https://github.com/azu/large-scale-javascript","è¤‡é›‘ãªJavaScriptã‚¢ãƒ—ãƒªã‚±ãƒ¼ã‚·ãƒ§ãƒ³ã‚’ä½œã‚‹ãŸã‚ã«è€ƒãˆã‚‹ã“ã¨",318
"offen/underscore-benchmark","https://github.com/offen/underscore-benchmark","Benchmarking stats calculation against different underscore versions",2
"v8/web-tooling-benchmark","https://github.com/v8/web-tooling-benchmark","JavaScript benchmark for common web developer workloads",332
"gr2m/javascript-plugin-architecture-with-typescript-definitions","https://github.com/gr2m/javascript-plugin-architecture-with-typescript-definitions","Plugin architecture example with full TypeScript support",53
"kurema/BookViewerApp3","https://github.com/kurema/BookViewerApp3","A powerful and beautiful viewer app for booklovers and comic fans.",31
"ryanmcdermott/clean-code-javascript","https://github.com/ryanmcdermott/clean-code-javascript",":bathtub: Clean Code concepts adapted for JavaScript",63591
"goldbergyoni/nodebestpractices","https://github.com/goldbergyoni/nodebestpractices",":white_check_mark:  The Node.js best practices list (January 2022)",74422
"stoeffel/awesome-fp-js","https://github.com/stoeffel/awesome-fp-js",":sunglasses: A curated list of awesome functional programming stuff in js",5517
"qnighy/ipc_solver","https://github.com/qnighy/ipc_solver","O(N log N)-space IPC solver in OCaml",45
"Iku/Google-Forms-to-Discord","https://github.com/Iku/Google-Forms-to-Discord","A quick way to automatically send Google Form responses to a Discord channel",384
"roogle-rs/roogle","https://github.com/roogle-rs/roogle","A Rust API search engine",230
"NaturalIntelligence/fast-xml-parser","https://github.com/NaturalIntelligence/fast-xml-parser","Validate XML, Parse XML and Build XML rapidly without C/C++ based libraries and no callback.",1378
"apprenticeharper/DeDRM_tools","https://github.com/apprenticeharper/DeDRM_tools","DeDRM tools for ebooks",11876
"yt-dlp/yt-dlp","https://github.com/yt-dlp/yt-dlp","A youtube-dl fork with additional features and fixes",18741
"Yonoha/category.github.io","https://github.com/Yonoha/category.github.io","I write about category theory and its application to quantum theory.",8
"type-challenges/type-challenges","https://github.com/type-challenges/type-challenges","Collection of TypeScript type challenges with online judge",12410
"CyberShadow/aconfmgr","https://github.com/CyberShadow/aconfmgr","A configuration manager for Arch Linux",707
"manga-download/hakuneko","https://github.com/manga-download/hakuneko","Manga & Anime Downloader for Linux, Windows & MacOS",2063
"kbjorklu/chess","https://github.com/kbjorklu/chess","JavaScript Chess",74
"ryanmcdermott/typed-arrays","https://github.com/ryanmcdermott/typed-arrays","ğŸš€ Performance comparison of JavaScript TypedArrays and native Arrays",14
"TaKO8Ki/awesome-alternatives-in-rust","https://github.com/TaKO8Ki/awesome-alternatives-in-rust","A curated list of replacements for existing software written in Rust",2229
"sonnyp/aria2.js","https://github.com/sonnyp/aria2.js","JavaScript library for aria2, ""The next generation download utility.""",509
"fnwiya/japanese-rust-companies","https://github.com/fnwiya/japanese-rust-companies","æ—¥æœ¬ã§ Rust ã‚’åˆ©ç”¨ã—ã¦ã„ã‚‹ä¼šç¤¾ä¸€è¦§",164
"yuiseki/twiseki","https://github.com/yuiseki/twiseki","puppeteerã§twitterã‚’ã‚¹ã‚¯ãƒ¬ã‚¤ãƒ”ãƒ³ã‚°ã™ã‚‹ã‚„ã¤",2
"puppeteer/examples","https://github.com/puppeteer/examples","Use case-driven examples for using Puppeteer and headless chrome",2142
"ytdl-org/youtube-dl","https://github.com/ytdl-org/youtube-dl","Command-line program to download videos from YouTube.com and other video sites",105888
"Hayao-H/Niconicome","https://github.com/Hayao-H/Niconicome","ãƒ‹ã‚³ãƒ‹ã‚³å‹•ç”»ã®ã‚³ãƒ³ãƒ†ãƒ³ãƒ„ã‚’ãƒ€ã‚¦ãƒ³ãƒ­ãƒ¼ãƒ‰ã—ã¾ã™",29
"ffmpegwasm/ffmpeg.wasm","https://github.com/ffmpegwasm/ffmpeg.wasm","FFmpeg for browser and node, powered by WebAssembly",6900
"akameco/pixiv-dl","https://github.com/akameco/pixiv-dl","pixiv image downloader",11
"eggplants/pixiv-bulk-downloader","https://github.com/eggplants/pixiv-bulk-downloader","Pixiv Bulk Downloader",4
"st-tech/zozo-shift15m","https://github.com/st-tech/zozo-shift15m","SHIFT15M: multiobjective large-scale fashion dataset with distributional shifts",114
"DefinitelyTyped/DefinitelyTyped","https://github.com/DefinitelyTyped/DefinitelyTyped","The repository for high quality TypeScript type definitions.",37646
"jiro4989/slotchmod","https://github.com/jiro4989/slotchmod","slotchmod changes file permission with a slot.",46
"furrtek/DMG-CPU-Inside","https://github.com/furrtek/DMG-CPU-Inside","Reverse-engineered schematics for DMG-CPU-B",265
"aappleby/MetroBoy","https://github.com/aappleby/MetroBoy","A repository of gate-level simulators and tools for the original Game Boy.",947
"eggplants/pixiv-tag-analyzer","https://github.com/eggplants/pixiv-tag-analyzer","Revealing peculiar habits through tags extracted from user information",2
"LaurenceRawlings/savify","https://github.com/LaurenceRawlings/savify","Download Spotify songs to mp3 with full metadata and cover art!",512
"SathyaBhat/spotify-dl","https://github.com/SathyaBhat/spotify-dl","Downloads songs from your Spotify Playlist",900
"mugi-uno/puzzle-solver","https://github.com/mugi-uno/puzzle-solver",,5
"heppoko/Unity_uGUI_Advance_Reference","https://github.com/heppoko/Unity_uGUI_Advance_Reference","Unity uGUI Advance Reference",440
"LingDong-/fishdraw","https://github.com/LingDong-/fishdraw","procedurally generated fish drawings",1950
"KMASAHIRO/music2vec","https://github.com/KMASAHIRO/music2vec","SoundNetã‚’ãƒ™ãƒ¼ã‚¹ã«ã—ãŸmusic2vecã‚’ç”¨ã„ãŸéŸ³æ¥½ã‚¸ãƒ£ãƒ³ãƒ«ã®åˆ†é¡(å‚è€ƒï¼šhttps://medium.com/@rajatheb/music2vec-generating-vector-embedding-for-genre-classification-task-411187a20820)",2
"eggplants/get-pixivpy-token","https://github.com/eggplants/get-pixivpy-token","Get your Pixiv token easily (for running upbit/pixivpy)",17
"jurliyuuri/ckka","https://github.com/jurliyuuri/ckka","cet2 kaik kia1 ak1",1
"david-pfx/AmzPlayer","https://github.com/david-pfx/AmzPlayer","A Modern Player for Zillions",2
"akio-tomiya/julia_in_physics","https://github.com/akio-tomiya/julia_in_physics",,19
"k4yt3x/pixivdaily-rust","https://github.com/k4yt3x/pixivdaily-rust","Source code for the Telegram channel @pixiv_daily",4
"optim-corp/masked-lm-wasm","https://github.com/optim-corp/masked-lm-wasm",,15
"zedeus/nitter","https://github.com/zedeus/nitter","Alternative Twitter front-end",3892
"9Axes/9axes.github.io","https://github.com/9Axes/9axes.github.io",,41
"prismquiz/prismquiz.github.io","https://github.com/prismquiz/prismquiz.github.io",,2
"8values/8values.github.io","https://github.com/8values/8values.github.io","The 8values political quiz",786
"LeftValues/leftvalues.github.io","https://github.com/LeftValues/leftvalues.github.io","LeftValues, a leftist political quiz",285
"HunterLarco/twitter-v2","https://github.com/HunterLarco/twitter-v2","An asynchronous client library for the Twitter REST and Streaming API's",146
"y-taka-23/wasm-game-of-life","https://github.com/y-taka-23/wasm-game-of-life","An example of Asterius, compiling Haskell to WebAssembly.",6
"yukikurage/purescript-dependency-graph","https://github.com/yukikurage/purescript-dependency-graph","purescriptã®ãƒ¢ã‚¸ãƒ¥ãƒ¼ãƒ«é–“ã®ä¾å­˜é–¢ä¿‚ã‚’ mermaid with markdown ã§æç”»",2
"microsoft/tsdoc","https://github.com/microsoft/tsdoc","A doc comment standard for TypeScript",3828
"freeboardgames/FreeBoardGames.org","https://github.com/freeboardgames/FreeBoardGames.org","FOSS platform for publishing boardgame.io games",171
"bellstrand/totp-generator","https://github.com/bellstrand/totp-generator","Generate TOTP tokens from key",92
"jiangts/JS-OTP","https://github.com/jiangts/JS-OTP","100% Javascript Implementation of HOTP and TOTP for Two-Factor Authentication.",160
"QuantEcon/QuantEcon.jl","https://github.com/QuantEcon/QuantEcon.jl","Julia implementation of QuantEcon routines",417
"duckythescientist/SmoothLife","https://github.com/duckythescientist/SmoothLife","Continuous Domain Game of Life in Python with Numpy",625
"mitsuruog/clean-code-javascript","https://github.com/mitsuruog/clean-code-javascript",":bathtub: Clean Code concepts adapted for JavaScript",178
"bakunin95/wavi","https://github.com/bakunin95/wavi","Web Application Viewer - generate class diagram for web application",138
"Manawyrm/fxIP","https://github.com/Manawyrm/fxIP","TCP/IP for Casio fx-9860 graphical calculators (with SLIP support, uIP stack)",203
"joey00072/Baji-Marathi-Programing-Language","https://github.com/joey00072/Baji-Marathi-Programing-Language","à¤¬à¤¾à¤œà¥€ (baji) high-level,dynamically typed, interpreted first Marathi programing language.",52
"mithrandie/csvq","https://github.com/mithrandie/csvq","SQL-like query language for csv",951
"serenity-rs/serenity","https://github.com/serenity-rs/serenity","A Rust library for the Discord API.",2187
"public-apis/public-apis","https://github.com/public-apis/public-apis","A collective list of free APIs",179108
"Tritama/portfolio","https://github.com/Tritama/portfolio",,5
"mebiusbox/docs","https://github.com/mebiusbox/docs",,147
"eggplants/dojinvoice_db","https://github.com/eggplants/dojinvoice_db","Make DB of Dojinvoice (DLsite)",3
"rustviz/rustviz","https://github.com/rustviz/rustviz","Interactively Visualizing Ownership and Borrowing for Rust",1986
"next-l/enju_leaf","https://github.com/next-l/enju_leaf","Next-L Enju Leaf çµ±åˆå›³æ›¸é¤¨ç®¡ç†ã‚·ã‚¹ãƒ†ãƒ  / integrated library system https://enju.next-l.jp/",98
"eggplants/infosearch","https://github.com/eggplants/infosearch","2021å¹´åº¦ã€Œæƒ…å ±æ¤œç´¢ã‚·ã‚¹ãƒ†ãƒ ã€ãƒãƒ¼ãƒˆ",1
"alexzorin/authy","https://github.com/alexzorin/authy","Go library and program to access your Authy TOTP secrets.",405
"sorrycc/awesome-javascript","https://github.com/sorrycc/awesome-javascript","ğŸ¢ A collection of awesome browser-side  JavaScript libraries, resources and shiny things.",26673
"gcanti/fp-ts","https://github.com/gcanti/fp-ts","Functional programming in TypeScript",7420
"EzoeRyou/posix-commands","https://github.com/EzoeRyou/posix-commands","POSIXã‚³ãƒãƒ³ãƒ‰ã«ã¤ã„ã¦ã®ã‚³ãƒ©ãƒ ",152
"getify/You-Dont-Know-JS","https://github.com/getify/You-Dont-Know-JS","A book series on JavaScript. @YDKJS on twitter.",149184
"mijumall/multipleRegression","https://github.com/mijumall/multipleRegression","Simple Multiple Regression model with t-test functionality",1
"apsdehal/qunit-migrate","https://github.com/apsdehal/qunit-migrate","Migrate old QUnit tests to 2.x. Uses regex and ASTs to convert old QUnit code.",17
"aemkei/jsfuck","https://github.com/aemkei/jsfuck","Write any JavaScript with 6 Characters: []()!+",6437
"fasttime/JScrewIt","https://github.com/fasttime/JScrewIt","Write any JavaScript with six characters: ! ( ) + [ ]",125
"jsdoc/jsdoc","https://github.com/jsdoc/jsdoc","An API documentation generator for JavaScript.",12670
"documentationjs/documentation","https://github.com/documentationjs/documentation",":book: documentation for modern JavaScript",5464
"you-dont-need/You-Dont-Need-Lodash-Underscore","https://github.com/you-dont-need/You-Dont-Need-Lodash-Underscore","List of JavaScript methods which you can use natively + ESLint Plugin",14239
"DBCTRADO/TVTest","https://github.com/DBCTRADO/TVTest",,264
"tvillarete/ipod-classic-js","https://github.com/tvillarete/ipod-classic-js","An iPod Classic that connects to Apple Music and Spotify. Built with React & Styled Components",1073
"tastejs/todomvc","https://github.com/tastejs/todomvc","Helping you select an MV* framework - Todo apps for React.js, Ember.js, Angular, and many more",27660
"kwai/DouZero","https://github.com/kwai/DouZero","[ICML 2021] DouZero: Mastering DouDizhu with Self-Play Deep Reinforcement Learning | æ–—åœ°ä¸»AI",2352
"na2hiro/Kifu-for-JS","https://github.com/na2hiro/Kifu-for-JS","JavaScriptã§å‹•ãå°†æ£‹ã®æ£‹è­œå†ç”Ÿç›¤ã¨ãã®ãƒ–ãƒƒã‚¯ãƒãƒ¼ã‚¯ãƒ¬ãƒƒãƒˆ",88
"bebound/pixiv","https://github.com/bebound/pixiv","Pixiv Downloader - Batch download pictures from Pixiv",119
"Nandaka/PixivUtil2","https://github.com/Nandaka/PixivUtil2","Download images from Pixiv and more!",1690
"tvcutsem/harmony-reflect","https://github.com/tvcutsem/harmony-reflect","ES5 shim for ES6 Reflect and Proxy objects",440
"Ludeme/LudiiTutorials","https://github.com/Ludeme/LudiiTutorials","This repository contains various tutorials for game design and programming with the Ludii general game system.",10
"pixijs/pixijs","https://github.com/pixijs/pixijs","The HTML5 Creation Engine: Create beautiful digital content with the fastest, most flexible 2D WebGL renderer.",35399
"LumaKernel/awesome-stars","https://github.com/LumaKernel/awesome-stars","A curated list of my GitHub stars! Generated by starred",3
"jhlywa/chess.js","https://github.com/jhlywa/chess.js","A Javascript chess library for chess move generation/validation, piece placement/movement, and check/checkmate/draw detection",2612
"Ludeme/Ludii","https://github.com/Ludeme/Ludii","The Ludii general game system, developed as part of the ERC-funded Digital Ludeme Project.",35
"sfleischman105/Pleco","https://github.com/sfleischman105/Pleco","A Rust-based re-write of the Stockfish Chess Engine",185
"imfly/js2uml","https://github.com/imfly/js2uml","Convert JS to UML class diagrams",110
"xharaken/john-law-coin","https://github.com/xharaken/john-law-coin","JohnLawCoin",68
"sverweij/dependency-cruiser","https://github.com/sverweij/dependency-cruiser","Validate and visualize dependencies. Your rules. JavaScript, TypeScript, CoffeeScript. ES6, CommonJS, AMD.",2476
"Himenon/code-dependency","https://github.com/Himenon/code-dependency"," A work efficiency tool for visualizing code dependencies on a browser.",56
"krymtkts/qunit-trial","https://github.com/krymtkts/qunit-trial","sandbox to enhance legacy QUnit test.",1
"pipeseroni/pipes.sh","https://github.com/pipeseroni/pipes.sh","Animated pipes terminal screensaver",1617
"aki32585/tamaBOT","https://github.com/aki32585/tamaBOT",,1
"Aunsiels/alphazero_janggi","https://github.com/Aunsiels/alphazero_janggi",,3
"marp-team/marp-vscode","https://github.com/marp-team/marp-vscode","Marp for VS Code: Create slide deck written in Marp Markdown on VS Code",756
"theoremoon/ShellgeiBot-Image","https://github.com/theoremoon/ShellgeiBot-Image",,34
"lifeinwild/tenyu","https://github.com/lifeinwild/tenyu","å‰µä½œæ´»å‹•ã«ã‚ˆã‚‹çµŒæ¸ˆæ§‹æƒ³",7
"faressoft/terminalizer","https://github.com/faressoft/terminalizer","ğŸ¦„ Record your terminal and generate animated gif images or share a web player",12305
"shotacure/CapCap","https://github.com/shotacure/CapCap","å‡ºå…¸è¡¨è¨˜ãƒªã‚¢ãƒ«ã‚¿ã‚¤ãƒ åˆæˆãƒ„ãƒ¼ãƒ«",3
"zenn-dev/zenn-editor","https://github.com/zenn-dev/zenn-editor","Convert markdown to html in Zenn format",327
"RobinCsl/awesome-js-tooling-not-in-js","https://github.com/RobinCsl/awesome-js-tooling-not-in-js","A curated list of JavaScript tooling not written in JavaScript",668
"scottrogowski/code2flow","https://github.com/scottrogowski/code2flow","Pretty good call graphs for dynamic languages",1734
"gergob/jsProxy","https://github.com/gergob/jsProxy",,163
"discordjs/collection","https://github.com/discordjs/collection","Utility data structure used in Discord.js",118
"src-d/hercules","https://github.com/src-d/hercules","Gaining advanced insights from Git repository history.",1664
"leandromoreira/digital_video_introduction","https://github.com/leandromoreira/digital_video_introduction","A hands-on introduction to video technology: image, video, codec (av1, vp9, h265) and more (ffmpeg encoding).",12309
"berstend/puppeteer-extra","https://github.com/berstend/puppeteer-extra","ğŸ’¯  Teach puppeteer new tricks through plugins.",3526
"armfxl/discord.js-cheatsheet","https://github.com/armfxl/discord.js-cheatsheet","An in-depth discord.js event cheatsheet, containing all events along with example usages.",47
"syarochan/Operating-Systems-Three-Easy-Pieces-in-japanese","https://github.com/syarochan/Operating-Systems-Three-Easy-Pieces-in-japanese",,488
"Androz2091/discord-backup","https://github.com/Androz2091/discord-backup","ğŸ“¦â€€Complete framework to facilitate server backup using discord.js v13",301
"Sank6/Backup","https://github.com/Sank6/Backup","Discord backup bot to backup and install servers",37
"jagrosh/Vortex","https://github.com/jagrosh/Vortex","ğŸŒ€ Discord Moderation Bot",416
"garymsx/xsm","https://github.com/garymsx/xsm","XSM Reference Manual",22
"Rigellute/spotify-tui","https://github.com/Rigellute/spotify-tui","Spotify for the terminal written in Rust ğŸš€",11475
"joshskidmore/gpd-micropc-arch-guide","https://github.com/joshskidmore/gpd-micropc-arch-guide","Guide to installing Arch Linux on the GPD MicroPC",34
"Ziphil/ZenithalMathWeb","https://github.com/Ziphil/ZenithalMathWeb","Web rendering engine for mathematical formulae",28
"ccadic/TI92-revive","https://github.com/ccadic/TI92-revive","Reviing the TI92 calculator with a new KICAD PCB and a new 4 inch display",28
"Tenpi/pixiv.ts","https://github.com/Tenpi/pixiv.ts","Wrapper for the Pixiv API with typings",18
"Tenpi/deviantart.ts","https://github.com/Tenpi/deviantart.ts","Wrapper for DeviantArt API with typings",3
"private-yusuke/EWSParserApp","https://github.com/private-yusuke/EWSParserApp","An EWS parser application works on Android",2
"Vogtinator/libnspire","https://github.com/Vogtinator/libnspire","A crappy lightweight alternative to the Nspire-specific parts of TiLP built with a simple API and with minimal dependancies.",7
"debrouxl/tilp_and_gfm","https://github.com/debrouxl/tilp_and_gfm","TILP (formerly GtkTiLink) can transfer data between Texas Instruments graphing calculators and a computer. It works with all link cables (parallel, serial, Black/Gray/Silver/Direct Link) and it supports the TI-Z80 series (73..86), the TI-eZ80 series (83PCE, 84+CE), the TI-68k series (89, 92, 92+, V200, 89T) and the Nspire series (Nspire Clickpad / Touchpad / CX, both CAS and non-CAS)",59
"brain-hackers/linux-brain","https://github.com/brain-hackers/linux-brain","Linux kernel source tree for SHARP Brain series (PW-SH1 or later)",20
"brain-hackers/README","https://github.com/brain-hackers/README","Brain Hackers ã«ã¤ã„ã¦",57
"octokit/core.js","https://github.com/octokit/core.js","Extendable client for GitHub's REST & GraphQL APIs",784
"calibr/node-bookmarks-parser","https://github.com/calibr/node-bookmarks-parser","Parses Firefox/Chrome HTML bookmarks files",41
"Elfocrash/vistr.dev","https://github.com/Elfocrash/vistr.dev","A visitor counter badge for your GitHub projects",24
"hppRC/kuon","https://github.com/hppRC/kuon",":bird: [WIP] Twitter Client Library written in Rust :crab:",45
"conwnet/github1s","https://github.com/conwnet/github1s","One second to read GitHub code with VS Code.",20614
"trueToastedCode/NdlessSDK-automated-installer","https://github.com/trueToastedCode/NdlessSDK-automated-installer","An automated NdlessSDK installer for linux.",2
"lights0123/ndless-rs","https://github.com/lights0123/ndless-rs","Rust library for interacting with Ndless for the TI-Nspire",17
"adobe-fonts/source-han-sans","https://github.com/adobe-fonts/source-han-sans","Source Han Sans | æ€æºé»‘ä½“ | æ€æºé»‘é«” | æ€æºé»‘é«” é¦™æ¸¯ | æºãƒè§’ã‚´ã‚·ãƒƒã‚¯ | ë³¸ê³ ë”•",10363
"danistefanovic/build-your-own-x","https://github.com/danistefanovic/build-your-own-x","ğŸ¤“ Build your own (insert technology here)",128721
"PyYoshi/TweetNowBrowsing","https://github.com/PyYoshi/TweetNowBrowsing","Chrome Extension",12
"eggplants/wbsv-cli","https://github.com/eggplants/wbsv-cli","CLI for archiving pages and its all links to Wayback Machine",11
"alphasp/pixiv-api-client","https://github.com/alphasp/pixiv-api-client","Promise based Pixiv API client for node.js and react native",138
"draftbit/twitter-lite","https://github.com/draftbit/twitter-lite","A tiny, full-featured, flexible client / server library for the Twitter API",742
"pokemium/gba-docs-ja","https://github.com/pokemium/gba-docs-ja","WIP: GBAã®æ—¥æœ¬èªãƒªãƒ•ã‚¡ãƒ¬ãƒ³ã‚¹ã§ã™",28
"techgaun/github-dorks","https://github.com/techgaun/github-dorks","Find leaked secrets via github search",1738
"memory-lovers/export_twitter_bookmarks_puppeteer","https://github.com/memory-lovers/export_twitter_bookmarks_puppeteer","Twitter Bookmark Export Tool using Puppeteer",19
"mportesi/sorting_algo_visualizer","https://github.com/mportesi/sorting_algo_visualizer","Python script to generate a visualization of various sorting algorithms, image or video.",148
"yumetodo/qiita_export_all","https://github.com/yumetodo/qiita_export_all","Qiitaã®è¨˜äº‹ã‚’ç”»åƒã¨ã‚³ãƒ¡ãƒ³ãƒˆã‚‚å«ã‚ã¦å…¨éƒ¨DLã™ã‚‹",74
"Reputeless/Laptops","https://github.com/Reputeless/Laptops","ğŸ’» ã‚²ãƒ¼ãƒ é–‹ç™ºãƒ»ãƒ—ãƒ­ã‚°ãƒ©ãƒŸãƒ³ã‚°ã«ãŠã™ã™ã‚ã®ä½äºˆç®—ãƒãƒ¼ãƒˆ PC ğŸ’°",142
"mmorise/beginning_asa","https://github.com/mmorise/beginning_asa","ã²ãŸã™ã‚‰æ¥½ã—ã¦éŸ³éŸ¿ä¿¡å·è§£æï¼šãƒ—ãƒ­ã‚°ãƒ©ãƒ ç½®ãå ´",18
"xonsh/xonsh","https://github.com/xonsh/xonsh",":shell: Python-powered, cross-platform, Unix-gazing shell",5457
"internetarchive/wayback-machine-webextension","https://github.com/internetarchive/wayback-machine-webextension","A web browser extension for Chrome, Firefox, Edge, and Safari 14.",276
"hatnote/listen-to-wikipedia","https://github.com/hatnote/listen-to-wikipedia","Live, generative music from Wikipedia edits",726
"debugger22/github-audio","https://github.com/debugger22/github-audio","Listen to music generated by events happening across GitHub :octocat: ğŸ·",1711
"arosh/ublacklist-stackoverflow-translation","https://github.com/arosh/ublacklist-stackoverflow-translation","Exclude machine-translated sites of Stack Exchange from Google search results",716
"PCSX2/pcsx2","https://github.com/PCSX2/pcsx2","PCSX2 - The Playstation 2 Emulator",6184
"we-like-parsers/pegen_experiments","https://github.com/we-like-parsers/pegen_experiments","Experiments for the official PEG parser generator for Python",242
"GlukKazan/GarboChessAI","https://github.com/GlukKazan/GarboChessAI",,1
"checkly/headless-recorder","https://github.com/checkly/headless-recorder","Chrome extension that records your browser interactions and generates a Playwright or Puppeteer script. ",13869
"Dhghomon/easy_rust","https://github.com/Dhghomon/easy_rust","Rust explained using easy English",6414
"gchenfc/sci-hub-now","https://github.com/gchenfc/sci-hub-now","Free access to academic papers with just a single click! Abolish publishers, long live the open access movement! ğŸ¦…",185
"rubenvereecken/py-vgdl","https://github.com/rubenvereecken/py-vgdl","VGDL 2.0: A video game description language for AI research",42
"ossf/criticality_score","https://github.com/ossf/criticality_score","Gives criticality score for an open source project",979
"trekhleb/javascript-algorithms","https://github.com/trekhleb/javascript-algorithms","ğŸ“ Algorithms and data structures implemented in JavaScript with explanations and links to further readings",133997
"glinscott/fishtest","https://github.com/glinscott/fishtest","Stockfish testing",179
"beurtschipper/Depix","https://github.com/beurtschipper/Depix","Recovers passwords from pixelized screenshots",21274
"mikf/gallery-dl","https://github.com/mikf/gallery-dl","Command-line program to download image galleries and collections from several image hosting sites",4442
"cpojer/js-codemod","https://github.com/cpojer/js-codemod","Codemod scripts to transform code to next generation JS",1116
"nmrugg/stockfish.js","https://github.com/nmrugg/stockfish.js","The Stockfish chess engine in Javascript",442
"nozaq/shogi-rs","https://github.com/nozaq/shogi-rs","A Bitboard-based shogi library in Rust. Board representation, move generation/validation and time control utilities.",29
"airbnb/javascript","https://github.com/airbnb/javascript","JavaScript Style Guide",119055
"jasonwebb/morphogenesis-resources","https://github.com/jasonwebb/morphogenesis-resources","Comprehensive list of resources on the topic of digital morphogenesis (the creation of form through code). Includes links to major articles, code repos, creative projects, books, software, and more.",1558
"utkusen/urlhunter","https://github.com/utkusen/urlhunter","a recon tool that allows searching on URLs that are exposed via shortener services",1186
"sadanandpai/javascript-code-challenges","https://github.com/sadanandpai/javascript-code-challenges","A collection of JavaScript modern interview code challenges for beginners to experts",2838
"TadaoYamaoka/DeepLearningShogi","https://github.com/TadaoYamaoka/DeepLearningShogi",,125
"facebook/jscodeshift","https://github.com/facebook/jscodeshift","A JavaScript codemod toolkit.",7064
"suragnair/alpha-zero-general","https://github.com/suragnair/alpha-zero-general","A clean implementation based on AlphaZero for any game in any framework + tutorial + Othello/Gobang/TicTacToe/Connect4 and more",2667
"HiraokaTakuya/apery_rust","https://github.com/HiraokaTakuya/apery_rust","USI shogi engine written in Rust",65
"pahen/madge","https://github.com/pahen/madge","Create graphs from your CommonJS, AMD or ES6 module dependencies",5766
"imbushuo/uboot","https://github.com/imbushuo/uboot","U-Boot for HP Prime G2",12
"zephray/prinux","https://github.com/zephray/prinux","Tools and scripts for running Linux on HP Prime calculator",29
"imbushuo/PrimeG2Pkg","https://github.com/imbushuo/PrimeG2Pkg","Running Windows on smartphone is not new. How about a calculator?",68
"zephray/cpuid-nspire","https://github.com/zephray/cpuid-nspire","CPUID tool for TI-Nspire series of calculators (for now)",2
"Arnie97/clock-tuner","https://github.com/Arnie97/clock-tuner","Tweaks clock frequency of HP 39gs to play retro System RPL games",16
"Bogdan-Lyashenko/js-code-to-svg-flowchart","https://github.com/Bogdan-Lyashenko/js-code-to-svg-flowchart","js2flowchart - a visualization library to convert any JavaScript code into beautiful SVG flowchart. Learn otherâ€™s code. Design your code. Refactor code. Document code. Explain code.",6327
"aozorahack/aozorabunko_text","https://github.com/aozorahack/aozorabunko_text","text-only archives of www.aozora.gr.jp",45
"itchyny/rexdep","https://github.com/itchyny/rexdep","Roughly extract dependency relation from source code",165
"defunkt/gist","https://github.com/defunkt/gist","Potentially the best command line gister.",3703
"lebab/lebab","https://github.com/lebab/lebab","Turn your ES5 code into readable ES6. Lebab does the opposite of what Babel does.",5487
"rhasumi/dynamicmodels","https://github.com/rhasumi/dynamicmodels","ã€å‹•å­¦ãƒã‚¯ãƒ­çµŒæ¸ˆå­¦ã¸ã®ã„ã–ãªã„ã€ãƒ—ãƒ­ã‚°ãƒ©ãƒ ",11
"AssemblyScript/assemblyscript","https://github.com/AssemblyScript/assemblyscript","A TypeScript-like language for WebAssembly.",13422
"sindresorhus/css-in-readme-like-wat","https://github.com/sindresorhus/css-in-readme-like-wat","Style your readme using CSS with this simple trick",4773
"liamg/gitjacker","https://github.com/liamg/gitjacker","ğŸ”ª :octocat: Leak git repositories from misconfigured websites",1360
"glinscott/Garbochess-JS","https://github.com/glinscott/Garbochess-JS","A strong javascript chess engine using WebWorkers",289
"gsingh93/gdl-parser","https://github.com/gsingh93/gdl-parser","A parser for GDL (game description language)",8
"GlukKazan/DagazServer","https://github.com/GlukKazan/DagazServer",,4
"LipersInSlums/LipersInSlums.github.io","https://github.com/LipersInSlums/LipersInSlums.github.io",,2
"p-ranav/awesome-hpp","https://github.com/p-ranav/awesome-hpp","A curated list of awesome header-only C++ libraries",1703
"azu/awesome-commit-english","https://github.com/azu/awesome-commit-english","ã‚³ãƒŸãƒƒãƒˆè‹±èªã«ã¤ã„ã¦ã®è¨˜äº‹ã¾ã¨ã‚",828
"sindresorhus/github-markdown-css","https://github.com/sindresorhus/github-markdown-css","The minimal amount of CSS to replicate the GitHub Markdown style",6057
"AlDanial/cloc","https://github.com/AlDanial/cloc","cloc counts blank lines, comment lines, and physical lines of source code in many programming languages.",13412
"emilk/hobogo","https://github.com/emilk/hobogo","Rust + WASM experiment",32
"emilk/egui","https://github.com/emilk/egui","egui: an easy-to-use immediate mode GUI in Rust that runs on both web and native",7262
"niklasf/python-chess","https://github.com/niklasf/python-chess","A chess library for Python, with move generation and validation, PGN parsing and writing, Polyglot opening book reading, Gaviota tablebase probing, Syzygy tablebase probing, and UCI/XBoard engine communication",1660
"yadox666/The-Hackers-Hardware-Toolkit","https://github.com/yadox666/The-Hackers-Hardware-Toolkit","The best hacker's gadgets for Red Team pentesters and security researchers.",1841
"edsu/itstimeihadsometimealone","https://github.com/edsu/itstimeihadsometimealone","Some code to examine and modify your experience of Twitter.",11
"moebooru/moebooru","https://github.com/moebooru/moebooru","Moebooru, a fork of danbooru1 that has been heavily modified",392
"sozysozbot/cerke","https://github.com/sozysozbot/cerke","ãƒ‘ã‚¤ã‚°å°†æ£‹/æœºæˆ¦/cerke/cetkaik/cet2 kaik",3
"sozysozbot/cerke_modeling","https://github.com/sozysozbot/cerke_modeling",,1
"sindresorhus/awesome","https://github.com/sindresorhus/awesome","ğŸ˜ Awesome lists about all kinds of interesting topics",187794
"Bogdan-Lyashenko/codecrumbs","https://github.com/Bogdan-Lyashenko/codecrumbs","Learn, design or document codebase by putting breadcrumbs in source code. Live updates, multi-language support and more.",2591
"Gedevan-Aleksizde/20190703_ML_ECON","https://github.com/Gedevan-Aleksizde/20190703_ML_ECON","Tokyo.R #80 è¨ˆé‡çµŒæ¸ˆå­¦ã¨æ©Ÿæ¢°å­¦ç¿’ã®é–¢ä¿‚ â€“AI ã¯ã•ã ã‚, ã•ã ã‚ã¯åäº‹å®Ÿ ",5
"QwerbyKing/VC-US","https://github.com/QwerbyKing/VC-US","Visual Chess: Undercarriage Syndicate is a chess framework designed with compatibility with Betza Notation",1
"isoraqathedh/betza","https://github.com/isoraqathedh/betza","Item for transforming betza notation into movement diagrams.",1
"bookmarks-tools/bookmarks-parser","https://github.com/bookmarks-tools/bookmarks-parser",":bookmark: Parses Firefox/Chrome HTML bookmarks files",28
"PKSHATechnology-Research/tdmelodic","https://github.com/PKSHATechnology-Research/tdmelodic","A Japanese accent dictionary generator",68
"FyroxEngine/Fyrox","https://github.com/FyroxEngine/Fyrox","3D and 2D game engine written in Rust",3288
"mi-g/jocly","https://github.com/mi-g/jocly","Javascript library and tools to provide user interface (2D, 3D, VR) and engine for playing board games",50
"slatedocs/slate","https://github.com/slatedocs/slate","Beautiful static documentation for your API",33636
"kgtkr/twitter-block-checker","https://github.com/kgtkr/twitter-block-checker",,3
"Taraflex/Back2stackoverflow","https://github.com/Taraflex/Back2stackoverflow","Userscript for redirect to stackoverflow.com from machine-translated sites",294
"lichess-org/chessground","https://github.com/lichess-org/chessground","Mobile/Web chess UI for lichess.org",670
"trozler/myFourierEpicycles","https://github.com/trozler/myFourierEpicycles","An article thats lets the user draw their own fourier epicycle. The site also gives a brief explanation of the mathematics connecting fourier series and revolving epicycles.",36
"GlukKazan/GlukKazan.github.io","https://github.com/GlukKazan/GlukKazan.github.io","Dagaz Demo",12
"GlukKazan/Dagaz","https://github.com/GlukKazan/Dagaz",,38
"yaneurao/MyShogi","https://github.com/yaneurao/MyShogi","ãƒã‚¤ãƒŠãƒ“ã•ã‚“ã‹ã‚‰ç™ºå£²ã—ãŸã€å°†æ£‹ç¥ã‚„ã­ã†ã‚‰ç‹ã€(2018å¹´ç™ºå£²)ã®å°†æ£‹ç”¨GUIã§ã™ã€‚",75
"gunyarakun/python-shogi","https://github.com/gunyarakun/python-shogi","A pure Python shogi library with move generation and validation and handling of common formats.",149
"Ludeme/LudiiExampleAI","https://github.com/Ludeme/LudiiExampleAI","Project with examples for the implementation of third-party AI algorithms / agents for the Ludii general game system.",21
"snakajima/game-compiler","https://github.com/snakajima/game-compiler","Game 80 compiler, which I've created when I was 18 ('79)",16
"akicho8/shogi-player","https://github.com/akicho8/shogi-player","å°†æ£‹ã®æ£‹è­œã‚’å†ç”Ÿã—ãŸã‚Šç›¤é¢ã‚’ç·¨é›†ã—ãŸã‚Šã—ã¾ã™",38
"yaneurao/Ayane","https://github.com/yaneurao/Ayane","python Adaptor to YaneuraOu",28
"ymgaq/AQ","https://github.com/ymgaq/AQ","A Go game engine. Download here: http://github.com/ymgaq/AQ/releases",312
"ymgaq/Pyaq","https://github.com/ymgaq/Pyaq","Pyaqã¯Pythonã®ã¿ã§å®Ÿè£…ã•ã‚ŒãŸå›²ç¢ãƒ—ãƒ­ã‚°ãƒ©ãƒ ã§ã™ã€‚æ·±å±¤å­¦ç¿’ã‚’å­¦ã¶ãŸã‚ã®æ•™è‚²ç›®çš„ã®ã‚³ãƒ¼ãƒ‰ã§ã™ã€‚",113
"boardgameio/boardgame.io","https://github.com/boardgameio/boardgame.io","State Management and Multiplayer Networking for Turn-Based Games",8990
"ddugovic/Stockfish","https://github.com/ddugovic/Stockfish","BETA multi-variant fork of popular UCI chess engine; final release for now",121
"ianfab/Fairy-Stockfish","https://github.com/ianfab/Fairy-Stockfish","chess variant engine supporting Xiangqi, Shogi, Janggi, Makruk, S-Chess, Crazyhouse, Bughouse, and many more",212
"j6k1/USIAgent","https://github.com/j6k1/USIAgent","USIãƒ—ãƒ­ãƒˆã‚³ãƒ«ã«å¯¾å¿œã—ãŸå°†æ£‹AIã‚’é–‹ç™ºã™ã‚‹ãŸã‚ã®ãƒ•ãƒ¬ãƒ¼ãƒ ãƒ¯ãƒ¼ã‚¯",1
"makudenki/libshogi","https://github.com/makudenki/libshogi",,10
"Omega-Numworks/Omega","https://github.com/Omega-Numworks/Omega","Omega 1.23, the next evolution of Epsilon! Now available for your Numworks calculator!",197
"david-pfx/Polygamo","https://github.com/david-pfx/Polygamo","Polygamo is a language compiler and general player for abstract games and puzzles.",9
"mi-g/joclyboard","https://github.com/mi-g/joclyboard","Multiplatform 3D/2D desktop application for playing board games",35
"greymd/teip","https://github.com/greymd/teip","Select partial standard input and replace with the result of another command efficiently",314
"jw0k/serial2ti83","https://github.com/jw0k/serial2ti83","A program for Arduino Uno that makes it possible to connect a TI-83 calculator to a computer",36
"jwasham/coding-interview-university","https://github.com/jwasham/coding-interview-university","A complete computer science study plan to become a software engineer.",206486
"yaneurao/YaneuraOu","https://github.com/yaneurao/YaneuraOu","YaneuraOu is the World's Strongest Shogi engine(AI player) , WCSC29 1st winner , educational and USI compliant engine.",372
"na2hiro/Shogi.js","https://github.com/na2hiro/Shogi.js","A simple shogi library for JavaScript / TypeScript",48
"fulldecent/system-bus-radio","https://github.com/fulldecent/system-bus-radio","Transmits AM radio on computers without radio transmitting hardware.",5857
"na2hiro/json-kifu-format","https://github.com/na2hiro/json-kifu-format","JSONæ£‹è­œãƒ•ã‚©ãƒ¼ãƒãƒƒãƒˆ(JKF)ã®å®šç¾©ã¨KIF, KI2, CSAã‹ã‚‰ã®å¤‰æ›ãƒ©ã‚¤ãƒ–ãƒ©ãƒª",73
"chromedp/chromedp","https://github.com/chromedp/chromedp","A faster, simpler way to drive browsers supporting the Chrome DevTools Protocol.",7216
"postmanlabs/newman","https://github.com/postmanlabs/newman","Newman is a command-line collection runner for Postman",5668
"approvers/RADWIMPS","https://github.com/approvers/RADWIMPS","å›ã® then-then-then ä¸–ã¯ Promise ã§ Future",245
"LumaKernel/dotfiles","https://github.com/LumaKernel/dotfiles","â­ My own world.",12
"subhra74/xdm","https://github.com/subhra74/xdm","Powerfull download accelerator and video downloader",3386
"tanakh/easy-scraper","https://github.com/tanakh/easy-scraper","Easy scraping library",173
"fujitsu/A64FX","https://github.com/fujitsu/A64FX",,389
"gfngfn/SATySFi","https://github.com/gfngfn/SATySFi","A statically-typed, functional typesetting system",908
"Neutrino-1/esp-oled-firebase","https://github.com/Neutrino-1/esp-oled-firebase","0.91"" inch OLED and an esp8266-12E, which is integrated to firebase to fetch text file and send and receive a text message",94
"go-shiori/shiori","https://github.com/go-shiori/shiori","Simple bookmark manager built with Go",5390
"omegasisters/homepage","https://github.com/omegasisters/homepage","ãŠã‚ã‚·ã‚¹ã®ãƒ›ãƒ¼ãƒ ãƒšãƒ¼ã‚¸ã‚’ä½œã‚ŠãŸã„",560
"yusukesaitoh/calm-twitter","https://github.com/yusukesaitoh/calm-twitter","This extension hides trending information from twitter timelines to make your mind calm.",118
"eramdam/BetterTweetDeck","https://github.com/eramdam/BetterTweetDeck","A browser extension to improve TweetDeck with a lot of features",876
"FujiMakoto/twitter-saucenao","https://github.com/FujiMakoto/twitter-saucenao","A Twitter bot that utilizes the SauceNao API to find the source of images or anime screencaps",238
"ceceradio/twitter-block-chain","https://github.com/ceceradio/twitter-block-chain","Chrome extension to block all users on a followers/following page.",215
"IndieVisualLab/UnityGraphicsProgrammingSeries","https://github.com/IndieVisualLab/UnityGraphicsProgrammingSeries","æ›¸ç±ã€ŒUnity Graphics Programmingã€ã‚·ãƒªãƒ¼ã‚ºã®PDFã‚³ãƒ¬ã‚¯ã‚·ãƒ§ãƒ³",626
"SciML/SciMLBook","https://github.com/SciML/SciMLBook","Parallel Computing and Scientific Machine Learning (SciML): Methods and Applications (MIT 18.337J/6.338J)",1298
"Reputeless/Xoshiro-cpp","https://github.com/Reputeless/Xoshiro-cpp","Header-only Xoshiro/Xoroshiro PRNG wrapper library for modern C++ (C++17/C++20)",90
"akameco/pixiv-app-api","https://github.com/akameco/pixiv-app-api","Promise base pixiv API client",205
"bokuweb/lifegameboy","https://github.com/bokuweb/lifegameboy","ğŸ¦€ Conway's Game of Life written in Rust on GameBoyAdvance",52
"flybayer/twitter-bookmarks-search","https://github.com/flybayer/twitter-bookmarks-search","WebExtension that adds ability search all your bookmarked tweets!",109
"soulmachine/machine-learning-cheat-sheet","https://github.com/soulmachine/machine-learning-cheat-sheet","Classical equations and diagrams in machine learning",5316
"onitama/OpenHSP","https://github.com/onitama/OpenHSP","Hot Soup Processor (HSP3)",112
"nagadomi/waifu2x","https://github.com/nagadomi/waifu2x","Image Super-Resolution for Anime-Style Art",23077
"lltcggie/waifu2x-caffe","https://github.com/lltcggie/waifu2x-caffe","waifu2xã®Caffeç‰ˆ",6568
"jsvine/markovify","https://github.com/jsvine/markovify","A simple, extensible Markov chain generator.",2951
"yuiseki/twint-gyazo","https://github.com/yuiseki/twint-gyazo","Pythonã§æ›¸ã‹ã‚ŒãŸã€Twitterã®æŒ‡å®šã—ãŸãƒ¦ãƒ¼ã‚¶ãƒ¼ã®ç”»åƒã‚’å…¨éƒ¨Gyazoã«ã‚¢ãƒƒãƒ—ãƒ­ãƒ¼ãƒ‰ã™ã‚‹ã‚¹ã‚¯ãƒªãƒ—ãƒˆ",42
"koshian2/DeepCreamPyBook","https://github.com/koshian2/DeepCreamPyBook",,4
"danbooru/danbooru","https://github.com/danbooru/danbooru","A taggable image board written in Rails.",1304
"LandGrey/pydictor","https://github.com/LandGrey/pydictor","A powerful and useful hacker dictionary builder for a brute-force attack",2118
"violentmonkey/violentmonkey","https://github.com/violentmonkey/violentmonkey","Violentmonkey provides userscripts support for browsers. It works on browsers with WebExtensions support.",2742
"5ebec/arcard","https://github.com/5ebec/arcard","AR Business Card",5
"Mottl/GetOldTweets3","https://github.com/Mottl/GetOldTweets3","A Python 3 library and a corresponding command line utility for accessing old tweets",344
"discord/discord-api-docs","https://github.com/discord/discord-api-docs","Official Discord API Documentation",4019
"wenyan-lang/wenyan","https://github.com/wenyan-lang/wenyan","æ–‡è¨€æ–‡ç·¨ç¨‹èªè¨€ A programming language for the ancient Chinese.",17922
"2SC1815J/ndldl_utils","https://github.com/2SC1815J/ndldl_utils","å›½ç«‹å›½ä¼šå›³æ›¸é¤¨ãƒ‡ã‚¸ã‚¿ãƒ«ã‚³ãƒ¬ã‚¯ã‚·ãƒ§ãƒ³é–²è¦§ç”»é¢å‘ã‘ãƒ¦ãƒ¼ã‚¶ã‚¹ã‚¯ãƒªãƒ—ãƒˆï¼ˆã‚¢ãƒ‰ãƒ¬ã‚¹ãƒãƒ¼ã‚’ç¾åœ¨è¡¨ç¤ºä¸­ã®ã‚³ãƒã®URLã«æ›´æ–°ãªã©ï¼‰",5
"taspinar/twitterscraper","https://github.com/taspinar/twitterscraper","Scrape Twitter for Tweets",1977
"bisguzar/twitter-scraper","https://github.com/bisguzar/twitter-scraper","Scrape the Twitter Frontend API without authentication.",3076
"twintproject/twint","https://github.com/twintproject/twint","An advanced Twitter scraping & OSINT tool written in Python that doesn't use Twitter's API, allowing you to scrape a user's followers, following, Tweets and more while evading most API limitations.",12410
"akameco/PixivDeck","https://github.com/akameco/PixivDeck",":two_hearts: pixiv client for Desktop like TweetDeck :two_hearts:",418
"Xdynix/PixivPixie","https://github.com/Xdynix/PixivPixie","User-friendly Pixiv API based on PixivPy",22
"kiwibrowser/android","https://github.com/kiwibrowser/android","This repository is archived, and is now transferred to https://github.com/kiwibrowser/src",625
"crclayton/Flat-50G","https://github.com/crclayton/Flat-50G","A modern skin for the emu48 HP-50G emulator. ",22
"dgis/emu48android","https://github.com/dgis/emu48android","Emu48 for Android",24
"mkizka/MTDeck","https://github.com/mkizka/MTDeck","TweetDeckã‚’ã‚¹ãƒãƒ›ã‚¢ãƒ—ãƒªã®ã‚ˆã†ã«ä½¿ãˆã‚‹ã‚ˆã†ã«ã™ã‚‹UserScript",24
"Rplus/Evangelion-Hexagon-style-calculator","https://github.com/Rplus/Evangelion-Hexagon-style-calculator","Evangelion Hexagon style calculator",5
"kgtkr/twitter-mute-sync","https://github.com/kgtkr/twitter-mute-sync",,2
"dutiyesh/chrome-extension-cli","https://github.com/dutiyesh/chrome-extension-cli","ğŸš€ The CLI for your next Chrome Extension",613
"w3c/danmaku","https://github.com/w3c/danmaku","Bullet Chatting Proposal",227
"internetarchive/liveweb","https://github.com/internetarchive/liveweb","Liveweb proxy of the Wayback Machine project",40
"egotter/egotter","https://github.com/egotter/egotter","egotter",29
"CCharlieLi/bookmark-parser","https://github.com/CCharlieLi/bookmark-parser","Find and parse Firefox/Chrome bookmark HTML and jsonlz4 file into useable JSON object or export as JSON file.",35
"nagix/mini-tokyo-3d","https://github.com/nagix/mini-tokyo-3d","A real-time 3D digital map of Tokyo's public transport system",1680
"upbit/pixivpy","https://github.com/upbit/pixivpy","Pixiv API for Python",1286
"jeffersonbailey/web-archive-apis-workshop","https://github.com/jeffersonbailey/web-archive-apis-workshop","Scripts and such for workshops on web archive APIs",6
"iipc/openwayback","https://github.com/iipc/openwayback","The OpenWayback Development",406
"EzoeRyou/cpp-intro","https://github.com/EzoeRyou/cpp-intro","Beginner's guide for C++",584
"bwmarrin/discordgo","https://github.com/bwmarrin/discordgo"," (Golang) Go bindings for Discord",2712
"kawax/headless-chrome-google-login","https://github.com/kawax/headless-chrome-google-login",,2
"dls/house","https://github.com/dls/house","Haskell Operating System",105
"Just-Some-Bots/MusicBot","https://github.com/Just-Some-Bots/MusicBot",":musical_note: The original MusicBot for Discord (formerly SexualRhinoceros/MusicBot)",2788
"geekodour/twitmarks","https://github.com/geekodour/twitmarks","Twitter Bookmarks for the Web and Desktop - Browser Extension",23
"nagataniyoshiki/FDTD_language_comparison","https://github.com/nagataniyoshiki/FDTD_language_comparison","2-D FDTD - Language Comparison",16
"shiguredo/momo","https://github.com/shiguredo/momo","WebRTC Native Client Momo",581
"dc1394/SchracVisualize2","https://github.com/dc1394/SchracVisualize2","ã€ŒSchracã€ãªã©ã®è¨ˆç®—çµæœã®ã‚¢ã‚¦ãƒˆãƒ—ãƒƒãƒˆãƒ•ã‚¡ã‚¤ãƒ«ã‚’èª­ã¿è¾¼ã¿ã€å¯è¦–åŒ–ã™ã‚‹ã‚³ãƒ¼ãƒ‰ã§ã™",10
"bolero-MURAKAMI/Sprout","https://github.com/bolero-MURAKAMI/Sprout","C++11/14 constexpr based Containers, Algorithms, Random numbers, Parsing, Ray tracing, Synthesizer, and others.",770
"0918nobita/Portfolio","https://github.com/0918nobita/Portfolio","ãƒãƒ¼ãƒˆãƒ•ã‚©ãƒªã‚ª",6
"zhanrnl/PyMusAnim","https://github.com/zhanrnl/PyMusAnim","Clone of Stephen Malinowski's Music Animation Machine in Python",23
"ArchiveBox/ArchiveBox","https://github.com/ArchiveBox/ArchiveBox","ğŸ—ƒ Open source self-hosted web archiving. Takes URLs/browser history/bookmarks/Pocket/Pinboard/etc., saves HTML, JS, PDFs, media, and more...",12664
"sys-fork/helloworld_freestanding","https://github.com/sys-fork/helloworld_freestanding",,5
"joke2k/faker","https://github.com/joke2k/faker","Faker is a Python package that generates fake data for you.",13689
"internetarchive/wayback","https://github.com/internetarchive/wayback","IA's public Wayback Machine (moved from SourceForge)",508
"sunsetyuhi/fem_py","https://github.com/sunsetyuhi/fem_py","FEM programs written in Python 3.",7
"terjanq/JS-Alpha","https://github.com/terjanq/JS-Alpha","Funny project to create an encoder/obfuscator that converts any javascript code into a code that only consist of /[a-z().]/ characters",63
"palewire/archiveis","https://github.com/palewire/archiveis","A simple Python wrapper for the archive.is capturing service",148
"ShinyaKato/saizeriya-1000yen-knapsack","https://github.com/ShinyaKato/saizeriya-1000yen-knapsack","ã€Œã‚µã‚¤ã‚¼ãƒªãƒ¤ã§1000å††ã‚ã‚Œã°æœ€å¤§ä½•kcalæ‘‚ã‚Œã‚‹ã®ã‹ã€ã‚’å‹•çš„è¨ˆç”»æ³•ã§è§£ã„ã¦ã¿ãŸ",12
"microsoft/SPTAG","https://github.com/microsoft/SPTAG","A distributed approximate nearest neighborhood search (ANN) library which provides a high quality vector index build, search and distributed online serving toolkits for large scale vector search scenario.",4156
"stewartmcgown/uds","https://github.com/stewartmcgown/uds","Unlimited Drive Storage by splitting binary files into base64",4225
"stefano/wasm-forth","https://github.com/stefano/wasm-forth","A Forth implementation compiling to WebAssembly.",103
"bartobri/no-more-secrets","https://github.com/bartobri/no-more-secrets","A command line tool that recreates the famous data decryption effect seen in the 1992 movie Sneakers.",5094
"oitofelix/8f-userrpl-kernel","https://github.com/oitofelix/8f-userrpl-kernel","8F UserRPL Kernel",2
"scala-text/scala_text","https://github.com/scala-text/scala_text","Scalaå­¦ç¿’ç”¨ãƒ†ã‚­ã‚¹ãƒˆ",467
"AsPJT/DungeonTemplateLibrary","https://github.com/AsPJT/DungeonTemplateLibrary","ğŸŒ: Dungeon free resources (terrain & roguelike generation)",778
"o2sh/onefetch","https://github.com/o2sh/onefetch","Git repository summary on your terminal",3742
"kenkoooo/AtCoderProblems","https://github.com/kenkoooo/AtCoderProblems","Extend your AtCoder",906
"jiro4989/textimg","https://github.com/jiro4989/textimg","Command to convert from color text (ANSI or 256) to image.",127
"busyloop/lolcat","https://github.com/busyloop/lolcat","Rainbows and unicorns!",4867
"palewire/savepagenow","https://github.com/palewire/savepagenow","A simple Python wrapper for archive.org's ""Save Page Now"" capturing service",116
"ArchiveTeam/ArchiveBot","https://github.com/ArchiveTeam/ArchiveBot","ArchiveBot, an IRC bot for archiving websites",263
"leftCoast/RPN_Calculator","https://github.com/leftCoast/RPN_Calculator","Code for the RPN Calculator",5
"ArchiveTeam/grab-site","https://github.com/ArchiveTeam/grab-site","The archivist's web crawler: WARC output, dashboard for all crawls, dynamic ignore patterns",819
"chakravala/Grassmann.jl","https://github.com/chakravala/Grassmann.jl","âŸ¨Leibniz-Grassmann-CliffordâŸ© differential geometric algebra / multivector simplicial complex",351
"yt8492/SeihekiAnalyzer","https://github.com/yt8492/SeihekiAnalyzer","DLsiteã®è³¼å…¥å±¥æ­´ã‹ã‚‰ã‚ãªãŸã®æ€§ç™–æš´ãã¾ã™",67
"rust-embedded/rust-raspberrypi-OS-tutorials","https://github.com/rust-embedded/rust-raspberrypi-OS-tutorials",":books: Learn to write an embedded OS in Rust :crab:",7580
"boricj/ripem","https://github.com/boricj/ripem","Native programming on HP Prime G1 the hard way",22
"FabioLolix/LinuxTimeline","https://github.com/FabioLolix/LinuxTimeline","Linux Distributions Timeline",1036
"GitSquared/edex-ui","https://github.com/GitSquared/edex-ui","A cross-platform, customizable science fiction terminal emulator with advanced monitoring & touchscreen support.",34955
"egison/differential-geometry","https://github.com/egison/differential-geometry","Egison programs for basic calculations in differential geometry",5
"webrecorder/warcit","https://github.com/webrecorder/warcit","Convert Directories, Files and ZIP Files to Web Archives (WARC)",61
"greymd/cureutils","https://github.com/greymd/cureutils","Useful command line tool for Japanese battle heroine Pretty Cure (Precure).",53
"gtsiros/RPNET","https://github.com/gtsiros/RPNET","RPL implemented on .NET",6
"Rhizome-Conifer/conifer","https://github.com/Rhizome-Conifer/conifer","Collect and revisit web pages.",1332
"KeelyHill/tuppers-formula","https://github.com/KeelyHill/tuppers-formula","A small web app that allows the simple creation and decoding of Tupper's self-referential formula.",52
"aiekick/glsl-marching-cubes","https://github.com/aiekick/glsl-marching-cubes","WebGL Signed Distance Function Mesher",22
"Tyrrrz/DiscordChatExporter","https://github.com/Tyrrrz/DiscordChatExporter","Exports Discord chat logs to a file",3376
"theoremoon/ShellgeiBot","https://github.com/theoremoon/ShellgeiBot","ã‚·ã‚§ãƒ«èŠ¸ã‚’å®Ÿè¡Œã—ã¡ã‚ƒã†å±é™ºãªbot",138
"yhay81/ja-translation-todo","https://github.com/yhay81/ja-translation-todo","æ—¥æœ¬èªã¸ã®ç¿»è¨³ã§ã‚³ãƒ³ãƒˆãƒªãƒ“ãƒ¥ãƒ¼ãƒˆã§ãã‚‹GitHubã®ãƒªãƒã‚¸ãƒˆãƒªãƒªã‚¹ãƒˆ",30
"relarar/Blender-AnimeHairSupporter","https://github.com/relarar/Blender-AnimeHairSupporter","Blenderç”¨ã®ã‚¢ãƒ‹ãƒ¡é«ªä½œæˆæ”¯æ´ã‚¢ãƒ‰ã‚ªãƒ³",78
"Taremin/Blender-AnimeHairSupporter","https://github.com/Taremin/Blender-AnimeHairSupporter","Blenderç”¨ã®ã‚¢ãƒ‹ãƒ¡é«ªä½œæˆæ”¯æ´ã‚¢ãƒ‰ã‚ªãƒ³",28
"oduwsdl/ipwb","https://github.com/oduwsdl/ipwb","InterPlanetary Wayback: A distributed and persistent archive replay system using IPFS",440
"prasmussen/gdrive","https://github.com/prasmussen/gdrive","Google Drive CLI Client",7796
"trycycle/wikipedia-downloader","https://github.com/trycycle/wikipedia-downloader","A Python script for downloading Wikipedia data dump files",1
"ciffelia/EgoSearcher","https://github.com/ciffelia/EgoSearcher","Automated egosearching on Twitter",3
"WikiTeam/wikiteam","https://github.com/WikiTeam/wikiteam","Tools for downloading and preserving wikis. We archive wikis, from Wikipedia to tiniest wikis. As of 2020, WikiTeam has preserved more than 250,000 wikis.",466
"ciffelia/Rotatter","https://github.com/ciffelia/Rotatter","Rotate your Twitter icon!",3
"hamukazu/lets-get-arrested","https://github.com/hamukazu/lets-get-arrested","This project is intended to protest against the police in Japan",3815
"heilingbrunner/vscode-hp42s-free42","https://github.com/heilingbrunner/vscode-hp42s-free42","Language support for HP42S/free42 programming language.",8
"torobomath/benchmark","https://github.com/torobomath/benchmark",,7
"rockdaboot/wget2","https://github.com/rockdaboot/wget2","The successor of GNU Wget. Contributions preferred at https://gitlab.com/gnuwget/wget2. But accepted here as well ğŸ˜",294
"taba256/nicoseiga-download","https://github.com/taba256/nicoseiga-download","ãƒ‹ã‚³ãƒ‹ã‚³é™ç”»(ãƒãƒ³ã‚¬)ã®ä½œå“ã‚’ã€zipãƒ•ã‚¡ã‚¤ãƒ«ã«åœ§ç¸®ã—ã¦ãƒ€ã‚¦ãƒ³ãƒ­ãƒ¼ãƒ‰ã§ãã¾ã™ã€‚",7
"internetarchive/heritrix3","https://github.com/internetarchive/heritrix3","Heritrix is the Internet Archive's open-source, extensible, web-scale, archival-quality web crawler project.  ",2130
"iipc/awesome-web-archiving","https://github.com/iipc/awesome-web-archiving","An Awesome List for getting started with web archiving",1083
"EbookFoundation/free-programming-books","https://github.com/EbookFoundation/free-programming-books",":books: Freely available programming books",220820
"netdata/netdata","https://github.com/netdata/netdata","Real-time performance monitoring, done right! https://www.netdata.cloud",57586
"tldr-pages/tldr","https://github.com/tldr-pages/tldr","ğŸ“š Collaborative cheatsheets for console commands",37141
"ilia-luk/pimpMyVscodeTerminal","https://github.com/ilia-luk/pimpMyVscodeTerminal","Pimp my vscode terminal with tmux sessions",5
"zettsu-t/cPlusPlusFriend","https://github.com/zettsu-t/cPlusPlusFriend","The programmer-tan bot",8
"erikw/tmux-powerline","https://github.com/erikw/tmux-powerline","A hackable statusbar for tmux consisting of dynamic & beautiful looking segments, inspired by vim-powerlline, written purely in bash.",2818
"xtrm0/XtrmCAS","https://github.com/xtrm0/XtrmCAS","A computer algebra system in C",7
"rastapasta/mapscii","https://github.com/rastapasta/mapscii","ğŸ—º  MapSCII is a Braille & ASCII world map renderer for your console - enter => telnet mapscii.me <= on Mac (brew install telnet) and Linux, connect with PuTTY on Windows",5963
"NVIDIAGameWorks/PhysX-3.4","https://github.com/NVIDIAGameWorks/PhysX-3.4","NVIDIA PhysX SDK 3.4",2245
"be5invis/vscode-custom-css","https://github.com/be5invis/vscode-custom-css","Custom CSS Plugin for Visual Studio Code. Based on vscode-icon",602
"hironobu-s/conoha-ojs","https://github.com/hironobu-s/conoha-ojs","CLI-tool for ConoHa Object Storage",33
"allanino/sci-hub-fy","https://github.com/allanino/sci-hub-fy","Chrome extension to append sci-hub.org to tab domain.",397
"rayfill/wwwdll","https://github.com/rayfill/wwwdll",,1
"CloudRemix/geocities","https://github.com/CloudRemix/geocities","Geocities URL List",5
"wizardbible/wizardbible.github.io","https://github.com/wizardbible/wizardbible.github.io","Hack, Crack, Reverse engineering and so on...",37
"koike/hsp.rtm","https://github.com/koike/hsp.rtm","Visual Studio Code Extension for Real-Time Debugging in HSP",14
"kaityo256/sevendayshpc","https://github.com/kaityo256/sevendayshpc","ä¸€é€±é–“ã§ãªã‚Œã‚‹ï¼ã‚¹ãƒ‘ã‚³ãƒ³ãƒ—ãƒ­ã‚°ãƒ©ãƒ",470
"tenpoku1000/tenpoku-book","https://github.com/tenpoku1000/tenpoku-book","é›»å­æ›¸ç±ï¼š x64 UEFI å¯¾å¿œ OS è‡ªä½œå…¥é–€ https://tenpoku1000.gitbook.io/tenpoku-book/",44
"cambecc/air","https://github.com/cambecc/air","a project to visualize Tokyo wind and air pollutants",444
"DV8FromTheWorld/JDA","https://github.com/DV8FromTheWorld/JDA","Java wrapper for the popular chat & VOIP service: Discord https://discord.com",2736
"jagrosh/MusicBot","https://github.com/jagrosh/MusicBot","ğŸ¶ A Discord music bot that's easy to set up and run yourself!",2980
"JDA-Applications/JDA-Utilities","https://github.com/JDA-Applications/JDA-Utilities","A series of tools and utilities for JDA to assist in bot creation",203
"typelevel/cats","https://github.com/typelevel/cats","Lightweight, modular, and extensible library for functional programming.",4596
"comp-prog-jp-library-standard/competitive-programming-library","https://github.com/comp-prog-jp-library-standard/competitive-programming-library","ç«¶æŠ€ãƒ—ãƒ­ã‚°ãƒ©ãƒŸãƒ³ã‚°ç”¨å…±é€šãƒ©ã‚¤ãƒ–ãƒ©ãƒª",45
"yosukesakai/guideline_for_procedure_of_open_project","https://github.com/yosukesakai/guideline_for_procedure_of_open_project",,12
"FinalTheory/Calculator","https://github.com/FinalTheory/Calculator","è®¡ç®—æ–¹æ³•è€ƒè¯•ä¸“ç”¨æ’ä»¶",6
"Fabien-Chouteau/GESTE","https://github.com/Fabien-Chouteau/GESTE","GEneric Sprite and Tile Engine",12
"dempfi/ayu","https://github.com/dempfi/ayu","ğŸ¨ğŸ–Œ Modern Sublime Text theme",3949
"karminski/EVA-theme","https://github.com/karminski/EVA-theme","EVA(Neon Genesis Evangelion) style  custom UI themes for Sublime Text 2",34
"nDroidProject/nDroid-bootloader","https://github.com/nDroidProject/nDroid-bootloader","nDroid Bootloader Source Tree",13
"evanw/webgl-water","https://github.com/evanw/webgl-water","WebGL Water Demo",734
"wapiflapi/binglide","https://github.com/wapiflapi/binglide","Visual reverse engineering tool. Veles is better, use it. Don't use this.",571
"s-matyukevich/raspberry-pi-os","https://github.com/s-matyukevich/raspberry-pi-os","Learning operating system development using Linux kernel and Raspberry Pi",11139
"uchan-nos/git-extract-tags","https://github.com/uchan-nos/git-extract-tags","A tool to support git-based textbook writing",4
"wakabame/2D_wave_FTCS","https://github.com/wakabame/2D_wave_FTCS","solve wave equation by Forward in Time and Centered Difference method and create gif file",2
"itchyny/lightline.vim","https://github.com/itchyny/lightline.vim","A light and configurable statusline/tabline plugin for Vim",5973
"kory33/scala-proofs","https://github.com/kory33/scala-proofs","An attempt to build axiomatic, formal set theory on top of Scala.",35
"Rapptz/discord.py","https://github.com/Rapptz/discord.py","An API wrapper for Discord written in Python.",9400
"hikalium/randlogo","https://github.com/hikalium/randlogo","Random logo generator",5
"NARKOZ/hacker-scripts","https://github.com/NARKOZ/hacker-scripts","Based on a true story",43466
"aozorabunko/aozorabunko","https://github.com/aozorabunko/aozorabunko",,691
"ricsinaruto/Seq2seqChatbots","https://github.com/ricsinaruto/Seq2seqChatbots","A wrapper around tensor2tensor to flexibly train, interact, and generate data for neural chatbots.",474
"yui540/hyper-akari","https://github.com/yui540/hyper-akari","ğŸ¦‹ãƒãƒ­ãƒ¼ã€ãƒã‚¤ãƒ‘ãƒ¼ã‚¢ã‚«ãƒªã ã‚ˆï¼( â€¢Ì€á´—â€¢Ì )/ï¾‹ï¾Ÿï¾›ï¾˜ï¾ğŸ¦‹",87
"arXivTimes/arXivTimes","https://github.com/arXivTimes/arXivTimes","repository to research & share the machine learning articles",3667
"FabianLauer/chrome-vs-code","https://github.com/FabianLauer/chrome-vs-code","A web browser integrated in VS Code editor tabs. :radioactive: experimental :radioactive:",362
"swissmicros/DM42PGM","https://github.com/swissmicros/DM42PGM",,50
"CE-Programming/asm-docs","https://github.com/CE-Programming/asm-docs","Documentation about native assembly programming on the TI CE calculators (84+CE / 83PCE)",30
"jendewalt/jennifer_dewalt","https://github.com/jendewalt/jennifer_dewalt","a.k.a. 180 Websites in 180 Days",1127
"hoffa/nSDL","https://github.com/hoffa/nSDL","SDL for TI-Nspire calculators",28
"yui540/satella.io","https://github.com/yui540/satella.io","ã‚¤ãƒ©ã‚¹ãƒˆã«ã€Œå‘½ã€ã‚’å¹ãè¾¼ã‚€ã‚½ãƒ•ãƒˆã‚¦ã‚§ã‚¢",287
"CE-Programming/toolchain","https://github.com/CE-Programming/toolchain","Toolchain and libraries for C/C++ programming on the TI-84+ CE calculator series",294
"Vane11ope/.files","https://github.com/Vane11ope/.files",,6
"ac100v/bad_apple_fx-9860gii","https://github.com/ac100v/bad_apple_fx-9860gii","Bad Apple!! demonstration on CASIO fx-9860GII",7
"tonsky/FiraCode","https://github.com/tonsky/FiraCode","Free monospaced font with programming ligatures",61797
"EzoeRyou/cpp17book","https://github.com/EzoeRyou/cpp17book","textbook for C++17",373
"EzoeRyou/cpp-book","https://github.com/EzoeRyou/cpp-book","C++11 textbook",572
"EzoeRyou/cpp14-appendix","https://github.com/EzoeRyou/cpp14-appendix","Appendix for C++14 features",45
"alberthdev/spasm-ng","https://github.com/alberthdev/spasm-ng","SPASM-ng is a z80 assembler with extra features to support development for TI calculators. ",58
"KnightOS/kernel","https://github.com/KnightOS/kernel","Kernel for z80 calculators",259
"utz82/HoustonTracker2","https://github.com/utz82/HoustonTracker2","A music editor for TI graphing calculators",170
"csound/csound","https://github.com/csound/csound","Main repository for Csound",930
"chrislgarry/Apollo-11","https://github.com/chrislgarry/Apollo-11","Original Apollo 11 Guidance Computer (AGC) source code for the command and lunar modules.",52442
"algon-320/KIDE","https://github.com/algon-320/KIDE","ã‚³ãƒ³ãƒ‘ã‚¤ãƒ«ãƒ»å®Ÿè¡Œãƒ»ã‚µãƒ³ãƒ—ãƒ«ã‚±ãƒ¼ã‚¹ãƒ†ã‚¹ãƒˆãƒ»æå‡ºãªã©ã‚’è‡ªå‹•åŒ–ã™ã‚‹ç«¶ãƒ—ãƒ­ç”¨ãƒ„ãƒ¼ãƒ« (linux/macå‘ã‘)",6
"KnightOS/KnightOS","https://github.com/KnightOS/KnightOS","OS for z80 calculators",1218
"parrotgeek1/TI-Nspire","https://github.com/parrotgeek1/TI-Nspire","A collection of information, tools, and exploits for TI-Nspire calculators.",26
"numworks/epsilon","https://github.com/numworks/epsilon","Modern graphing calculator operating system.",1341
"Siv3D/OpenSiv3D","https://github.com/Siv3D/OpenSiv3D","C++20 framework for creative coding ğŸ®ğŸ¨ğŸ¹ / Cross-platform support (Windows, macOS, Linux, and the Web) ",629
"ndless-nspire/Luna","https://github.com/ndless-nspire/Luna","Create TNS files from Lua and XML",23
"0xFireball/nspire-nd","https://github.com/0xFireball/nspire-nd","a simple cross-platform (desktop+ndless) 2d graphics lib",2
"osdev-jp/osdev-jp.github.io","https://github.com/osdev-jp/osdev-jp.github.io",,139
"tangrs/nspire-linux-loader2","https://github.com/tangrs/nspire-linux-loader2","A Linux bootloader for Nspire. Supports ATAG and DTB booting.",53
"online-judge-tools/oj","https://github.com/online-judge-tools/oj","Tools for various online judges. Downloading sample cases, generating additional test cases, testing your code, and submitting it.",661
"formulahendry/vscode-code-runner","https://github.com/formulahendry/vscode-code-runner","Code Runner for Visual Studio Code",1640
"Excale/nLaunchy","https://github.com/Excale/nLaunchy","Set of programs and crafted OS updates enabling users to install and launch arbitrary OS updates (especially Linux) on the TI-Nspire calculator.",50
"Vogtinator/nGL","https://github.com/Vogtinator/nGL","3D graphics lib for Ndless (and possibly other systems)",24
"tangrs/nLaunchy","https://github.com/tangrs/nLaunchy",,4
"nspire-emus/firebird","https://github.com/nspire-emus/firebird","Third-party multi-platform emulator of the ARM-based TI-Nspire calculators",441
"ndless-nspire/Ndless","https://github.com/ndless-nspire/Ndless","The TI-Nspire calculator extension for native applications",544
"KaijoComputer/KaijoComputer.github.io","https://github.com/KaijoComputer/KaijoComputer.github.io",,1
"fushigu/kaijo-fes-2017","https://github.com/fushigu/kaijo-fes-2017",,7
