description,html_url,created_at
Linuxのコマンドラインから0001docomoに接続,https://gist.github.com/syuu1228/cde1313e4a216c8bd1e83c7fdaaeab5a,2023-05-19T03:02:31Z
ChatGPT 3.5と4の比較,https://gist.github.com/kaityo256/b462c2cf934f56af3691472e8a777494,2023-04-19T08:28:15Z
エロゲ批評空間におけるWHITE ALBUM2の長文レビューを文字列の長さで降順でソートして表示するSQL。https://erogamescape.dyndns.org/~ap2/ero/toukei_kaiseki/sql_for_erogamer_form.php にコピペすると動かせます。無保証、ライセンスはCC0-1.0です。,https://gist.github.com/eniehack/72f56bdf55b3cb3d12b6a55b055057f1,2023-03-10T02:01:49Z
noteの独自ドメインセッションの脆弱性について報告した件,https://gist.github.com/mala/ce6a9918e2c9ae83856aee803232dab9,2022-12-07T16:42:46Z
日本の宅配会社　追跡をWebでやる　メモ,https://gist.github.com/eggplants/164472b4cbe4710c1c213480bc9281cd,2022-05-29T05:17:20Z
リモートワークスタイルチェック,https://gist.github.com/mugi-uno/a794bc199ce7d663f01a434a6e72504c,2022-03-21T12:59:10Z
全裸ネクタイ効果,https://gist.github.com/greymd/c74a6355b2c361cc890361caa1434358,2022-01-27T01:23:17Z
sudo新一,https://gist.github.com/greymd/7291d1d54587ad6ed401d536e1995b2c,2021-12-26T01:34:06Z
,https://gist.github.com/AumyF/3dc2afb0110094056f15913705cf7800,2021-12-25T09:40:50Z
,https://gist.github.com/Rapptz/4a2f62751b9600a31a0d3c78100287f1,2021-08-28T00:14:51Z
オタク向け yaml_cvのstyle.txt,https://gist.github.com/sksat/bf6f37fbb3d2935300984a287a6ae00b,2021-07-27T21:24:29Z
TypeScriptの設定の良し悪し,https://gist.github.com/azu/56a0411d69e2fc333d545bfe57933d07,2021-03-04T13:48:56Z
Pure ESM package,https://gist.github.com/sindresorhus/a39789f98801d908bbc7ff3ecc99d99c,2021-02-28T09:48:01Z
Pixiv OAuth Flow (with Selenium),https://gist.github.com/upbit/6edda27cb1644e94183291109b8a5fde,2021-02-17T02:42:23Z
Pixiv OAuth Flow,https://gist.github.com/ZipFile/c9ebedb224406f4f11845ab700124362,2021-02-11T21:07:02Z
How to write polymorphic code with JavaScript's plain objects and functions (objects are immutable),https://gist.github.com/qsona/bf4cf9b211bdace58fc24a35c0b8aef5,2021-01-21T15:09:04Z
Smoozサービス終了に寄せて,https://gist.github.com/mala/f443d5d0ba1b46137684e555ade08098,2020-12-23T06:43:07Z
Keychron keyboards on Linux + Bluetooth fixes,https://gist.github.com/andrebrait/961cefe730f4a2c41f57911e6195e444,2020-11-05T15:04:01Z
博士の話,https://gist.github.com/kaityo256/bd73365ec4f756dc305b6f612343d27a,2020-10-26T13:38:39Z
「こころ」携帯小説版,https://gist.github.com/zonuexe/beabdf91bb7a857af5c4d7b6689d37c7,2020-06-12T13:47:17Z
ニコ生 配信情報WebSocketの雑なまとめ,https://gist.github.com/tor4kichi/c5475c8362ee897911e43c46f0918023,2020-06-07T05:14:01Z
生活と意見: ソーシャルディスタンスなどと称してユーザー名や文章にスペースを挟む行為についての苦情,https://gist.github.com/mala/08fdbc680d84bb1b2305688282f26cea,2020-05-10T09:29:25Z
A small state-of-the-art study on custom engines,https://gist.github.com/raysan5/909dc6cf33ed40223eb0dfe625c0de74,2020-04-22T16:06:28Z
sudo apt install chromium-browser chromium-chromedriver python3-selenium -y && sudo apt update && sudo apt -f install -y && pip install selenium,https://gist.github.com/eggplants/7f0288468e51e390f94801762bf7a9c8,2020-01-21T07:47:16Z
,https://gist.github.com/sienori/136f8a0f6cb19857b3ff7ddad72d30d2,2020-01-11T17:59:46Z
Here are some terms to mute on Twitter to clean your timeline up a bit.,https://gist.github.com/IanColdwater/88b3341a7c4c0cf71c73ac56f9bd36ec,2020-01-03T01:01:20Z
"A naive happy path QUnit to Jest jscodeshift converter  ",https://gist.github.com/macku/88661373c0edafc5ece4a00cf5651c9c,2019-11-10T21:41:11Z
pixivpyの関数コメント翻訳,https://gist.github.com/eggplants/9ca4e77e302ed2a8f5d79bb99c3c8db0,2019-10-17T08:32:00Z
pixivpyの関数コメント翻訳,https://gist.github.com/eggplants/8bd70f87061a54c4285ea8c68430a0f2,2019-10-17T08:31:58Z
クリーンアーキテクチャ完全に理解した,https://gist.github.com/mpppk/609d592f25cab9312654b39f1b357c60,2019-09-12T23:39:53Z
各社のログインAPIで返ってくるIDは何であるのかと、PPIDの現状について,https://gist.github.com/mala/a01e543bdc54ff476868baa58fdcc9a9,2019-07-16T03:27:06Z
,https://gist.github.com/mizchi/9e71569f72187af749adfecea49fb38a,2019-07-10T10:33:04Z
JavaScriptの本を書くときに参考にしてるもの,https://gist.github.com/azu/ec901dcf8043eedc46a0a0b663ccbafa,2019-06-12T13:12:21Z
TweetDeckで特定のアカウントををほぼ完全に自分の視界から遮断する,https://gist.github.com/roodni/c68905c2f69a5b8b91fd556c5266c435,2019-05-23T13:12:13Z
58 bytes of css to look great nearly everywhere,https://gist.github.com/JoeyBurzynski/617fb6201335779f8424ad9528b72c41,2019-04-17T17:46:45Z
dcコマンドで再帰計算,https://gist.github.com/YUUKIToriyama/aa601e7655c9438b5b8dcc7ffc19c70c,2019-04-14T17:21:33Z
yamayaさんの難読化シェル芸(フィボナッチ数列) 解説,https://gist.github.com/greymd/455a13bb6f757c5ccd00bfb155d525e2,2019-04-08T21:24:34Z
tweetdeck スクレイピング,https://gist.github.com/ssig33/e0b16eae6eaeba90fce6353fb7cf998a,2018-09-24T04:55:29Z
TweetDeckをスマホで使いやすくするスクリプト,https://gist.github.com/totoraj930/d1394dadb51d75666a76829f61e7280c,2018-08-15T18:52:09Z
generate all golly non-totalistic rules,https://gist.github.com/tosik/cbc9df02d5a580a89a51fc8b6efd811b,2018-08-14T14:01:24Z
ヒエログリフ変換表,https://gist.github.com/souri-t/3bb9475c2710a55a10e71337d84ce2c3,2018-07-14T12:50:52Z
ニコニコ静画、マンガAPI,https://gist.github.com/7cc/c608fe778defd0357d9d1b75d1956816,2018-05-18T02:29:28Z
Get pbcopy and pbpaste in Arch Linux,https://gist.github.com/aarnone/83ce3b053ace037ada850d13133317f2,2018-05-14T21:06:46Z
WIP: Automating Google Takeout Download,https://gist.github.com/tcurvelo/5ba09230817cca64f283f29e5226e3cc,2018-04-18T00:46:56Z
,https://gist.github.com/tkm2261/9f7dd05f8175479146b52cf8aa6f229a,2018-04-17T11:01:10Z
,https://gist.github.com/na2co3-ftw/722ee0a57b32c365a8ee24bf9e5dcc1d,2018-03-26T03:53:42Z
"URL parts naming. Inspired from web browsers API (new URL(), window.location) and rfc3986.",https://gist.github.com/dmail/54677cc3eae1661813e3a87840666f83,2018-03-16T10:24:47Z
git のブランチを別のブランチへ付け替える (git rebase --onto),https://gist.github.com/hankei6km/4301ebc7e320b987de1f7a5b0acb994a,2018-02-21T03:27:42Z
Creating and Printing a TypeScript AST from Rust,https://gist.github.com/ctaggart/1d2f4b9155de35ee78e566784e336dcb,2017-10-09T15:30:19Z
無料で読めるポール・グレアムの「ハッカーと画家」+αの日本語訳のみのまとめ,https://gist.github.com/sifue/b6506ea6b3f3d3a46a0c3bb885cd5ddf,2017-09-28T12:08:41Z
研究者として生きていくコツ,https://gist.github.com/kaityo256/f56c4998f88eefd82ac5e07d16eda9d3,2017-09-28T01:34:36Z
"Tweetdeckで片思い""⇦""、片思われ""⇨'""、相互フォロー""☺""を名前の先頭に表示するUserScript",https://gist.github.com/nirvash/7df0282fc3befede8acbcd3d573cda66,2017-08-24T06:48:00Z
Undocumented Twitter Account Generate API,https://gist.github.com/5S/431f0d8c9b065a014455e16bdfab99b2,2017-02-02T10:03:08Z
Markdown記法 チートシート,https://gist.github.com/mignonstyle/083c9e1651d7734f84c99b8cf49d57fa,2016-09-28T14:29:36Z
"[es6]research on ES6 `Proxy` ",https://gist.github.com/bellbind/8f33d81458dd454b430d4cd949076b30,2016-09-20T08:04:14Z
"fetch API ",https://gist.github.com/umamichi/1e1f2d48d5e2a85041033619ea44a730,2016-09-08T09:34:16Z
Bookmark parser for the NETSCAPE-Bookmark-file-1 format in node. Don't hesitate to comment with feedback.,https://gist.github.com/devster31/4e8c6548fd16ffb75c02e6f24e27f9b9,2016-07-26T21:05:35Z
,https://gist.github.com/gcchaan/02f4746a323acac4095c30e0783a3912,2016-07-26T07:53:33Z
[転載] gitにおけるコミットログ/メッセージ例文集100,https://gist.github.com/mono0926/e6ffd032c384ee4c1cef5a2aa4f778d7,2016-07-26T01:15:24Z
いろいろな標準形,https://gist.github.com/qnighy/8bab5da1b626156eb69ede1fc66bfd86,2016-05-26T04:52:31Z
GitHubの基本操作や用語、便利な機能などをまとめたドキュメントです。,https://gist.github.com/manabuyasuda/f449b313970c7a51b655,2016-01-27T14:11:49Z
Twitter API with Curl,https://gist.github.com/apolloclark/2d4f6362f31666c1c81f,2015-12-21T21:00:12Z
JavaScriptのレベル別書籍のまとめ,https://gist.github.com/azu/027859e08e284cb8dfe7,2015-12-17T07:30:31Z
フロントエンドを楽にするために,https://gist.github.com/mizchi/757776f685805a1fddc5,2015-03-21T06:26:00Z
Twitterの検索API & Twitterでの検索術,https://gist.github.com/cucmberium/e687e88565b6a9ca7039,2015-02-25T02:54:25Z
Gistの使い方のメモ,https://gist.github.com/t-nissie/9580883,2014-03-16T09:51:35Z
,https://gist.github.com/rigibun/7905920,2013-12-11T06:32:19Z
Quantum Shogi Program in Haskell,https://gist.github.com/chiral/7295637,2013-11-03T22:30:22Z
Have a WARC that you would like to upload to the Internet Archive so that it can eventually be included in their Wayback Machine?  Here's how to upload it from the command line.,https://gist.github.com/Asparagirl/6206247,2013-08-11T18:33:49Z
A script to download all of a user's tweets into a csv,https://gist.github.com/yanofsky/5436496,2013-04-22T16:28:13Z
OAuth 対応 Twitter クライアント作成メモ,https://gist.github.com/0mg/5276918,2013-03-30T14:32:24Z
攻撃者が生パスワードまず復元できないだろという状況でも全ユーザーのパスワードリセットしたほうが良い10の理由,https://gist.github.com/mala/5108900,2013-03-07T15:38:08Z
wgetで一括ダウンロード,https://gist.github.com/naokazuterada/4680720,2013-01-31T06:14:27Z
"VBAマクロ向け関数。GenderEstimate。漢字の名前とふりがなから、性別を推定する関数
",https://gist.github.com/lunark/4344906,2012-12-20T11:59:41Z
Twitter公式/非公式クライアントのコンシューマキー,https://gist.github.com/uhfx/3922268,2012-10-20T06:15:23Z
太一のコードの読み方メモ,https://gist.github.com/taichi/2693387,2012-05-14T11:12:55Z
Tiny RayTracing Postscript,https://gist.github.com/grkvlt/2651230,2012-05-10T05:29:53Z